OBJECTID,STATEFP,COUNTYFP,COUNTYNS,GEOID,NAME,NAMELSAD,ALAND,AWATER,STATE_NAME
1,31,039,00835841,31039,Cuming,Cuming County,1477645345,10690204,Nebraska
2,53,069,01513275,53069,Wahkiakum,Wahkiakum County,680976231,61568965,Washington
3,35,011,00933054,35011,De Baca,De Baca County,6016818946,29090018,New Mexico
4,31,109,00835876,31109,Lancaster,Lancaster County,2169272970,22847034,Nebraska
5,31,129,00835886,31129,Nuckolls,Nuckolls County,1489645185,1718484,Nebraska
6,72,085,01804523,72085,Las Piedras,Las Piedras Municipio,87748418,32509,Puerto Rico
7,46,099,01265772,46099,Minnehaha,Minnehaha County,2089701444,18188795,South Dakota
8,48,327,01383949,48327,Menard,Menard County,2336237980,613559,Texas
9,06,091,00277310,06091,Sierra,Sierra County,2468694582,23299110,California
10,21,053,00516873,21053,Clinton,Clinton County,510875757,21152699,Kentucky
11,39,063,01074044,39063,Hancock,Hancock County,1376124980,6021322,Ohio
12,48,189,01383880,48189,Hale,Hale County,2602109423,246678,Texas
13,01,027,00161539,01027,Clay,Clay County,1564255426,5281616,Alabama
14,48,011,01383791,48011,Armstrong,Armstrong County,2354617585,12183672,Texas
15,39,003,01074015,39003,Allen,Allen County,1042587389,11152061,Ohio
16,13,189,00348794,13189,McDuffie,McDuffie County,666590014,23114032,Georgia
17,55,111,01581115,55111,Sauk,Sauk County,2153686013,45692969,Wisconsin
18,05,137,00069902,05137,Stone,Stone County,1570673294,8145444,Arkansas
19,41,063,01155135,41063,Wallowa,Wallowa County,8147835333,14191752,Oregon
20,42,007,01214112,42007,Beaver,Beaver County,1125854819,24162295,Pennsylvania
21,28,061,00695754,28061,Jasper,Jasper County,1751636189,3130850,Mississippi
22,29,083,00758496,29083,Henry,Henry County,1805054746,91657543,Missouri
23,08,109,00198170,08109,Saguache,Saguache County,8206547699,4454510,Colorado
24,37,037,01008544,37037,Chatham,Chatham County,1765540362,70582736,North Carolina
25,49,033,01448030,49033,Rich,Rich County,2664701007,149106483,Utah
26,40,001,01101788,40001,Adair,Adair County,1486337778,8872711,Oklahoma
27,39,085,01074055,39085,Lake,Lake County,593807529,1942301385,Ohio
28,51,775,01789074,51775,Salem,Salem city,37593968,275156,Virginia
29,51,121,01674630,51121,Montgomery,Montgomery County,1001929082,6282286,Virginia
30,47,065,01639749,47065,Hamilton,Hamilton County,1404197532,86784458,Tennessee
31,35,035,00929104,35035,Otero,Otero County,17126455954,36944199,New Mexico
32,35,003,00929108,35003,Catron,Catron County,17933561654,14193499,New Mexico
33,01,091,00161572,01091,Marengo,Marengo County,2530155136,14951685,Alabama
34,56,023,01605076,56023,Lincoln,Lincoln County,10555073814,49947312,Wyoming
35,29,011,00758460,29011,Barton,Barton County,1533351028,12152201,Missouri
36,48,057,01383814,48057,Calhoun,Calhoun County,1312960774,1361631001,Texas
37,51,735,01498436,51735,Poquoson,Poquoson city,39773690,163429842,Virginia
38,54,075,01550044,54075,Pocahontas,Pocahontas County,2435206742,4094092,West Virginia
39,48,077,01383824,48077,Clay,Clay County,2819871858,72506860,Texas
40,51,095,01480135,51095,James City,James City County,368550683,95239463,Virginia
41,31,101,00835872,31101,Keith,Keith County,2749903240,124629167,Nebraska
42,31,137,00835890,31137,Phelps,Phelps County,1398048634,1646526,Nebraska
43,22,019,00558468,22019,Calcasieu,Calcasieu Parish,2755960140,77912357,Louisiana
44,22,111,00559528,22111,Union,Union Parish,2271159651,73649840,Louisiana
45,40,135,01101855,40135,Sequoyah,Sequoyah County,1744516972,105109943,Oklahoma
46,01,049,00161550,01049,DeKalb,DeKalb County,2012620262,4107136,Alabama
47,36,101,00974148,36101,Steuben,Steuben County,3601398422,35039875,New York
48,42,053,01213669,42053,Forest,Forest County,1106595595,8369675,Pennsylvania
49,22,105,00559500,22105,Tangipahoa,Tangipahoa Parish,2049124443,136690438,Louisiana
50,51,179,01480173,51179,Stafford,Stafford County,697237751,28087427,Virginia
51,26,109,01622997,26109,Menominee,Menominee County,2704053652,761798359,Michigan
52,18,073,00450494,18073,Jasper,Jasper County,1449563749,4428654,Indiana
53,13,025,00351605,13025,Brantley,Brantley County,1147972258,10291563,Georgia
54,13,171,00326713,13171,Lamar,Lamar County,475264404,6044329,Georgia
55,18,151,00450390,18151,Steuben,Steuben County,799737112,35446879,Indiana
56,48,361,01383966,48361,Orange,Orange County,864501044,118476459,Texas
57,39,047,01074036,39047,Fayette,Fayette County,1052469885,1694038,Ohio
58,25,015,00606934,25015,Hampshire,Hampshire County,1365533877,46623894,Massachusetts
59,21,003,00516848,21003,Allen,Allen County,891838778,19482100,Kentucky
60,37,001,01008531,37001,Alamance,Alamance County,1096736059,27940532,North Carolina
61,20,073,00485003,20073,Greenwood,Greenwood County,2961143636,24145021,Kansas
62,25,025,00606939,25025,Suffolk,Suffolk County,150875411,160499488,Massachusetts
63,16,051,00399751,16051,Jefferson,Jefferson County,2832619466,31166194,Idaho
64,48,177,01383874,48177,Gonzales,Gonzales County,2762704862,8204086,Texas
65,47,115,01639770,47115,Marion,Marion County,1290472798,36484703,Tennessee
66,26,007,01622946,26007,Alpena,Alpena County,1481205162,2908633230,Michigan
67,21,231,00516962,21231,Wayne,Wayne County,1186690752,67283816,Kentucky
68,47,185,01639800,47185,White,White County,975592109,7113368,Tennessee
69,48,147,01383859,48147,Fannin,Fannin County,2307251052,20847065,Texas
70,20,043,00484991,20043,Doniphan,Doniphan County,1019105691,12424174,Kansas
71,48,265,01383918,48265,Kerr,Kerr County,2857617603,10231764,Texas
72,12,053,00295751,12053,Hernando,Hernando County,1224975804,627928028,Florida
73,12,129,00306912,12129,Wakulla,Wakulla County,1570615734,804111188,Florida
74,12,131,00295727,12131,Walton,Walton County,2689161751,961293452,Florida
75,28,017,00695733,28017,Chickasaw,Chickasaw County,1299608408,6380767,Mississippi
76,02,130,01419973,02130,Ketchikan Gateway,Ketchikan Gateway Borough,12579389790,4651604394,Alaska
77,26,035,01622960,26035,Clare,Clare County,1461703751,28496979,Michigan
78,20,157,00485042,20157,Republic,Republic County,1857998463,7951912,Kansas
79,12,127,00306921,12127,Volusia,Volusia County,2852382099,857613983,Florida
80,40,017,01101796,40017,Canadian,Canadian County,2322112746,23146755,Oklahoma
81,72,115,01804538,72115,Quebradillas,Quebradillas Municipio,58747704,30224116,Puerto Rico
82,78,030,02378250,78030,St. Thomas,St. Thomas Island,81108879,717920922,Virgin Islands
83,13,115,00353665,13115,Floyd,Floyd County,1320404594,22414013,Georgia
84,32,001,00858638,32001,Churchill,Churchill County,12820847811,190742991,Nevada
85,31,181,00835912,31181,Webster,Webster County,1489017943,337241,Nebraska
86,17,067,00424235,17067,Hancock,Hancock County,2055798695,53563360,Illinois
87,46,067,01265771,46067,Hutchinson,Hutchinson County,2105694667,3644220,South Dakota
88,41,013,01155128,41013,Crook,Crook County,7715390857,21004473,Oregon
89,50,011,01461762,50011,Franklin,Franklin County,1634178630,150732873,Vermont
90,26,103,01622994,26103,Marquette,Marquette County,4685420988,4185337774,Michigan
91,09,007,00212797,09007,Middlesex,Middlesex County,956493753,180679141,Connecticut
92,37,057,01008548,37057,Davidson,Davidson County,1432728609,37604804,North Carolina
93,17,025,00424214,17025,Clay,Clay County,1213023039,3064499,Illinois
94,29,103,00758506,29103,Knox,Knox County,1305376625,7307094,Missouri
95,29,117,00758513,29117,Livingston,Livingston County,1378657549,16187907,Missouri
96,42,117,01209189,42117,Tioga,Tioga County,2936765818,8279717,Pennsylvania
97,31,043,00835843,31043,Dakota,Dakota County,684472104,8143818,Nebraska
98,26,089,01622987,26089,Leelanau,Leelanau County,899241892,5659105321,Michigan
99,51,181,01480174,51181,Surry,Surry County,722475752,81216905,Virginia
100,48,391,01383981,48391,Refugio,Refugio County,1995545557,123688759,Texas
101,39,017,01074021,39017,Butler,Butler County,1208290720,9175913,Ohio
102,13,273,00352238,13273,Terrell,Terrell County,869695791,4951325,Georgia
103,13,063,01672399,13063,Clayton,Clayton County,366879097,6962586,Georgia
104,56,013,01605072,56013,Fremont,Fremont County,23785388835,212768588,Wyoming
105,18,115,00450378,18115,Ohio,Ohio County,223126824,3369528,Indiana
106,13,073,00348865,13073,Columbia,Columbia County,751598753,45345677,Georgia
107,08,115,00198173,08115,Sedgwick,Sedgwick County,1419419015,3530746,Colorado
108,30,065,01719593,30065,Musselshell,Musselshell County,4840577746,7118682,Montana
109,42,043,01213667,42043,Dauphin,Dauphin County,1359407363,86209037,Pennsylvania
110,46,101,01265775,46101,Moody,Moody County,1345185721,3690537,South Dakota
111,54,079,01550046,54079,Putnam,Putnam County,895303696,12225557,West Virginia
112,34,037,00882236,34037,Sussex,Sussex County,1343330731,43707483,New Jersey
113,20,039,00484989,20039,Decatur,Decatur County,2314199333,1631670,Kansas
114,18,123,00451682,18123,Perry,Perry County,988702369,11837413,Indiana
115,28,145,00695793,28145,Union,Union County,1076417818,3369003,Mississippi
116,31,015,00835829,31015,Boyd,Boyd County,1398424239,11893569,Nebraska
117,27,095,00659493,27095,Mille Lacs,Mille Lacs County,1482264579,282932408,Minnesota
118,38,099,01034214,38099,Walsh,Walsh County,3319346393,32181392,North Dakota
119,39,115,01074070,39115,Morgan,Morgan County,1078538282,13868572,Ohio
120,39,133,01074079,39133,Portage,Portage County,1262372713,43125087,Ohio
121,56,041,01605084,56041,Uinta,Uinta County,5391631765,16625817,Wyoming
122,32,013,00863310,32013,Humboldt,Humboldt County,24969535441,44194837,Nevada
123,48,247,01383909,48247,Jim Hogg,Jim Hogg County,2942674729,92565,Texas
124,08,017,00198124,08017,Cheyenne,Cheyenne County,4605713960,8166129,Colorado
125,41,005,01155127,41005,Clackamas,Clackamas County,4845042011,31861237,Oregon
126,05,113,00069175,05113,Polk,Polk County,2219200782,12520929,Arkansas
127,13,193,00346957,13193,Macon,Macon County,1037709945,13841916,Georgia
128,18,007,00450403,18007,Benton,Benton County,1052616458,236033,Indiana
129,47,129,01639778,47129,Morgan,Morgan County,1352439680,823018,Tennessee
130,46,043,01266978,46043,Douglas,Douglas County,1118358780,4832944,South Dakota
131,24,047,01668802,24047,Worcester,Worcester County,1213156434,586531107,Maryland
132,17,185,00424293,17185,Wabash,Wabash County,578403995,10973569,Illinois
133,18,069,00450361,18069,Huntington,Huntington County,991062905,13127495,Indiana
134,21,209,00516951,21209,Scott,Scott County,729775496,9439750,Kentucky
135,19,053,00465215,19053,Decatur,Decatur County,1377569408,4138626,Iowa
136,18,169,00450399,18169,Wabash,Wabash County,1068471112,21851091,Indiana
137,18,003,00450402,18003,Allen,Allen County,1702400299,7053646,Indiana
138,18,099,00450372,18099,Marshall,Marshall County,1148969991,15858580,Indiana
139,31,171,00835907,31171,Thomas,Thomas County,1845564903,2028433,Nebraska
140,38,085,01034208,38085,Sioux,Sioux County,2833580511,88449896,North Dakota
141,48,127,01383849,48127,Dimmit,Dimmit County,3441795903,14575999,Texas
142,27,045,00659468,27045,Fillmore,Fillmore County,2230843182,2055817,Minnesota
143,45,023,01247988,45023,Chester,Chester County,1503905790,14249301,South Carolina
144,27,073,00659482,27073,Lac qui Parle,Lac qui Parle County,1981395022,33648339,Minnesota
145,49,005,01448017,49005,Cache,Cache County,3016627500,21097698,Utah
146,55,093,01581107,55093,Pierce,Pierce County,1486700521,48452323,Wisconsin
147,13,049,00357747,13049,Charlton,Charlton County,2020415648,5963237,Georgia
148,13,233,00343585,13233,Polk,Polk County,803767094,4673256,Georgia
149,17,113,01784833,17113,McLean,McLean County,3064597291,7804856,Illinois
150,23,001,00581286,23001,Androscoggin,Androscoggin County,1211993472,75543630,Maine
151,16,055,00395661,16055,Kootenai,Kootenai County,3205837532,184443859,Idaho
152,32,003,00863600,32003,Clark,Clark County,20439308565,438384090,Nevada
153,20,147,00485037,20147,Phillips,Phillips County,2294395636,22493383,Kansas
154,31,089,00835866,31089,Holt,Holt County,6248078947,13204331,Nebraska
155,29,101,00758505,29101,Johnson,Johnson County,2147776085,10180467,Missouri
156,55,063,01581091,55063,La Crosse,La Crosse County,1170175008,73150469,Wisconsin
157,22,021,00558477,22021,Caldwell,Caldwell Parish,1372098436,29104196,Louisiana
158,21,061,00516877,21061,Edmonson,Edmonson County,784468401,13258105,Kentucky
159,17,005,00424204,17005,Bond,Bond County,985065094,6462629,Illinois
160,17,009,00424206,17009,Brown,Brown County,791828626,4144346,Illinois
161,27,085,00659491,27085,McLeod,McLeod County,1273004835,36432583,Minnesota
162,55,033,01581076,55033,Dunn,Dunn County,2201902840,35572613,Wisconsin
163,08,027,00198129,08027,Custer,Custer County,1913031975,3364150,Colorado
164,29,123,00758515,29123,Madison,Madison County,1280454067,8322301,Missouri
165,48,353,01383962,48353,Nolan,Nolan County,2362061742,5052159,Texas
166,42,127,01213692,42127,Wayne,Wayne County,1879734030,64785676,Pennsylvania
167,36,091,00974143,36091,Saratoga,Saratoga County,2097812305,87488004,New York
168,48,041,01383806,48041,Brazos,Brazos County,1518090938,13210254,Texas
169,40,095,01101832,40095,Marshall,Marshall County,962153982,143719930,Oklahoma
170,24,001,01713506,24001,Allegany,Allegany County,1093489884,14710932,Maryland
171,54,103,01717836,54103,Wetzel,Wetzel County,927389119,8449879,West Virginia
172,55,053,01581086,55053,Jackson,Jackson County,2558687755,32538316,Wisconsin
173,41,007,01135846,41007,Clatsop,Clatsop County,2144846710,661654767,Oregon
174,53,041,01531927,53041,Lewis,Lewis County,6223175362,86929744,Washington
175,36,003,00974100,36003,Allegany,Allegany County,2666225086,12989848,New York
176,19,031,00465205,19031,Cedar,Cedar County,1500798731,6385833,Iowa
177,18,117,00451681,18117,Orange,Orange County,1031795759,25416479,Indiana
178,13,089,01687424,13089,DeKalb,DeKalb County,693443927,8858826,Georgia
179,13,227,01673011,13227,Pickens,Pickens County,601031041,1690669,Georgia
180,30,015,01719619,30015,Chouteau,Chouteau County,10288778621,62611691,Montana
181,31,017,00835830,31017,Brown,Brown County,3163296263,9814399,Nebraska
182,47,013,01639728,47013,Campbell,Campbell County,1243685304,46425147,Tennessee
183,37,069,01008553,37069,Franklin,Franklin County,1273761673,7173998,North Carolina
184,24,510,01702381,24510,Baltimore,Baltimore city,209649327,28758743,Maryland
185,20,111,00485020,20111,Lyon,Lyon County,2194958222,20561825,Kansas
186,19,027,00465203,19027,Carroll,Carroll County,1474877210,2145349,Iowa
187,22,107,00559509,22107,Tensas,Tensas Parish,1561795836,99432220,Louisiana
188,47,123,01639776,47123,Monroe,Monroe County,1646647004,43545177,Tennessee
189,20,075,00485327,20075,Hamilton,Hamilton County,2580958328,2893322,Kansas
190,19,151,00465264,19151,Pocahontas,Pocahontas County,1495047211,3666528,Iowa
191,16,045,00395442,16045,Gem,Gem County,1449796224,12491930,Idaho
192,05,063,00069163,05063,Independence,Independence County,1978003740,20251226,Arkansas
193,05,085,00069164,05085,Lonoke,Lonoke County,1998042333,82719024,Arkansas
194,18,111,00450376,18111,Newton,Newton County,1040539827,4349506,Indiana
195,13,119,00349324,13119,Franklin,Franklin County,676893233,12732649,Georgia
196,12,051,00307626,12051,Hendry,Hendry County,2993896406,86578552,Florida
197,13,265,00347654,13265,Taliaferro,Taliaferro County,504029143,1917633,Georgia
198,48,245,01383908,48245,Jefferson,Jefferson County,2270802079,610951820,Texas
199,30,059,01719600,30059,Meagher,Meagher County,6194909925,7475979,Montana
200,08,067,00198148,08067,La Plata,La Plata County,4376255277,25642579,Colorado
201,48,027,01383799,48027,Bell,Bell County,2729408790,94385005,Texas
202,28,069,00695758,28069,Kemper,Kemper County,1984403150,2182350,Mississippi
203,05,019,00066845,05019,Clark,Clark County,2242855171,43965580,Arkansas
204,41,035,01155134,41035,Klamath,Klamath County,15410373389,484953082,Oregon
205,36,075,00974136,36075,Oswego,Oswego County,2464629969,933476017,New York
206,72,105,01804533,72105,Naranjito,Naranjito Municipio,70969173,898340,Puerto Rico
207,01,019,00161535,01019,Cherokee,Cherokee County,1433620850,120310807,Alabama
208,48,019,01383795,48019,Bandera,Bandera County,2048663887,17291422,Texas
209,30,087,01716795,30087,Rosebud,Rosebud County,12971010185,44234227,Montana
210,35,059,00929115,35059,Union,Union County,9906834380,15498790,New Mexico
211,26,153,01623017,26153,Schoolcraft,Schoolcraft County,3035145671,1844210517,Michigan
212,36,111,00974153,36111,Ulster,Ulster County,2911757764,94596811,New York
213,34,007,00882273,34007,Camden,Camden County,573325497,15688953,New Jersey
214,17,083,00424243,17083,Jersey,Jersey County,957143527,20333974,Illinois
215,51,085,01480132,51085,Hanover,Hanover County,1211090756,12702538,Virginia
216,20,199,00485060,20199,Wallace,Wallace County,2366348285,140936,Kansas
217,26,003,01622944,26003,Alger,Alger County,2369927690,10703517569,Michigan
218,05,049,00066854,05049,Fulton,Fulton County,1600705524,6367763,Arkansas
219,48,215,01383893,48215,Hidalgo,Hidalgo County,4068758842,30739605,Texas
220,37,155,01026130,37155,Robeson,Robeson County,2453481924,5076395,North Carolina
221,26,123,01623004,26123,Newaygo,Newaygo County,2172706359,59083043,Michigan
222,41,049,01135860,41049,Morrow,Morrow County,5259046091,44372730,Oregon
223,27,153,00659521,27153,Todd,Todd County,2447791802,89136471,Minnesota
224,05,083,00082850,05083,Logan,Logan County,1836602034,53970569,Arkansas
225,37,109,01008569,37109,Lincoln,Lincoln County,766239897,23350160,North Carolina
226,05,091,00069166,05091,Miller,Miller County,1616257229,36848741,Arkansas
227,12,095,00295750,12095,Orange,Orange County,2338519047,260364621,Florida
228,08,111,00198171,08111,San Juan,San Juan County,1003660672,2035929,Colorado
229,16,041,00395585,16041,Franklin,Franklin County,1717211160,12153472,Idaho
230,13,045,00326650,13045,Carroll,Carroll County,1292752874,12024409,Georgia
231,20,161,00485044,20161,Riley,Riley County,1579077672,32047392,Kansas
232,48,413,01383992,48413,Schleicher,Schleicher County,3394546068,87401,Texas
233,51,167,01497573,51167,Russell,Russell County,1226421378,7549891,Virginia
234,37,027,01008541,37027,Caldwell,Caldwell County,1222184252,7052759,North Carolina
235,16,065,00394803,16065,Madison,Madison County,1215396268,10500951,Idaho
236,18,173,00450335,18173,Warrick,Warrick County,996739079,16078776,Indiana
237,21,001,00516847,21001,Adair,Adair County,1049690986,18403521,Kentucky
238,21,077,00516885,21077,Gallatin,Gallatin County,254761072,16238078,Kentucky
239,21,097,00516895,21097,Harrison,Harrison County,793604330,8981053,Kentucky
240,23,023,00581297,23023,Sagadahoc,Sagadahoc County,657786224,300586843,Maine
241,30,097,01719569,30097,Sweet Grass,Sweet Grass County,4805816391,17455905,Montana
242,48,181,01383876,48181,Grayson,Grayson County,2416016690,120091746,Texas
243,42,059,01214033,42059,Greene,Greene County,1491658046,5296803,Pennsylvania
244,02,188,01419979,02188,Northwest Arctic,Northwest Arctic Borough,92367472817,12837268666,Alaska
245,20,051,00484995,20051,Ellis,Ellis County,2330762295,1197085,Kansas
246,01,065,00161558,01065,Hale,Hale County,1667926655,32403804,Alabama
247,01,105,00161579,01105,Perry,Perry County,1863936200,10902207,Alabama
248,01,033,00161542,01033,Colbert,Colbert County,1535742270,79160396,Alabama
249,20,151,00485039,20151,Pratt,Pratt County,1903740950,1771939,Kansas
250,21,017,00516855,21017,Bourbon,Bourbon County,750439787,4829339,Kentucky
251,47,149,01639787,47149,Rutherford,Rutherford County,1603892832,12406556,Tennessee
252,13,075,00343878,13075,Cook,Cook County,591684405,12308449,Georgia
253,20,101,00485015,20101,Lane,Lane County,1858080220,551220,Kansas
254,40,059,01101817,40059,Harper,Harper County,2689919591,5259447,Oklahoma
255,17,147,00424275,17147,Piatt,Piatt County,1137492089,754122,Illinois
256,48,107,01383839,48107,Crosby,Crosby County,2331503429,3873557,Texas
257,72,053,01804506,72053,Fajardo,Fajardo Municipio,77448650,195352769,Puerto Rico
258,01,063,00161557,01063,Greene,Greene County,1675782057,33416141,Alabama
259,16,033,00399755,16033,Clark,Clark County,4566524477,2476453,Idaho
260,19,109,00465243,19109,Kossuth,Kossuth County,2519361810,4125592,Iowa
261,72,151,01804556,72151,Yabucoa,Yabucoa Municipio,143005188,72592515,Puerto Rico
262,38,013,01034235,38013,Burke,Burke County,2858360401,65734594,North Dakota
263,37,063,01008550,37063,Durham,Durham County,742303736,29156730,North Carolina
264,19,085,00465231,19085,Harrison,Harrison County,1804896270,12325506,Iowa
265,31,103,00835873,31103,Keya Paha,Keya Paha County,2002257565,2192458,Nebraska
266,19,187,00465282,19187,Webster,Webster County,1853670894,7269394,Iowa
267,17,151,00424277,17151,Pope,Pope County,955362037,14662240,Illinois
268,47,159,01639791,47159,Smith,Smith County,814020543,28690306,Tennessee
269,51,089,01502770,51089,Henry,Henry County,990284625,5269785,Virginia
270,51,510,01498415,51510,Alexandria,Alexandria city,38682337,1069028,Virginia
271,19,101,00465239,19101,Jefferson,Jefferson County,1128002393,3522238,Iowa
272,30,049,00793926,30049,Lewis and Clark,Lewis and Clark County,8957164728,101496096,Montana
273,49,013,01448021,49013,Duchesne,Duchesne County,8379502801,38797805,Utah
274,40,003,01101789,40003,Alfalfa,Alfalfa County,2244392662,38546676,Oklahoma
275,48,119,01383846,48119,Delta,Delta County,665192108,54648180,Texas
276,47,169,01648581,47169,Trousdale,Trousdale County,296143586,5960709,Tennessee
277,21,193,00516943,21193,Perry,Perry County,879825760,7528447,Kentucky
278,46,039,01265781,46039,Deuel,Deuel County,1612885711,35935421,South Dakota
279,41,029,01135853,41029,Jackson,Jackson County,7208589509,46774848,Oregon
280,72,067,01804514,72067,Hormigueros,Hormigueros Municipio,29384892,481,Puerto Rico
281,48,507,01384039,48507,Zavala,Zavala County,3360268878,11208707,Texas
282,31,007,00835826,31007,Banner,Banner County,1932231568,392073,Nebraska
283,19,121,00465249,19121,Madison,Madison County,1452999050,2983840,Iowa
284,12,011,00295753,12011,Broward,Broward County,3115343227,273469971,Florida
285,13,279,00345220,13279,Toombs,Toombs County,942788867,18076118,Georgia
286,26,151,01623016,26151,Sanilac,Sanilac County,2493048510,1624879474,Michigan
287,48,397,01383984,48397,Rockwall,Rockwall County,329464269,56269481,Texas
288,26,163,01623022,26163,Wayne,Wayne County,1584700910,157700644,Michigan
289,27,105,00659498,27105,Nobles,Nobles County,1852143783,19253011,Minnesota
290,27,001,00663198,27001,Aitkin,Aitkin County,4717323601,449370012,Minnesota
291,38,071,01034215,38071,Ramsey,Ramsey County,3070086478,299504065,North Dakota
292,37,145,01008577,37145,Person,Person County,1016154889,31205409,North Carolina
293,20,195,00485058,20195,Trego,Trego County,2303727352,26281951,Kansas
294,28,151,00695796,28151,Washington,Washington County,1875077589,94257003,Mississippi
295,48,133,01383852,48133,Eastland,Eastland County,2399644791,14002299,Texas
296,28,055,00695751,28055,Issaquena,Issaquena County,1069614257,73664788,Mississippi
297,48,123,01383844,48123,DeWitt,DeWitt County,2354237965,3919919,Texas
298,48,005,01383788,48005,Angelina,Angelina County,2066460812,173300091,Texas
299,45,081,01248016,45081,Saluda,Saluda County,1172525912,23102511,South Carolina
300,29,125,00758516,29125,Maries,Maries County,1364873607,7632374,Missouri
301,05,001,00063755,05001,Arkansas,Arkansas County,2569632263,120698185,Arkansas
302,29,109,00758509,29109,Lawrence,Lawrence County,1584393361,4247256,Missouri
303,51,540,01789068,51540,Charlottesville,Charlottesville city,26534611,46120,Virginia
304,17,011,00424207,17011,Bureau,Bureau County,2250884554,11523914,Illinois
305,39,145,01074085,39145,Scioto,Scioto County,1580267231,16098454,Ohio
306,37,115,01025834,37115,Madison,Madison County,1164498325,4840167,North Carolina
307,16,053,00395662,16053,Jerome,Jerome County,1547629731,12908802,Idaho
308,39,163,01074093,39163,Vinton,Vinton County,1068008168,6781751,Ohio
309,48,309,01383946,48309,McLennan,McLennan County,2684924496,61092093,Texas
310,16,037,00399758,16037,Custer,Custer County,12748378765,42527190,Idaho
311,19,089,00465233,19089,Howard,Howard County,1225702841,931480,Iowa
312,12,099,00295761,12099,Palm Beach,Palm Beach County,5087510102,1084950939,Florida
313,13,181,01688000,13181,Lincoln,Lincoln County,544884775,121513274,Georgia
314,01,013,00161532,01013,Butler,Butler County,2012002546,2701199,Alabama
315,47,165,01639794,47165,Sumner,Sumner County,1371293555,35631266,Tennessee
316,51,097,01480136,51097,King and Queen,King and Queen County,816232787,28929275,Virginia
317,05,015,00066975,05015,Carroll,Carroll County,1631531435,22705630,Arkansas
318,51,820,01498443,51820,Waynesboro,Waynesboro city,38771593,364644,Virginia
319,02,220,01419981,02220,Sitka,Sitka City and Borough,7433415763,5037747535,Alaska
320,41,051,01135861,41051,Multnomah,Multnomah County,1116611406,88173924,Oregon
321,47,061,01639748,47061,Grundy,Grundy County,933545794,1755421,Tennessee
322,27,057,00659474,27057,Hubbard,Hubbard County,2398345766,190324762,Minnesota
323,38,081,01035303,38081,Sargent,Sargent County,2223461620,21731925,North Dakota
324,36,089,00977309,36089,St. Lawrence,St. Lawrence County,6939601205,367206795,New York
325,29,179,00758544,29179,Reynolds,Reynolds County,2093946390,15373678,Missouri
326,06,067,00277298,06067,Sacramento,Sacramento County,2500045887,75340560,California
327,39,125,01074075,39125,Paulding,Paulding County,1078561237,6245396,Ohio
328,18,179,00450337,18179,Wells,Wells County,953341275,5596377,Indiana
329,51,063,01494354,51063,Floyd,Floyd County,986585628,2190752,Virginia
330,06,083,00277306,06083,Santa Barbara,Santa Barbara County,7080860229,2729213507,California
331,54,005,01550009,54005,Boone,Boone County,1298967362,4305989,West Virginia
332,28,009,00695729,28009,Benton,Benton County,1053131418,5279184,Mississippi
333,21,055,00516874,21055,Crittenden,Crittenden County,932300423,29349959,Kentucky
334,19,147,00465262,19147,Palo Alto,Palo Alto County,1460400553,14428727,Iowa
335,19,159,00465268,19159,Ringgold,Ringgold County,1386932347,8723135,Iowa
336,37,151,01008580,37151,Randolph,Randolph County,2026237917,19758154,North Carolina
337,24,015,00596115,24015,Cecil,Cecil County,896912533,185281256,Maryland
338,18,171,00450400,18171,Warren,Warren County,944543938,4442757,Indiana
339,31,077,00835860,31077,Greeley,Greeley County,1475804204,2188872,Nebraska
340,31,095,00835869,31095,Jefferson,Jefferson County,1476754309,14214254,Nebraska
341,31,151,00835897,31151,Saline,Saline County,1486812315,5821039,Nebraska
342,21,119,00516906,21119,Knott,Knott County,910427582,3453303,Kentucky
343,19,045,00465211,19045,Clinton,Clinton County,1799934695,39410955,Iowa
344,27,063,00659477,27063,Jackson,Jackson County,1820689892,42120424,Minnesota
345,27,039,00659465,27039,Dodge,Dodge County,1137734301,800218,Minnesota
346,27,047,00659469,27047,Freeborn,Freeborn County,1831756446,39305226,Minnesota
347,06,009,01675885,06009,Calaveras,Calaveras County,2641837359,43789489,California
348,25,001,00606927,25001,Barnstable,Barnstable County,1021007945,2360328047,Massachusetts
349,51,119,01480147,51119,Middlesex,Middlesex County,337554148,208310589,Virginia
350,42,065,01213674,42065,Jefferson,Jefferson County,1689799787,11306232,Pennsylvania
351,18,089,00450495,18089,Lake,Lake County,1291957607,331002858,Indiana
352,47,003,01639723,47003,Bedford,Bedford County,1226719748,2980759,Tennessee
353,47,027,01648573,47027,Clay,Clay County,612626871,59070611,Tennessee
354,17,029,00424216,17029,Coles,Coles County,1316418028,4650074,Illinois
355,47,097,01639763,47097,Lauderdale,Lauderdale County,1222203226,80251266,Tennessee
356,41,001,01135845,41001,Baker,Baker County,7945996788,51832631,Oregon
357,36,097,00974146,36097,Schuyler,Schuyler County,850405403,36246373,New York
358,26,159,01623020,26159,Van Buren,Van Buren County,1574177246,1248660328,Michigan
359,17,131,01784750,17131,Mercer,Mercer County,1453604391,19411909,Illinois
360,21,127,00516910,21127,Lawrence,Lawrence County,1076387821,11582520,Kentucky
361,21,175,00516934,21175,Morgan,Morgan County,987114235,6889951,Kentucky
362,21,177,00516935,21177,Muhlenberg,Muhlenberg County,1210451479,31188648,Kentucky
363,17,049,00424226,17049,Effingham,Effingham County,1240005909,3174583,Illinois
364,47,105,01639767,47105,Loudon,Loudon County,593811372,46869994,Tennessee
365,46,025,01266985,46025,Clark,Clark County,2479944305,25864874,South Dakota
366,15,003,00365281,15003,Honolulu,Honolulu County,1555612626,4054877012,Hawaii
367,12,041,00303633,12041,Gilchrist,Gilchrist County,905705571,14362143,Florida
368,18,157,00450393,18157,Tippecanoe,Tippecanoe County,1292163450,11230872,Indiana
369,42,109,01213686,42109,Snyder,Snyder County,851547199,7158854,Pennsylvania
370,48,277,01383925,48277,Lamar,Lamar County,2349976646,66748710,Texas
371,12,086,00295755,12086,Miami-Dade,Miami-Dade County,4920741927,1267570928,Florida
372,31,057,00835850,31057,Dundy,Dundy County,2381956204,3046331,Nebraska
373,48,289,01383930,48289,Leon,Leon County,2779462026,19328383,Texas
374,08,097,00198164,08097,Pitkin,Pitkin County,2514104904,6472577,Colorado
375,38,035,01034218,38035,Grand Forks,Grand Forks County,3719806624,8267352,North Dakota
376,18,091,00450507,18091,LaPorte,LaPorte County,1549555243,38779440,Indiana
377,18,057,00450356,18057,Hamilton,Hamilton County,1021440617,20943533,Indiana
378,51,595,01498422,51595,Emporia,Emporia city,17881071,165621,Virginia
379,40,081,01101828,40081,Lincoln,Lincoln County,2466634961,34717863,Oklahoma
380,20,071,00485002,20071,Greeley,Greeley County,2016057907,0,Kansas
381,13,145,00326700,13145,Harris,Harris County,1201258333,23693367,Georgia
382,13,251,00350204,13251,Screven,Screven County,1672668617,26023811,Georgia
383,72,127,01804544,72127,San Juan,San Juan Municipio,124029902,75277895,Puerto Rico
384,48,433,01384002,48433,Stonewall,Stonewall County,2373238700,10177387,Texas
385,39,069,01074047,39069,Henry,Henry County,1077461417,9687647,Ohio
386,33,009,00873178,33009,Grafton,Grafton County,4425249894,106463952,New Hampshire
387,29,145,00758527,29145,Newton,Newton County,1618106506,4715004,Missouri
388,18,129,00450383,18129,Posey,Posey County,1060302147,26505383,Indiana
389,48,311,01383947,48311,McMullen,McMullen County,2952066567,43985124,Texas
390,17,035,00424219,17035,Cumberland,Cumberland County,895989975,2538006,Illinois
391,13,297,00351264,13297,Walton,Walton County,846461358,8234412,Georgia
392,27,121,00659506,27121,Pope,Pope County,1734089839,123219751,Minnesota
393,51,157,01673976,51157,Rappahannock,Rappahannock County,689900922,2142396,Virginia
394,51,009,01480095,51009,Amherst,Amherst County,1227554631,12898694,Virginia
395,06,111,00277320,06111,Ventura,Ventura County,4767622161,947345735,California
396,17,033,00424218,17033,Crawford,Crawford County,1149031260,5744821,Illinois
397,08,093,00198162,08093,Park,Park County,5681165604,43519329,Colorado
398,06,037,00277283,06037,Los Angeles,Los Angeles County,10513508620,1787475204,California
399,04,027,00023901,04027,Yuma,Yuma County,14280774791,13253159,Arizona
400,13,129,00356672,13129,Gordon,Gordon County,923182600,5729235,Georgia
401,19,025,00465202,19025,Calhoun,Calhoun County,1475894578,5873827,Iowa
402,12,055,00295756,12055,Highlands,Highlands County,2635726554,230667878,Florida
403,51,580,01789069,51580,Covington,Covington city,14163842,521492,Virginia
404,50,017,01461765,50017,Orange,Orange County,1779343340,12005265,Vermont
405,20,113,00485021,20113,McPherson,McPherson County,2326547430,6003328,Kansas
406,04,021,00025447,04021,Pinal,Pinal County,13899612888,20747424,Arizona
407,39,051,01074038,39051,Fulton,Fulton County,1050103237,4586248,Ohio
408,08,003,00198117,08003,Alamosa,Alamosa County,1871643028,1670455,Colorado
409,12,017,00295752,12017,Citrus,Citrus County,1507163436,981145546,Florida
410,72,049,01804504,72049,Culebra,Culebra Municipio,30161189,407112670,Puerto Rico
411,72,051,01804505,72051,Dorado,Dorado Municipio,59869071,79239770,Puerto Rico
412,47,041,01639738,47041,DeKalb,DeKalb County,788430955,63639368,Tennessee
413,42,031,01210234,42031,Clarion,Clarion County,1556156259,23331583,Pennsylvania
414,46,097,01265777,46097,Miner,Miner County,1476734132,4537900,South Dakota
415,46,073,01265778,46073,Jerauld,Jerauld County,1362677265,16727973,South Dakota
416,18,031,00450345,18031,Decatur,Decatur County,964946132,1955432,Indiana
417,18,037,00451675,18037,Dubois,Dubois County,1106616355,20892926,Indiana
418,51,057,01480118,51057,Essex,Essex County,666494453,74795284,Virginia
419,45,089,01248018,45089,Williamsburg,Williamsburg County,2419477521,7461492,South Carolina
420,36,031,00974114,36031,Essex,Essex County,4646753187,316350562,New York
421,19,195,00465286,19195,Worth,Worth County,1036314929,4709127,Iowa
422,40,063,01101819,40063,Hughes,Hughes County,2083569822,26467409,Oklahoma
423,51,027,01497431,51027,Buchanan,Buchanan County,1302386895,2804450,Virginia
424,51,005,01673675,51005,Alleghany,Alleghany County,1156616591,8162741,Virginia
425,28,087,00695767,28087,Lowndes,Lowndes County,1309105223,28532500,Mississippi
426,18,143,00450386,18143,Scott,Scott County,493140245,6074951,Indiana
427,08,099,00198165,08099,Prowers,Prowers County,4243457240,15317423,Colorado
428,48,435,01384003,48435,Sutton,Sutton County,3765674775,1277066,Texas
429,72,121,01804541,72121,Sabana Grande,Sabana Grande Municipio,94050243,25323,Puerto Rico
430,40,101,01101838,40101,Muskogee,Muskogee County,2099505291,76120773,Oklahoma
431,29,043,00758476,29043,Christian,Christian County,1457206780,3049205,Missouri
432,72,039,01804499,72039,Ciales,Ciales Municipio,172310193,459604,Puerto Rico
433,28,073,00695760,28073,Lamar,Lamar County,1286109795,8871408,Mississippi
434,18,137,00450385,18137,Ripley,Ripley County,1156231104,4243112,Indiana
435,38,057,01034233,38057,Mercer,Mercer County,2700790005,180823535,North Dakota
436,13,147,01687995,13147,Hart,Hart County,601970613,63521436,Georgia
437,22,049,00558592,22049,Jackson,Jackson Parish,1474681465,28647417,Louisiana
438,51,133,01480152,51133,Northumberland,Northumberland County,495805446,243886813,Virginia
439,48,157,01383864,48157,Fort Bend,Fort Bend County,2231925919,60861593,Texas
440,55,047,01581083,55047,Green Lake,Green Lake County,905314776,79202664,Wisconsin
441,30,073,01719587,30073,Pondera,Pondera County,4207608375,43980663,Montana
442,55,127,01581123,55127,Walworth,Walworth County,1438448435,54928965,Wisconsin
443,32,021,00858644,32021,Mineral,Mineral County,9715777470,155864513,Nevada
444,17,057,00424230,17057,Fulton,Fulton County,2242109784,43927375,Illinois
445,36,103,00974149,36103,Suffolk,Suffolk County,2359242298,3787452993,New York
446,18,161,00450395,18161,Union,Union County,417480470,10326625,Indiana
447,29,119,00758518,29119,McDonald,McDonald County,1397155452,520251,Missouri
448,31,157,00835900,31157,Scotts Bluff,Scotts Bluff County,1915576079,15402683,Nebraska
449,35,047,00929114,35047,San Miguel,San Miguel County,12228666259,51380263,New Mexico
450,01,081,00161566,01081,Lee,Lee County,1573526818,21516747,Alabama
451,48,367,01383969,48367,Parker,Parker County,2340624023,16510094,Texas
452,38,021,01035622,38021,Dickey,Dickey County,2930554406,27619632,North Dakota
453,38,003,01034225,38003,Barnes,Barnes County,3863120986,56577967,North Dakota
454,27,143,00659516,27143,Sibley,Sibley County,1525073955,30338002,Minnesota
455,13,293,00346759,13293,Upson,Upson County,837774876,10585407,Georgia
456,06,097,01657246,06097,Sonoma,Sonoma County,4080864785,498081645,California
457,26,033,01622959,26033,Chippewa,Chippewa County,4036515583,2952489040,Michigan
458,16,019,00395407,16019,Bonneville,Bonneville County,4832868277,88859669,Idaho
459,13,013,00356976,13013,Barrow,Barrow County,417082921,4909580,Georgia
460,13,183,00326719,13183,Long,Long County,1037006566,8862019,Georgia
461,48,271,01383921,48271,Kinney,Kinney County,3523765247,11885327,Texas
462,40,115,01101845,40115,Ottawa,Ottawa County,1219410534,35714103,Oklahoma
463,42,033,01209175,42033,Clearfield,Clearfield County,2966379119,23934013,Pennsylvania
464,26,037,01622961,26037,Clinton,Clinton County,1466836593,21279015,Michigan
465,72,133,01804547,72133,Santa Isabel,Santa Isabel Municipio,88182043,111103138,Puerto Rico
466,17,135,01784866,17135,Montgomery,Montgomery County,1822740453,15459874,Illinois
467,28,003,00711755,28003,Alcorn,Alcorn County,1036110409,3408033,Mississippi
468,28,071,00695759,28071,Lafayette,Lafayette County,1636088509,123105438,Mississippi
469,22,043,00558567,22043,Grant,Grant Parish,1665848458,56005520,Louisiana
470,29,005,00758457,29005,Atchison,Atchison County,1417462629,7359186,Missouri
471,17,115,00424256,17115,Macon,Macon County,1503684111,13406665,Illinois
472,26,149,01625034,26149,St. Joseph,St. Joseph County,1296650215,52801735,Michigan
473,17,055,00424229,17055,Franklin,Franklin County,1059109159,58397116,Illinois
474,30,033,01716058,30033,Garfield,Garfield County,12112233250,446864356,Montana
475,31,001,00835823,31001,Adams,Adams County,1458872834,2477681,Nebraska
476,27,109,00659500,27109,Olmsted,Olmsted County,1692589218,3226186,Minnesota
477,34,039,00882235,34039,Union,Union County,266163567,6847407,New Jersey
478,72,139,01804550,72139,Trujillo Alto,Trujillo Alto Municipio,53763401,1615332,Puerto Rico
479,01,097,00161575,01097,Mobile,Mobile County,3184064142,1074011171,Alabama
480,46,087,01265773,46087,McCook,McCook County,1487184881,6895715,South Dakota
481,01,057,00161554,01057,Fayette,Fayette County,1625693254,4330881,Alabama
482,01,017,00161534,01017,Chambers,Chambers County,1545085601,16971700,Alabama
483,37,131,01008575,37131,Northampton,Northampton County,1390049342,35874601,North Carolina
484,08,081,00198156,08081,Moffat,Moffat County,12284943821,19803411,Colorado
485,21,087,00516890,21087,Green,Green County,740871356,7094524,Kentucky
486,18,047,00450352,18047,Franklin,Franklin County,995658281,17155846,Indiana
487,37,013,01026333,37013,Beaufort,Beaufort County,2156776424,336988229,North Carolina
488,72,073,01804517,72073,Jayuya,Jayuya Municipio,115340542,3091,Puerto Rico
489,38,015,01035614,38015,Burleigh,Burleigh County,4228659157,92691317,North Dakota
490,37,159,01008583,37159,Rowan,Rowan County,1325058762,31968195,North Carolina
491,26,071,01622978,26071,Iron,Iron County,3019919276,116800609,Michigan
492,27,067,00659479,27067,Kandiyohi,Kandiyohi County,2065191962,168286642,Minnesota
493,21,237,00516965,21237,Wolfe,Wolfe County,575419135,1505160,Kentucky
494,48,149,01383860,48149,Fayette,Fayette County,2460316901,25574662,Texas
495,46,081,01266996,46081,Lawrence,Lawrence County,2072127354,667509,South Dakota
496,23,029,00581300,23029,Washington,Washington County,6637440977,1799875488,Maine
497,48,045,01383808,48045,Briscoe,Briscoe County,2330991073,4068657,Texas
498,26,131,01623008,26131,Ontonagon,Ontonagon County,3395416183,6292279424,Michigan
499,28,015,00695732,28015,Carroll,Carroll County,1627517127,16050556,Mississippi
500,41,003,01155126,41003,Benton,Benton County,1748781823,7670893,Oregon
501,27,133,00659512,27133,Rock,Rock County,1249562287,698231,Minnesota
502,42,063,01213673,42063,Indiana,Indiana County,2142965919,18089072,Pennsylvania
503,22,061,00558077,22061,Lincoln,Lincoln Parish,1221532395,1897706,Louisiana
504,42,099,01213682,42099,Perry,Perry County,1428247558,10591170,Pennsylvania
505,46,137,01266993,46137,Ziebach,Ziebach County,5079608331,24212305,South Dakota
506,48,203,01383887,48203,Harrison,Harrison County,2331141022,40649337,Texas
507,26,013,01622949,26013,Baraga,Baraga County,2326915078,441618719,Michigan
508,40,131,01101853,40131,Rogers,Rogers County,1750176502,92946097,Oklahoma
509,29,019,00758464,29019,Boone,Boone County,1775574758,14221557,Missouri
510,72,097,01804529,72097,Mayagüez,Mayagüez Municipio,201174435,508705765,Puerto Rico
511,40,015,01101795,40015,Caddo,Caddo County,3309366441,32099077,Oklahoma
512,08,059,00198145,08059,Jefferson,Jefferson County,1979735379,25071495,Colorado
513,54,011,01550012,54011,Cabell,Cabell County,727845449,18114546,West Virginia
514,48,383,01383977,48383,Reagan,Reagan County,3044049119,1792716,Texas
515,05,141,00069904,05141,Van Buren,Van Buren County,1837758471,37208243,Arkansas
516,08,117,00198174,08117,Summit,Summit County,1575563227,28310936,Colorado
517,20,035,00484987,20035,Cowley,Cowley County,2915648171,17322935,Kansas
518,05,071,00066863,05071,Johnson,Johnson County,1711970414,59529091,Arkansas
519,36,041,00974119,36041,Hamilton,Hamilton County,4447989312,234204424,New York
520,51,045,01673664,51045,Craig,Craig County,849770438,2793174,Virginia
521,48,083,01383827,48083,Coleman,Coleman County,3270933224,47963343,Texas
522,02,290,01419987,02290,Yukon-Koyukuk,Yukon-Koyukuk Census Area,377038947604,5944745276,Alaska
523,04,017,00042808,04017,Navajo,Navajo County,25769070671,24116169,Arizona
524,28,085,00695766,28085,Lincoln,Lincoln County,1518269755,5291052,Mississippi
525,48,357,01383964,48357,Ochiltree,Ochiltree County,2376792063,1331778,Texas
526,48,103,01383837,48103,Crane,Crane County,2033319687,1695980,Texas
527,56,003,01605067,56003,Big Horn,Big Horn County,8124681753,55228616,Wyoming
528,47,081,01639756,47081,Hickman,Hickman County,1586324712,373710,Tennessee
529,28,143,00695792,28143,Tunica,Tunica County,1176191638,57012297,Mississippi
530,29,081,00758495,29081,Harrison,Harrison County,1871309888,10070644,Missouri
531,72,029,01804494,72029,Canóvanas,Canóvanas Municipio,85130271,362179,Puerto Rico
532,18,005,00451683,18005,Bartholomew,Bartholomew County,1053968851,6715105,Indiana
533,13,223,00349912,13223,Paulding,Paulding County,808983871,5212122,Georgia
534,39,015,01074020,39015,Brown,Brown County,1267911780,8879057,Ohio
535,47,141,01639783,47141,Putnam,Putnam County,1038860592,3777708,Tennessee
536,38,101,01034231,38101,Ward,Ward County,5213719158,111244414,North Dakota
537,25,027,00606940,25027,Worcester,Worcester County,3912618040,177370899,Massachusetts
538,39,091,01074058,39091,Logan,Logan County,1187523861,21593253,Ohio
539,06,031,00277280,06031,Kings,Kings County,3602601923,3164290,California
540,06,073,00277301,06073,San Diego,San Diego County,10904515125,817257158,California
541,72,123,01804542,72123,Salinas,Salinas Municipio,179755401,115816412,Puerto Rico
542,13,079,00342918,13079,Crawford,Crawford County,841524044,3986929,Georgia
543,72,103,01804532,72103,Naguabo,Naguabo Municipio,133801410,53350090,Puerto Rico
544,29,037,00758473,29037,Cass,Cass County,1804223313,14963188,Missouri
545,36,027,00974112,36027,Dutchess,Dutchess County,2060598612,76906718,New York
546,48,477,01384024,48477,Washington,Washington County,1564855487,45471320,Texas
547,08,101,00198166,08101,Pueblo,Pueblo County,6181242835,28941249,Colorado
548,29,067,00758488,29067,Douglas,Douglas County,2107274104,2520175,Missouri
549,38,009,01034227,38009,Bottineau,Bottineau County,4322321796,74690378,North Dakota
550,37,051,01026124,37051,Cumberland,Cumberland County,1690111832,15337659,North Carolina
551,56,017,01605074,56017,Hot Springs,Hot Springs County,5191453508,5100561,Wyoming
552,26,001,01622943,26001,Alcona,Alcona County,1747349242,2890404966,Michigan
553,06,061,00277295,06061,Placer,Placer County,3644336875,246435971,California
554,05,129,00069180,05129,Searcy,Searcy County,1724501452,6461828,Arkansas
555,48,305,01383938,48305,Lynn,Lynn County,2309924847,4169718,Texas
556,36,077,00974137,36077,Otsego,Otsego County,2594487152,36314099,New York
557,37,153,01008581,37153,Richmond,Richmond County,1226849523,15575098,North Carolina
558,37,093,01008563,37093,Hoke,Hoke County,1010491623,3949309,North Carolina
559,31,131,00835887,31131,Otoe,Otoe County,1594561688,8689332,Nebraska
560,42,023,01213663,42023,Cameron,Cameron County,1026239931,5653230,Pennsylvania
561,45,035,01247998,45035,Dorchester,Dorchester County,1472652724,6706075,South Carolina
562,27,161,00659525,27161,Waseca,Waseca County,1096505122,24893714,Minnesota
563,46,015,01265768,46015,Brule,Brule County,2116594506,75770744,South Dakota
564,47,177,01639796,47177,Warren,Warren County,1120619165,3524883,Tennessee
565,17,023,00424213,17023,Clark,Clark County,1298554904,8771353,Illinois
566,21,201,00516947,21201,Robertson,Robertson County,258794976,484952,Kentucky
567,47,095,01639762,47095,Lake,Lake County,429381241,72799687,Tennessee
568,45,015,01247985,45015,Berkeley,Berkeley County,2858362715,337375088,South Carolina
569,05,051,00066855,05051,Garland,Garland County,1754999327,147452177,Arkansas
570,20,139,00485033,20139,Osage,Osage County,1827253334,37137002,Kansas
571,39,155,01074089,39155,Trumbull,Trumbull County,1600873954,47856112,Ohio
572,48,333,01383952,48333,Mills,Mills County,1937892798,4023558,Texas
573,48,359,01383965,48359,Oldham,Oldham County,3886337114,2339716,Texas
574,42,019,01213661,42019,Butler,Butler County,2044759924,15994811,Pennsylvania
575,16,049,00395699,16049,Idaho,Idaho County,21956620029,67533572,Idaho
576,20,115,00485022,20115,Marion,Marion County,2445722726,24432825,Kansas
577,51,029,01501502,51029,Buckingham,Buckingham County,1501215440,9911855,Virginia
578,37,025,01008540,37025,Cabarrus,Cabarrus County,935587398,6985702,North Carolina
579,29,225,00758565,29225,Webster,Webster County,1534731572,3109281,Missouri
580,49,011,01448020,49011,Davis,Davis County,774579293,870613585,Utah
581,27,033,00659462,27033,Cottonwood,Cottonwood County,1657522317,22249932,Minnesota
582,12,093,00295760,12093,Okeechobee,Okeechobee County,1992126184,317924583,Florida
583,13,291,00353193,13291,Union,Union County,834197317,18082752,Georgia
584,19,013,00465196,19013,Black Hawk,Black Hawk County,1465303204,17928724,Iowa
585,48,403,01383987,48403,Sabine,Sabine County,1273523415,219936062,Texas
586,39,131,01074078,39131,Pike,Pike County,1140325072,9566957,Ohio
587,01,125,00161588,01125,Tuscaloosa,Tuscaloosa County,3420980817,78702670,Alabama
588,01,131,00161591,01131,Wilcox,Wilcox County,2299540559,50592191,Alabama
589,28,097,00711757,28097,Montgomery,Montgomery County,1054074828,2352156,Mississippi
590,31,099,00835871,31099,Kearney,Kearney County,1337063562,274634,Nebraska
591,31,087,00835865,31087,Hitchcock,Hitchcock County,1838742669,22103381,Nebraska
592,10,003,00217270,10003,New Castle,New Castle County,1104206944,175316802,Delaware
593,16,081,00399297,16081,Teton,Teton County,1163139971,2868473,Idaho
594,17,161,00424282,17161,Rock Island,Rock Island County,1107209785,61633874,Illinois
595,51,073,01480126,51073,Gloucester,Gloucester County,564124714,181747503,Virginia
596,05,133,00069182,05133,Sevier,Sevier County,1459650889,45919661,Arkansas
597,18,017,00450339,18017,Cass,Cass County,1067448391,7002041,Indiana
598,16,077,00394951,16077,Power,Power County,3635892401,99205466,Idaho
599,18,015,00450406,18015,Carroll,Carroll County,964057413,7236323,Indiana
600,42,101,01209187,42101,Philadelphia,Philadelphia County,347981635,21606282,Pennsylvania
601,56,043,01605085,56043,Washakie,Washakie County,5798152471,10415890,Wyoming
602,37,029,01026335,37029,Camden,Camden County,622438924,181122666,North Carolina
603,36,109,00974152,36109,Tompkins,Tompkins County,1229316849,43785776,New York
604,05,069,00066862,05069,Jefferson,Jefferson County,2259419628,113071689,Arkansas
605,05,079,00066873,05079,Lincoln,Lincoln County,1448998822,26693160,Arkansas
606,55,123,01581121,55123,Vernon,Vernon County,2050136139,64289089,Wisconsin
607,29,093,00758501,29093,Iron,Iron County,1425174278,4665920,Missouri
608,48,223,01383897,48223,Hopkins,Hopkins County,1987636011,65632971,Texas
609,36,001,00974099,36001,Albany,Albany County,1354273421,26971925,New York
610,48,225,01383898,48225,Houston,Houston County,3188278907,14435337,Texas
611,39,111,01074068,39111,Monroe,Monroe County,1180317743,4495411,Ohio
612,20,165,00485358,20165,Rush,Rush County,1858997559,544720,Kansas
613,18,107,00450374,18107,Montgomery,Montgomery County,1307030257,2067987,Indiana
614,20,187,00485055,20187,Stanton,Stanton County,1762103387,178555,Kansas
615,21,129,00516911,21129,Lee,Lee County,540942120,6215041,Kentucky
616,27,071,00659481,27071,Koochiching,Koochiching County,8040894566,132735376,Minnesota
617,48,029,01383800,48029,Bexar,Bexar County,3212426745,40788666,Texas
618,08,013,00198122,08013,Boulder,Boulder County,1881325109,36485630,Colorado
619,47,089,01639759,47089,Jefferson,Jefferson County,712437477,101637984,Tennessee
620,40,097,01101833,40097,Mayes,Mayes County,1697463782,72896637,Oklahoma
621,27,165,00659527,27165,Watonwan,Watonwan County,1126508687,12387832,Minnesota
622,16,013,00395696,16013,Blaine,Blaine County,6831709646,44656616,Idaho
623,22,053,00558039,22053,Jefferson Davis,Jefferson Davis Parish,1687430142,18666917,Louisiana
624,46,119,01266982,46119,Sully,Sully County,2607411018,164375674,South Dakota
625,08,031,00198131,08031,Denver,Denver County,396461547,4275563,Colorado
626,40,029,01101802,40029,Coal,Coal County,1338430448,12080006,Oklahoma
627,30,011,01688746,30011,Carter,Carter County,8651796246,19503322,Montana
628,48,461,01384016,48461,Upton,Upton County,3215010597,464309,Texas
629,18,051,00450354,18051,Gibson,Gibson County,1262317070,30903211,Indiana
630,31,105,00835874,31105,Kimball,Kimball County,2465517096,1448446,Nebraska
631,17,093,00424248,17093,Kendall,Kendall County,829412776,5136525,Illinois
632,11,001,01702382,11001,District of Columbia,District of Columbia,158316124,18709762,District of Columbia
633,08,085,00198158,08085,Montrose,Montrose County,5804023555,4923260,Colorado
634,27,171,00659530,27171,Wright,Wright County,1712394405,137711642,Minnesota
635,55,059,01581089,55059,Kenosha,Kenosha County,704054452,1248862087,Wisconsin
636,08,037,00198134,08037,Eagle,Eagle County,4362754228,18970639,Colorado
637,06,075,00277302,06075,San Francisco,San Francisco County,121507089,479146790,California
638,08,113,00198172,08113,San Miguel,San Miguel County,3332602595,5207582,Colorado
639,02,020,01416061,02020,Anchorage,Anchorage Municipality,4420814009,621079537,Alaska
640,12,109,00308371,12109,St. Johns,St. Johns County,1555651402,572113481,Florida
641,28,019,00695734,28019,Choctaw,Choctaw County,1083125335,4295085,Mississippi
642,29,079,00758494,29079,Grundy,Grundy County,1127403258,7116081,Missouri
643,26,085,01622985,26085,Lake,Lake County,1470061185,17483127,Michigan
644,26,139,01623012,26139,Ottawa,Ottawa County,1459508868,2765824533,Michigan
645,17,031,01784766,17031,Cook,Cook County,2447350591,1786331418,Illinois
646,17,059,00424231,17059,Gallatin,Gallatin County,836413648,13357002,Illinois
647,45,047,01248003,45047,Greenwood,Greenwood County,1180009081,21260069,South Carolina
648,20,059,00484998,20059,Franklin,Franklin County,1480882204,13893465,Kansas
649,27,027,00659459,27027,Clay,Clay County,2706993093,19303394,Minnesota
650,47,075,01639753,47075,Haywood,Haywood County,1380741528,2472509,Tennessee
651,49,003,01455966,49003,Box Elder,Box Elder County,14881028167,2547651538,Utah
652,28,139,00695790,28139,Tippah,Tippah County,1185754676,5522228,Mississippi
653,54,051,01717539,54051,Marshall,Marshall County,791063472,17411505,West Virginia
654,54,035,01559963,54035,Jackson,Jackson County,1202685109,18828941,West Virginia
655,16,039,00400252,16039,Elmore,Elmore County,7964417376,68330393,Idaho
656,24,005,01695314,24005,Baltimore,Baltimore County,1549740652,215957832,Maryland
657,38,005,01034216,38005,Benson,Benson County,3596341058,131678182,North Dakota
658,29,163,00758536,29163,Pike,Pike County,1736428525,36976721,Missouri
659,39,087,01074056,39087,Lawrence,Lawrence County,1174282178,10029914,Ohio
660,29,201,00758553,29201,Scott,Scott County,1087808789,15175233,Missouri
661,39,001,01074014,39001,Adams,Adams County,1512221266,6250108,Ohio
662,48,143,01383857,48143,Erath,Erath County,2805419712,17166727,Texas
663,13,137,00351383,13137,Habersham,Habersham County,717083984,5669790,Georgia
664,13,319,00346824,13319,Wilkinson,Wilkinson County,1163459876,7084800,Georgia
665,54,061,01550037,54061,Monongalia,Monongalia County,932632921,14991505,West Virginia
666,39,033,01074029,39033,Crawford,Crawford County,1040619651,2359514,Ohio
667,12,027,00294452,12027,DeSoto,DeSoto County,1649031791,6243548,Florida
668,09,011,00212799,09011,New London,New London County,1722511318,276863144,Connecticut
669,39,059,01074042,39059,Guernsey,Guernsey County,1352631217,15666081,Ohio
670,26,015,01622950,26015,Barry,Barry County,1432533250,61999499,Michigan
671,29,209,00758557,29209,Stone,Stone County,1201303092,121184921,Missouri
672,51,760,01789073,51760,Richmond,Richmond city,155205067,6849165,Virginia
673,37,169,01008586,37169,Stokes,Stokes County,1163797562,17578802,North Carolina
674,19,039,00465209,19039,Clarke,Clarke County,1116573604,1524746,Iowa
675,19,065,00465221,19065,Fayette,Fayette County,1892806735,1354955,Iowa
676,06,041,00277285,06041,Marin,Marin County,1347889807,797077678,California
677,48,381,01383976,48381,Randall,Randall County,2363909278,25203162,Texas
678,48,401,01383986,48401,Rusk,Rusk County,2393663215,37217198,Texas
679,19,181,00465279,19181,Warren,Warren County,1475408404,8645070,Iowa
680,39,161,01074092,39161,Van Wert,Van Wert County,1059692855,3287921,Ohio
681,12,043,00295743,12043,Glades,Glades County,2089659345,467293938,Florida
682,13,199,00346892,13199,Meriwether,Meriwether County,1297342106,10832501,Georgia
683,08,023,00198127,08023,Costilla,Costilla County,3179452300,8828906,Colorado
684,48,099,01383835,48099,Coryell,Coryell County,2725308583,11833644,Texas
685,19,001,00465190,19001,Adair,Adair County,1474404201,2597996,Iowa
686,13,053,00351012,13053,Chattahoochee,Chattahoochee County,644225830,6277089,Georgia
687,06,043,00277286,06043,Mariposa,Mariposa County,3752476985,36220865,California
688,29,089,00758499,29089,Howard,Howard County,1201239501,19852372,Missouri
689,41,047,01135859,41047,Marion,Marion County,3059027620,26557435,Oregon
690,55,079,01581100,55079,Milwaukee,Milwaukee County,625435295,2455388924,Wisconsin
691,27,139,00659514,27139,Scott,Scott County,922739127,31367796,Minnesota
692,39,129,01074077,39129,Pickaway,Pickaway County,1298084340,13880991,Ohio
693,51,145,01674225,51145,Powhatan,Powhatan County,673921283,5444168,Virginia
694,08,014,01945881,08014,Broomfield,Broomfield County,85386685,1502572,Colorado
695,47,099,01639764,47099,Lawrence,Lawrence County,1598359119,2218403,Tennessee
696,26,009,01622947,26009,Antrim,Antrim County,1232002675,326536774,Michigan
697,45,069,01248011,45069,Marlboro,Marlboro County,1242867261,14489019,South Carolina
698,16,009,00395190,16009,Benewah,Benewah County,2012242914,18803193,Idaho
699,17,103,00424253,17103,Lee,Lee County,1877189070,9732924,Illinois
700,31,127,00835885,31127,Nemaha,Nemaha County,1055100616,5769944,Nebraska
701,37,031,01026337,37031,Carteret,Carteret County,1314688730,2131061851,North Carolina
702,20,149,00485038,20149,Pottawatomie,Pottawatomie County,2177506471,54148936,Kansas
703,26,075,01622980,26075,Jackson,Jackson County,1817904856,55933446,Michigan
704,48,091,01383831,48091,Comal,Comal County,1449171059,39766953,Texas
705,25,019,00606936,25019,Nantucket,Nantucket County,119637319,666826424,Massachusetts
706,45,009,01247982,45009,Bamberg,Bamberg County,1018815104,5686290,South Carolina
707,48,007,01383789,48007,Aransas,Aransas County,652856780,714538201,Texas
708,13,019,00326638,13019,Berrien,Berrien County,1174239566,11671125,Georgia
709,18,165,00450397,18165,Vermillion,Vermillion County,665275343,7895064,Indiana
710,26,143,01623014,26143,Roscommon,Roscommon County,1346526239,155723123,Michigan
711,37,005,01008533,37005,Alleghany,Alleghany County,608220280,3687222,North Carolina
712,06,035,01693324,06035,Lassen,Lassen County,11762091407,462950203,California
713,51,610,01498423,51610,Falls Church,Falls Church city,5300262,32,Virginia
714,12,081,00295744,12081,Manatee,Manatee County,1923744056,573084762,Florida
715,39,119,01074072,39119,Muskingum,Muskingum County,1721165826,20823924,Ohio
716,08,015,00198123,08015,Chaffee,Chaffee County,2624715692,3999975,Colorado
717,08,025,00198128,08025,Crowley,Crowley County,2039427872,33422981,Colorado
718,08,043,00198137,08043,Fremont,Fremont County,3972613670,2235542,Colorado
719,28,109,00695777,28109,Pearl River,Pearl River County,2101307249,20783013,Mississippi
720,28,111,00695778,28111,Perry,Perry County,1676452290,7561701,Mississippi
721,31,041,00835842,31041,Custer,Custer County,6670757181,932956,Nebraska
722,12,013,00306919,12013,Calhoun,Calhoun County,1469394597,18070425,Florida
723,21,117,00516905,21117,Kenton,Kenton County,415150771,10405456,Kentucky
724,19,037,00465208,19037,Chickasaw,Chickasaw County,1306192614,3455451,Iowa
725,17,037,00422190,17037,DeKalb,DeKalb County,1635154200,8561739,Illinois
726,19,081,00465229,19081,Hancock,Hancock County,1478895055,5265568,Iowa
727,38,089,01035618,38089,Stark,Stark County,3457408933,14023939,North Dakota
728,26,095,01622990,26095,Luce,Luce County,2328593560,2624711552,Michigan
729,40,019,01101797,40019,Carter,Carter County,2129500591,29983177,Oklahoma
730,37,139,01026330,37139,Pasquotank,Pasquotank County,587610259,161751355,North Carolina
731,35,055,00933056,35055,Taos,Taos County,5704119617,3383128,New Mexico
732,28,011,00695730,28011,Bolivar,Bolivar County,2270141682,81446732,Mississippi
733,32,023,00863599,32023,Nye,Nye County,47090939212,43207981,Nevada
734,47,073,01639752,47073,Hawkins,Hawkins County,1261468092,32541837,Tennessee
735,38,011,01035619,38011,Bowman,Bowman County,3009070657,13583664,North Dakota
736,42,057,01213671,42057,Fulton,Fulton County,1133252795,1305486,Pennsylvania
737,22,055,00558059,22055,Lafayette,Lafayette Parish,696257610,1149127,Louisiana
738,48,237,01383904,48237,Jack,Jack County,2359405674,23704615,Texas
739,17,175,00424288,17175,Stark,Stark County,746189903,684784,Illinois
740,40,055,01101815,40055,Greer,Greer County,1655740225,11148547,Oklahoma
741,48,211,01383891,48211,Hemphill,Hemphill County,2347270019,15205586,Texas
742,16,069,00399394,16069,Nez Perce,Nez Perce County,2197139835,21252880,Idaho
743,46,129,01266973,46129,Walworth,Walworth County,1832300801,96288709,South Dakota
744,06,055,00277292,06055,Napa,Napa County,1938032964,104262608,California
745,40,033,01101804,40033,Cotton,Cotton County,1638523150,23986260,Oklahoma
746,29,221,00758563,29221,Washington,Washington County,1968043965,6791224,Missouri
747,36,011,00974104,36011,Cayuga,Cayuga County,1791201989,445696708,New York
748,48,417,01383994,48417,Shackelford,Shackelford County,2367989254,3268209,Texas
749,48,407,01383989,48407,San Jacinto,San Jacinto County,1474332269,151949232,Texas
750,19,061,00465219,19061,Dubuque,Dubuque County,1575487976,21138781,Iowa
751,51,075,01674271,51075,Goochland,Goochland County,730451417,21934893,Virginia
752,20,181,00485053,20181,Sherman,Sherman County,2735193250,548248,Kansas
753,39,139,01074082,39139,Richland,Richland County,1282631596,12560134,Ohio
754,17,001,00424202,17001,Adams,Adams County,2214826185,41754318,Illinois
755,39,021,01074023,39021,Champaign,Champaign County,1111077538,2173115,Ohio
756,33,019,00873183,33019,Sullivan,Sullivan County,1393091317,36932078,New Hampshire
757,17,075,00424239,17075,Iroquois,Iroquois County,2894039688,4241183,Illinois
758,19,157,00465267,19157,Poweshiek,Poweshiek County,1514945164,2961952,Iowa
759,39,169,01074096,39169,Wayne,Wayne County,1436897055,5040384,Ohio
760,13,113,01687740,13113,Fayette,Fayette County,503905023,12814100,Georgia
761,13,141,00348209,13141,Hancock,Hancock County,1220057418,17479620,Georgia
762,48,259,01383915,48259,Kendall,Kendall County,1715747609,1496797,Texas
763,36,039,00974118,36039,Greene,Greene County,1676140500,28201061,New York
764,51,137,01494761,51137,Orange,Orange County,883388069,6487125,Virginia
765,40,089,01101835,40089,McCurtain,McCurtain County,4793464447,133974862,Oklahoma
766,13,277,00344090,13277,Tift,Tift County,675702302,20458311,Georgia
767,31,025,00835834,31025,Cass,Cass County,1443520798,22130961,Nebraska
768,46,077,01265780,46077,Kingsbury,Kingsbury County,2155483577,81655106,South Dakota
769,56,009,01605070,56009,Converse,Converse County,11020385629,26068678,Wyoming
770,36,043,00974120,36043,Herkimer,Herkimer County,3653400318,120358453,New York
771,38,047,01035620,38047,Logan,Logan County,2570819037,47710154,North Dakota
772,26,053,01622969,26053,Gogebic,Gogebic County,2854517939,970153215,Michigan
773,27,005,00659448,27005,Becker,Becker County,3405929361,336990104,Minnesota
774,01,095,00161574,01095,Marshall,Marshall County,1465531833,148497637,Alabama
775,47,173,01648583,47173,Union,Union County,579077905,61005196,Tennessee
776,54,057,01717890,54057,Mineral,Mineral County,849209714,3466312,West Virginia
777,55,003,01581061,55003,Ashland,Ashland County,2706458787,3230728318,Wisconsin
778,17,053,00424228,17053,Ford,Ford County,1257690127,1640595,Illinois
779,38,029,01035615,38029,Emmons,Emmons County,3906739847,121497556,North Dakota
780,06,089,01682610,06089,Shasta,Shasta County,9778670503,186039037,California
781,22,113,00559538,22113,Vermilion,Vermilion Parish,3039650774,954683407,Louisiana
782,05,121,00069178,05121,Randolph,Randolph County,1688445989,10370823,Arkansas
783,55,085,01581103,55085,Oneida,Oneida County,2885102824,317602310,Wisconsin
784,22,035,00558534,22035,East Carroll,East Carroll Parish,1090092484,56411688,Louisiana
785,22,037,00558542,22037,East Feliciana,East Feliciana Parish,1174022934,6150603,Louisiana
786,22,087,01629542,22087,St. Bernard,St. Bernard Parish,977763283,4604190754,Louisiana
787,48,481,01384026,48481,Wharton,Wharton County,2813095080,21310003,Texas
788,02,198,01419980,02198,Prince of Wales-Hyder,Prince of Wales-Hyder Census Area,13643344240,14612163807,Alaska
789,02,195,02516404,02195,Petersburg,Petersburg Borough,7512663865,2385848260,Alaska
790,48,153,01383862,48153,Floyd,Floyd County,2569637283,983737,Texas
791,02,275,02516402,02275,Wrangell,Wrangell City and Borough,6619997018,2384375227,Alaska
792,21,151,00516919,21151,Madison,Madison County,1132748365,15287938,Kentucky
793,47,009,01639726,47009,Blount,Blount County,1447336316,20159163,Tennessee
794,30,031,01720053,30031,Gallatin,Gallatin County,6747831014,73615974,Montana
795,45,031,01247992,45031,Darlington,Darlington County,1451917179,14668340,South Carolina
796,01,053,00161552,01053,Escambia,Escambia County,2448595161,20024887,Alabama
797,13,143,00350637,13143,Haralson,Haralson County,730804592,2616531,Georgia
798,20,001,00484970,20001,Allen,Allen County,1295764235,13021929,Kansas
799,17,041,00424222,17041,Douglas,Douglas County,1079110220,1448705,Illinois
800,51,079,01480129,51079,Greene,Greene County,403900921,1680243,Virginia
801,66,010,01802705,66010,Guam,Guam,543555847,934337453,Guam
802,55,137,01581128,55137,Waushara,Waushara County,1621749913,29096948,Wisconsin
803,05,065,00066860,05065,Izard,Izard County,1502652313,9576574,Arkansas
804,06,053,00277291,06053,Monterey,Monterey County,8499623032,1267793988,California
805,35,017,00915980,35017,Grant,Grant County,10259478771,15294669,New Mexico
806,29,131,00758520,29131,Miller,Miller County,1534753300,19219023,Missouri
807,37,193,01008595,37193,Wilkes,Wilkes County,1952020335,6854041,North Carolina
808,02,110,01419971,02110,Juneau,Juneau City and Borough,7003406836,1426230792,Alaska
809,29,165,00758537,29165,Platte,Platte County,1087283058,16949451,Missouri
810,29,021,00758465,29021,Buchanan,Buchanan County,1057361277,17942874,Missouri
811,01,083,00161567,01083,Limestone,Limestone County,1450297458,122310053,Alabama
812,18,065,00450359,18065,Henry,Henry County,1014957933,7652084,Indiana
813,31,143,00835893,31143,Polk,Polk County,1136152529,5104692,Nebraska
814,39,123,01074074,39123,Ottawa,Ottawa County,659680522,855661999,Ohio
815,27,107,00659499,27107,Norman,Norman County,2260512788,10208059,Minnesota
816,19,165,00465271,19165,Shelby,Shelby County,1530110527,1486125,Iowa
817,24,013,01696228,24013,Carroll,Carroll County,1159355859,13112464,Maryland
818,19,011,00465195,19011,Benton,Benton County,1854696287,5857896,Iowa
819,21,159,00516923,21159,Martin,Martin County,594708782,2558129,Kentucky
820,27,025,00659458,27025,Chisago,Chisago County,1074584695,71183782,Minnesota
821,21,189,00516941,21189,Owsley,Owsley County,511288845,2279907,Kentucky
822,42,015,01213660,42015,Bradford,Bradford County,2971688854,35331261,Pennsylvania
823,54,029,01560574,54029,Hancock,Hancock County,213958963,13877476,West Virginia
824,29,051,00758480,29051,Cole,Cole County,1014104090,19106873,Missouri
825,26,021,01622953,26021,Berrien,Berrien County,1470545556,2625448034,Michigan
826,42,061,01213672,42061,Huntingdon,Huntingdon County,2265337347,37851956,Pennsylvania
827,31,045,00835844,31045,Dawes,Dawes County,3616636214,11875952,Nebraska
828,51,141,01497999,51141,Patrick,Patrick County,1250846155,7141128,Virginia
829,26,119,01623002,26119,Montmorency,Montmorency County,1415881030,41352700,Michigan
830,26,135,01623010,26135,Oscoda,Oscoda County,1465088063,15136485,Michigan
831,35,007,00929117,35007,Colfax,Colfax County,9733113274,26296498,New Mexico
832,17,163,01784987,17163,St. Clair,St. Clair County,1703526425,41843531,Illinois
833,17,189,01785150,17189,Washington,Washington County,1457120172,3386079,Illinois
834,42,009,01209171,42009,Bedford,Bedford County,2621693106,12005858,Pennsylvania
835,05,127,00069179,05127,Scott,Scott County,2312470680,14373451,Arkansas
836,20,099,00485014,20099,Labette,Labette County,1671560715,20006201,Kansas
837,42,073,01213676,42073,Lawrence,Lawrence County,925571230,11444141,Pennsylvania
838,39,067,01074046,39067,Harrison,Harrison County,1042032641,21847163,Ohio
839,37,003,01008532,37003,Alexander,Alexander County,673358184,9445988,North Carolina
840,34,009,00882274,34009,Cape May,Cape May County,651437935,955149083,New Jersey
841,33,005,00873176,33005,Cheshire,Cheshire County,1830367250,57589052,New Hampshire
842,27,089,00659489,27089,Marshall,Marshall County,4597391953,98012348,Minnesota
843,51,101,01480138,51101,King William,King William County,709424849,31090165,Virginia
844,08,055,00198143,08055,Huerfano,Huerfano County,4120756290,5792101,Colorado
845,48,255,01383913,48255,Karnes,Karnes County,1936669678,15010315,Texas
846,47,023,01639732,47023,Chester,Chester County,740053474,575590,Tennessee
847,17,171,00424286,17171,Scott,Scott County,649542036,4814546,Illinois
848,49,027,01448027,49027,Millard,Millard County,17574363572,133311815,Utah
849,49,029,01448028,49029,Morgan,Morgan County,1577739411,4437369,Utah
850,48,257,01383914,48257,Kaufman,Kaufman County,2022222599,69502488,Texas
851,04,011,00042807,04011,Greenlee,Greenlee County,4771128169,13746346,Arizona
852,04,013,00037026,04013,Maricopa,Maricopa County,23833061798,62173467,Arizona
853,26,129,01623007,26129,Ogemaw,Ogemaw County,1459466627,29641292,Michigan
854,47,087,01639758,47087,Jackson,Jackson County,799813547,27751888,Tennessee
855,17,159,00424281,17159,Richland,Richland County,932484080,4874777,Illinois
856,01,009,00161530,01009,Blount,Blount County,1670259090,14860281,Alabama
857,30,051,01720036,30051,Liberty,Liberty County,3703651373,44411471,Montana
858,48,131,01383851,48131,Duval,Duval County,4645084668,5478267,Texas
859,29,173,00758541,29173,Ralls,Ralls County,1216743025,36381069,Missouri
860,48,251,01383911,48251,Johnson,Johnson County,1877194307,24209268,Texas
861,13,061,00344805,13061,Clay,Clay County,506093894,56546964,Georgia
862,41,023,01135851,41023,Grant,Grant County,11726925905,1893807,Oregon
863,41,011,01135848,41011,Coos,Coos County,4133788140,544653413,Oregon
864,48,159,01383865,48159,Franklin,Franklin County,736569935,26875120,Texas
865,36,113,00974154,36113,Warren,Warren County,2246093480,166839689,New York
866,51,113,01494590,51113,Madison,Madison County,830449706,3205612,Virginia
867,40,005,01101790,40005,Atoka,Atoka County,2526393953,37287797,Oklahoma
868,17,129,00424266,17129,Menard,Menard County,814269349,2640418,Illinois
869,13,015,00351604,13015,Bartow,Bartow County,1188568881,27370205,Georgia
870,12,069,00308551,12069,Lake,Lake County,2464981507,531018779,Florida
871,40,111,01101843,40111,Okmulgee,Okmulgee County,1806369917,12960866,Oklahoma
872,38,083,01034203,38083,Sheridan,Sheridan County,2518053323,86198839,North Dakota
873,18,049,00450353,18049,Fulton,Fulton County,954133346,7439336,Indiana
874,20,091,00485010,20091,Johnson,Johnson County,1226679688,16319024,Kansas
875,24,009,01676636,24009,Calvert,Calvert County,552158542,341580668,Maryland
876,55,129,01581124,55129,Washburn,Washburn County,2064515991,145563849,Wisconsin
877,53,031,01531936,53031,Jefferson,Jefferson County,4671633827,994992501,Washington
878,72,003,01804481,72003,Aguada,Aguada Municipio,79923637,38025989,Puerto Rico
879,27,169,00659529,27169,Winona,Winona County,1621791138,40051870,Minnesota
880,28,149,00695795,28149,Warren,Warren County,1524286572,77759819,Mississippi
881,29,003,00758456,29003,Andrew,Andrew County,1120510438,9677371,Missouri
882,29,139,00758524,29139,Montgomery,Montgomery County,1385765319,14100641,Missouri
883,20,021,00484980,20021,Cherokee,Cherokee County,1521791029,8951464,Kansas
884,37,083,01008559,37083,Halifax,Halifax County,1874472930,16919664,North Carolina
885,35,043,00929113,35043,Sandoval,Sandoval County,9609358329,10852149,New Mexico
886,21,051,00516872,21051,Clay,Clay County,1215472461,4752686,Kentucky
887,42,035,01214721,42035,Clinton,Clinton County,2299868386,23178644,Pennsylvania
888,41,043,01135857,41043,Linn,Linn County,5929198837,50052280,Oregon
889,55,065,01581092,55065,Lafayette,Lafayette County,1640985427,2539010,Wisconsin
890,40,147,01101861,40147,Washington,Washington County,1076201529,22871165,Oklahoma
891,54,077,01558642,54077,Preston,Preston County,1680420300,6668159,West Virginia
892,69,100,01805246,69100,Rota,Rota Municipality,85096796,539092797,Commonwealth of the Northern Mariana Islands
893,55,135,01581127,55135,Waupaca,Waupaca County,1936521055,45270535,Wisconsin
894,48,137,01383854,48137,Edwards,Edwards County,5485263220,5196312,Texas
895,41,037,01135854,41037,Lake,Lake County,21078901111,568489460,Oregon
896,29,153,00758531,29153,Ozark,Ozark County,1929554312,26607427,Missouri
897,48,473,01384022,48473,Waller,Waller County,1329431564,11827973,Texas
898,01,099,00161576,01099,Monroe,Monroe County,2656469672,22609681,Alabama
899,50,009,01461761,50009,Essex,Essex County,1715530214,28688490,Vermont
900,51,111,01492239,51111,Lunenburg,Lunenburg County,1118097708,1743628,Virginia
901,38,097,01034221,38097,Traill,Traill County,2232235426,1462184,North Dakota
902,13,139,01686953,13139,Hall,Hall County,1017835152,93987564,Georgia
903,13,283,00347505,13283,Treutlen,Treutlen County,516524095,7810908,Georgia
904,13,037,00344074,13037,Calhoun,Calhoun County,726191502,8271470,Georgia
905,55,125,01581122,55125,Vilas,Vilas County,2221459142,414414740,Wisconsin
906,27,007,00659449,27007,Beltrami,Beltrami County,6487154459,1426287777,Minnesota
907,72,043,01804501,72043,Coamo,Coamo Municipio,202052321,38061,Puerto Rico
908,72,055,01804508,72055,Guánica,Guánica Municipio,95960072,109853143,Puerto Rico
909,24,019,00596495,24019,Dorchester,Dorchester County,1400573746,1145353068,Maryland
910,42,037,01213665,42037,Columbia,Columbia County,1251511998,18600496,Pennsylvania
911,39,023,01074024,39023,Clark,Clark County,1027907500,14611224,Ohio
912,48,323,01383944,48323,Maverick,Maverick County,3313818749,31872415,Texas
913,04,019,00025446,04019,Pima,Pima County,23798578890,5112016,Arizona
914,35,006,00933051,35006,Cibola,Cibola County,11758505167,5554598,New Mexico
915,34,005,00882272,34005,Burlington,Burlington County,2070137466,54133685,New Jersey
916,50,021,01461767,50021,Rutland,Rutland County,2410114035,38760900,Vermont
917,13,099,00345041,13099,Early,Early County,1327626625,9702715,Georgia
918,25,007,00606930,25007,Dukes,Dukes County,267292993,1004291414,Massachusetts
919,38,049,01035305,38049,McHenry,McHenry County,4853487955,97323497,North Dakota
920,31,179,00835911,31179,Wayne,Wayne County,1147147001,1084590,Nebraska
921,38,045,01035621,38045,LaMoure,LaMoure County,2968139583,12824671,North Dakota
922,16,023,00401703,16023,Butte,Butte County,5792474008,5259978,Idaho
923,33,007,00873177,33007,Coos,Coos County,4647924324,92545557,New Hampshire
924,38,043,01034206,38043,Kidder,Kidder County,3499233947,211737414,North Dakota
925,48,273,01383922,48273,Kleberg,Kleberg County,2282572444,541041659,Texas
926,18,127,00450382,18127,Porter,Porter County,1082907710,268619691,Indiana
927,28,101,00695773,28101,Newton,Newton County,1496417775,4525334,Mississippi
928,37,163,01026131,37163,Sampson,Sampson County,2449946536,4923828,North Carolina
929,47,127,01648579,47127,Moore,Moore County,334684850,3093435,Tennessee
930,12,103,00295745,12103,Pinellas,Pinellas County,709086406,1535985822,Florida
931,72,019,01804489,72019,Barranquitas,Barranquitas Municipio,88714042,77812,Puerto Rico
932,17,065,00424234,17065,Hamilton,Hamilton County,1125731580,3172088,Illinois
933,05,105,00069171,05105,Perry,Perry County,1428060523,24428402,Arkansas
934,20,023,00484981,20023,Cheyenne,Cheyenne County,2641501921,2738021,Kansas
935,08,029,00198130,08029,Delta,Delta County,2958090989,16786781,Colorado
936,19,185,00465281,19185,Wayne,Wayne County,1360957553,4272458,Iowa
937,48,165,01383868,48165,Gaines,Gaines County,3891102467,1262946,Texas
938,01,093,00161573,01093,Marion,Marion County,1922660061,3180617,Alabama
939,37,189,01008594,37189,Watauga,Watauga County,809214848,2271720,North Carolina
940,51,770,01498439,51770,Roanoke,Roanoke city,110129436,855753,Virginia
941,48,317,01383941,48317,Martin,Martin County,2369724591,1931832,Texas
942,48,037,01383804,48037,Bowie,Bowie County,2291982022,98385599,Texas
943,49,057,01448042,49057,Weber,Weber County,1492541890,216440007,Utah
944,29,127,00758517,29127,Marion,Marion County,1131623305,19113754,Missouri
945,36,045,00974121,36045,Jefferson,Jefferson County,3283879458,1524564723,New York
946,19,097,00465237,19097,Jackson,Jackson County,1647344929,35129054,Iowa
947,38,063,01034217,38063,Nelson,Nelson County,2542889235,70073746,North Dakota
948,36,019,00974108,36019,Clinton,Clinton County,2687763026,206582000,New York
949,08,045,00198138,08045,Garfield,Garfield County,7633807267,21696625,Colorado
950,29,177,00758543,29177,Ray,Ray County,1473619864,13412073,Missouri
951,39,073,01074049,39073,Hocking,Hocking County,1091289821,5955974,Ohio
952,01,085,00161568,01085,Lowndes,Lowndes County,1854651814,23271259,Alabama
953,13,043,00342852,13043,Candler,Candler County,629520841,15018189,Georgia
954,19,113,00465245,19113,Linn,Linn County,1857173067,19710590,Iowa
955,06,105,00277317,06105,Trinity,Trinity County,8234265080,73407950,California
956,13,215,00357428,13215,Muscogee,Muscogee County,560731675,11683933,Georgia
957,28,135,00695788,28135,Tallahatchie,Tallahatchie County,1672069540,16969517,Mississippi
958,20,005,00484972,20005,Atchison,Atchison County,1116736555,6851102,Kansas
959,72,081,01804521,72081,Lares,Lares Municipio,159155345,485277,Puerto Rico
960,48,003,01383787,48003,Andrews,Andrews County,3886850259,957039,Texas
961,39,109,01074067,39109,Miami,Miami County,1052883436,7924128,Ohio
962,48,375,01383973,48375,Potter,Potter County,2352718735,35190085,Texas
963,40,133,01101854,40133,Seminole,Seminole County,1639028938,19925657,Oklahoma
964,45,003,01247979,45003,Aiken,Aiken County,2773070091,24554643,South Carolina
965,60,020,01805242,60020,Manu'a,Manu'a District,57620993,464238044,American Samoa
966,06,045,00277287,06045,Mendocino,Mendocino County,9082632466,961740401,California
967,51,550,01498558,51550,Chesapeake,Chesapeake city,876598054,32349712,Virginia
968,69,120,01805248,69120,Tinian,Tinian Municipality,108237606,632893009,Commonwealth of the Northern Mariana Islands
969,72,153,01804557,72153,Yauco,Yauco Municipio,175371930,1625258,Puerto Rico
970,56,037,01609192,56037,Sweetwater,Sweetwater County,27005754359,166230245,Wyoming
971,48,169,01383870,48169,Garza,Garza County,2313937124,7209242,Texas
972,54,031,01718557,54031,Hardy,Hardy County,1508190150,5624064,West Virginia
973,72,001,01804480,72001,Adjuntas,Adjuntas Municipio,172725726,1051789,Puerto Rico
974,55,089,01581105,55089,Ozaukee,Ozaukee County,603514413,2287415379,Wisconsin
975,47,163,01639793,47163,Sullivan,Sullivan County,1070909515,42024697,Tennessee
976,45,059,01248009,45059,Laurens,Laurens County,1846324508,26063893,South Carolina
977,56,011,01605071,56011,Crook,Crook County,7393068933,28186052,Wyoming
978,55,117,01581118,55117,Sheboygan,Sheboygan County,1324851053,1967647657,Wisconsin
979,25,013,00606933,25013,Hampden,Hampden County,1598035109,44416904,Massachusetts
980,48,055,01383813,48055,Caldwell,Caldwell County,1410354029,4946188,Texas
981,20,029,00484984,20029,Cloud,Cloud County,1852726651,6859888,Kansas
982,06,027,01804637,06027,Inyo,Inyo County,26410783053,77280938,California
983,01,037,00161544,01037,Coosa,Coosa County,1685846963,39991153,Alabama
984,19,059,00465218,19059,Dickinson,Dickinson County,985574547,60680641,Iowa
985,21,095,00516894,21095,Harlan,Harlan County,1206496138,6011473,Kentucky
986,20,061,00484999,20061,Geary,Geary County,996262708,51602808,Kansas
987,42,011,01209172,42011,Berks,Berks County,2218072313,24220127,Pennsylvania
988,47,019,01639730,47019,Carter,Carter County,883854986,16670131,Tennessee
989,27,083,00659487,27083,Lyon,Lyon County,1850315109,18794794,Minnesota
990,51,037,01492442,51037,Charlotte,Charlotte County,1231010116,5809378,Virginia
991,47,179,01639797,47179,Washington,Washington County,845756036,8485270,Tennessee
992,45,071,01248013,45071,Newberry,Newberry County,1632452022,44011454,South Carolina
993,51,093,01702378,51093,Isle of Wight,Isle of Wight County,817620587,122100069,Virginia
994,41,069,01135865,41069,Wheeler,Wheeler County,4444475029,1241033,Oregon
995,29,023,00758466,29023,Butler,Butler County,1799410880,11191324,Missouri
996,22,047,00558582,22047,Iberville,Iberville Parish,1602476038,88659446,Louisiana
997,28,125,00695783,28125,Sharkey,Sharkey County,1118149684,8806463,Mississippi
998,51,061,01480120,51061,Fauquier,Fauquier County,1678296040,9665551,Virginia
999,51,750,01498438,51750,Radford,Radford city,25061727,858278,Virginia
1000,32,005,00858643,32005,Douglas,Douglas County,1840147662,72317573,Nevada
1001,12,037,00306911,12037,Franklin,Franklin County,1411498965,2270440522,Florida
1002,18,055,00451676,18055,Greene,Greene County,1404983902,8919619,Indiana
1003,18,139,00446854,18139,Rush,Rush County,1057069328,838340,Indiana
1004,55,131,01581125,55131,Washington,Washington County,1115362166,12999404,Wisconsin
1005,29,105,00758507,29105,Laclede,Laclede County,1980386265,8708349,Missouri
1006,42,085,01213678,42085,Mercer,Mercer County,1741819732,26010715,Pennsylvania
1007,05,031,00066847,05031,Craighead,Craighead County,1831537035,14324622,Arkansas
1008,29,195,00758550,29195,Saline,Saline County,1956761965,29542462,Missouri
1009,17,193,00424297,17193,White,White County,1281999217,17833682,Illinois
1010,17,039,00426598,17039,De Witt,De Witt County,1029678323,19492326,Illinois
1011,32,033,00858615,32033,White Pine,White Pine County,23016356483,23426584,Nevada
1012,27,049,00659470,27049,Goodhue,Goodhue County,1959853268,59175413,Minnesota
1013,37,173,01008588,37173,Swain,Swain County,1366810476,32416167,North Carolina
1014,12,101,00295739,12101,Pasco,Pasco County,1933701245,694046690,Florida
1015,12,119,00295740,12119,Sumter,Sumter County,1442978468,58762672,Florida
1016,36,059,00974128,36059,Nassau,Nassau County,736959587,437291722,New York
1017,38,091,01034220,38091,Steele,Steele County,1844441513,8435674,North Dakota
1018,18,163,00450396,18163,Vanderburgh,Vanderburgh County,604506361,8955935,Indiana
1019,29,071,00758490,29071,Franklin,Franklin County,2389650755,20813427,Missouri
1020,37,011,01008536,37011,Avery,Avery County,640602137,445285,North Carolina
1021,54,107,01560558,54107,Wood,Wood County,949229779,26590767,West Virginia
1022,55,007,01581063,55007,Bayfield,Bayfield County,3827681907,1460296066,Wisconsin
1023,47,161,01639792,47161,Stewart,Stewart County,1190814528,86082696,Tennessee
1024,55,097,01581109,55097,Portage,Portage County,2074252980,56835087,Wisconsin
1025,45,063,01244251,45063,Lexington,Lexington County,1810397033,151833121,South Carolina
1026,24,003,01710958,24003,Anne Arundel,Anne Arundel County,1074353889,448032843,Maryland
1027,55,039,01581079,55039,Fond du Lac,Fond du Lac County,1863667254,119853823,Wisconsin
1028,54,101,01550057,54101,Webster,Webster County,1433479488,7146543,West Virginia
1029,55,061,01581090,55061,Kewaunee,Kewaunee County,886951790,1921336270,Wisconsin
1030,48,369,01383970,48369,Parmer,Parmer County,2281312149,11355762,Texas
1031,40,151,01101863,40151,Woods,Woods County,3331971784,9081295,Oklahoma
1032,21,063,00516878,21063,Elliott,Elliott County,606882500,2601651,Kentucky
1033,25,003,00606928,25003,Berkshire,Berkshire County,2400592216,50709699,Massachusetts
1034,29,041,00758475,29041,Chariton,Chariton County,1945541996,40353306,Missouri
1035,08,103,00198167,08103,Rio Blanco,Rio Blanco County,8342275014,4868111,Colorado
1036,08,087,00198159,08087,Morgan,Morgan County,3316441488,34663098,Colorado
1037,41,045,01135858,41045,Malheur,Malheur County,25609051307,108997319,Oregon
1038,34,023,00882230,34023,Middlesex,Middlesex County,800946845,35291196,New Jersey
1039,20,167,00485046,20167,Russell,Russell County,2295402858,34126776,Kansas
1040,17,155,00424279,17155,Putnam,Putnam County,414649315,31195045,Illinois
1041,46,055,01266988,46055,Haakon,Haakon County,4689279882,42452623,South Dakota
1042,47,111,01639768,47111,Macon,Macon County,795498344,246690,Tennessee
1043,05,023,00066983,05023,Cleburne,Cleburne County,1434747664,98885396,Arkansas
1044,01,109,00161581,01109,Pike,Pike County,1740645369,2339145,Alabama
1045,16,003,00395067,16003,Adams,Adams County,3529648934,17359846,Idaho
1046,25,005,00606929,25005,Bristol,Bristol County,1432553805,357457333,Massachusetts
1047,42,107,01213685,42107,Schuylkill,Schuylkill County,2016509909,10820294,Pennsylvania
1048,38,103,01034204,38103,Wells,Wells County,3290664846,51166900,North Dakota
1049,37,045,01008547,37045,Cleveland,Cleveland County,1202400603,10177696,North Carolina
1050,05,059,00066859,05059,Hot Spring,Hot Spring County,1592697317,18725599,Arkansas
1051,24,021,01711211,24021,Frederick,Frederick County,1710922224,17674121,Maryland
1052,17,169,01785037,17169,Schuyler,Schuyler County,1132602760,10510632,Illinois
1053,06,051,00277290,06051,Mono,Mono County,7896624729,214695677,California
1054,06,109,00277319,06109,Tuolumne,Tuolumne County,5752133238,138668837,California
1055,35,013,00929109,35013,Doña Ana,Doña Ana County,9863163868,17594250,New Mexico
1056,13,081,00351607,13081,Crisp,Crisp County,706237950,21408088,Georgia
1057,05,027,00063761,05027,Columbia,Columbia County,1984098878,1985830,Arkansas
1058,38,039,01034219,38039,Griggs,Griggs County,1835486224,20446712,North Dakota
1059,06,095,00277312,06095,Solano,Solano County,2128527683,218619356,California
1060,19,043,00465210,19043,Clayton,Clayton County,2016295985,36695624,Iowa
1061,48,449,01384010,48449,Titus,Titus County,1051700266,50711179,Texas
1062,54,027,01718644,54027,Hampshire,Hampshire County,1658633561,10902927,West Virginia
1063,37,125,01008573,37125,Moore,Moore County,1806983006,20712954,North Carolina
1064,20,009,00484974,20009,Barton,Barton County,2318705423,13926862,Kansas
1065,38,087,01035896,38087,Slope,Slope County,3147520240,10980611,North Dakota
1066,22,083,00559481,22083,Richland,Richland Parish,1439031396,22771218,Louisiana
1067,31,071,00835857,31071,Garfield,Garfield County,1474558344,5321553,Nebraska
1068,22,099,01629486,22099,St. Martin,St. Martin Parish,1910038833,205294658,Louisiana
1069,01,119,00161585,01119,Sumter,Sumter County,2340898913,24634883,Alabama
1070,01,133,00161592,01133,Winston,Winston County,1587657470,48873867,Alabama
1071,12,117,00303665,12117,Seminole,Seminole County,801288992,93135088,Florida
1072,28,035,00695742,28035,Forrest,Forrest County,1207042883,10872917,Mississippi
1073,26,065,01622975,26065,Ingham,Ingham County,1440251657,11990766,Michigan
1074,20,177,00485051,20177,Shawnee,Shawnee County,1409020133,30313507,Kansas
1075,46,061,01266979,46061,Hanson,Hanson County,1125562873,2003166,South Dakota
1076,27,061,00659476,27061,Itasca,Itasca County,6909414890,673890473,Minnesota
1077,08,073,00198152,08073,Lincoln,Lincoln County,6676289547,22780358,Colorado
1078,36,053,00974125,36053,Madison,Madison County,1696054036,16691322,New York
1079,36,115,00974155,36115,Washington,Washington County,2152770306,38126377,New York
1080,18,081,00450365,18081,Johnson,Johnson County,829870736,3563935,Indiana
1081,48,445,01384008,48445,Terry,Terry County,2302113089,5414060,Texas
1082,35,021,00933055,35021,Harding,Harding County,5504963122,1162620,New Mexico
1083,01,121,00161586,01121,Talladega,Talladega County,1908346574,60874403,Alabama
1084,55,067,01581093,55067,Langlade,Langlade County,2255098142,44277570,Wisconsin
1085,48,155,01383863,48155,Foard,Foard County,1824378631,8514741,Texas
1086,19,021,00465200,19021,Buena Vista,Buena Vista County,1488981867,13798140,Iowa
1087,19,129,00465253,19129,Mills,Mills County,1132940500,8316363,Iowa
1088,48,385,01383978,48385,Real,Real County,1810812879,2346259,Texas
1089,39,041,01074033,39041,Delaware,Delaware County,1147744275,36698376,Ohio
1090,37,067,01008552,37067,Forsyth,Forsyth County,1056328480,11658537,North Carolina
1091,32,510,00863219,32510,Carson City,Carson City,374341372,32594082,Nevada
1092,19,049,00465213,19049,Dallas,Dallas County,1523679836,8567941,Iowa
1093,48,065,01383818,48065,Carson,Carson County,2383397227,10026604,Texas
1094,13,261,00343504,13261,Sumter,Sumter County,1250646286,25211441,Georgia
1095,29,223,00758564,29223,Wayne,Wayne County,1966281378,38535344,Missouri
1096,45,007,01247981,45007,Anderson,Anderson County,1848876945,108544449,South Carolina
1097,56,007,01605069,56007,Carbon,Carbon County,20455215119,171386122,Wyoming
1098,30,093,01719575,30093,Silver Bow,Silver Bow County,1859568271,1518178,Montana
1099,17,177,01785076,17177,Stephenson,Stephenson County,1461392061,1350223,Illinois
1100,26,087,01622986,26087,Lapeer,Lapeer County,1675677869,41080674,Michigan
1101,22,027,00558505,22027,Claiborne,Claiborne Parish,1954908518,32473223,Louisiana
1102,28,161,00695801,28161,Yalobusha,Yalobusha County,1209914676,72140595,Mississippi
1103,72,093,01804527,72093,Maricao,Maricao Municipio,94851744,12487,Puerto Rico
1104,26,079,01622982,26079,Kalkaska,Kalkaska County,1449729130,28020186,Michigan
1105,72,005,01804482,72005,Aguadilla,Aguadilla Municipio,94618010,101127672,Puerto Rico
1106,22,039,00558551,22039,Evangeline,Evangeline Parish,1715687375,44662183,Louisiana
1107,47,069,01639750,47069,Hardeman,Hardeman County,1729509842,6768751,Tennessee
1108,04,003,00025442,04003,Cochise,Cochise County,16083178109,17664572,Arizona
1109,35,023,00929106,35023,Hidalgo,Hidalgo County,8905761778,23581028,New Mexico
1110,38,023,01034234,38023,Divide,Divide County,3266310803,86676913,North Dakota
1111,06,071,00277300,06071,San Bernardino,San Bernardino County,51976125699,96413674,California
1112,08,083,00198157,08083,Montezuma,Montezuma County,5255990018,27208195,Colorado
1113,28,023,00695736,28023,Clarke,Clarke County,1791173034,5073931,Mississippi
1114,19,125,00465251,19125,Marion,Marion County,1436123094,41484609,Iowa
1115,31,055,00835849,31055,Douglas,Douglas County,845391130,33520306,Nebraska
1116,51,600,01789070,51600,Fairfax,Fairfax city,16162728,84155,Virginia
1117,40,057,01101816,40057,Harmon,Harmon County,1391491971,3800411,Oklahoma
1118,29,039,00758474,29039,Cedar,Cedar County,1228870903,62637821,Missouri
1119,13,059,01672699,13059,Clarke,Clarke County,308784927,4688313,Georgia
1120,16,085,00399756,16085,Valley,Valley County,9492613296,177110436,Idaho
1121,48,275,01383923,48275,Knox,Knox County,2203098613,12587673,Texas
1122,05,103,00069170,05103,Ouachita,Ouachita County,1897738454,18185713,Arkansas
1123,39,037,01074031,39037,Darke,Darke County,1549077538,4244898,Ohio
1124,40,071,01101823,40071,Kay,Kay County,2381745586,65578499,Oklahoma
1125,46,041,01266994,46041,Dewey,Dewey County,5963127468,370089902,South Dakota
1126,41,057,01135864,41057,Tillamook,Tillamook County,2855123462,595798340,Oregon
1127,13,077,00326666,13077,Coweta,Coweta County,1142367433,12680737,Georgia
1128,28,127,00695784,28127,Simpson,Simpson County,1525930873,3378528,Mississippi
1129,28,131,00695786,28131,Stone,Stone County,1153800120,6712351,Mississippi
1130,06,013,01675903,06013,Contra Costa,Contra Costa County,1856838508,225278783,California
1131,47,017,01639729,47017,Carroll,Carroll County,1547925981,6308712,Tennessee
1132,51,087,01480133,51087,Henrico,Henrico County,605278397,28880880,Virginia
1133,18,119,00450379,18119,Owen,Owen County,997909074,6568942,Indiana
1134,36,119,00974157,36119,Westchester,Westchester County,1115568226,179637635,New York
1135,29,017,00758463,29017,Bollinger,Bollinger County,1600364576,8530122,Missouri
1136,54,047,01689162,54047,McDowell,McDowell County,1381648569,3731571,West Virginia
1137,54,033,01718426,54033,Harrison,Harrison County,1077456355,1318839,West Virginia
1138,37,077,01008556,37077,Granville,Granville County,1377850210,14503653,North Carolina
1139,09,009,00212798,09009,New Haven,New Haven County,1565143224,667604268,Connecticut
1140,31,139,00835891,31139,Pierce,Pierce County,1484707270,3481943,Nebraska
1141,13,023,00347451,13023,Bleckley,Bleckley County,559122125,8425420,Georgia
1142,13,033,00347944,13033,Burke,Burke County,2142023426,20571289,Georgia
1143,17,181,01785113,17181,Union,Union County,1070731267,22540420,Illinois
1144,17,091,00424247,17091,Kankakee,Kankakee County,1752101352,12458978,Illinois
1145,38,051,01034211,38051,McIntosh,McIntosh County,2524106808,51795568,North Dakota
1146,31,141,00835892,31141,Platte,Platte County,1745780718,27297317,Nebraska
1147,37,185,01008593,37185,Warren,Warren County,1112117461,38615564,North Carolina
1148,72,009,01804484,72009,Aibonito,Aibonito Municipio,81094467,71893,Puerto Rico
1149,13,197,00344107,13197,Marion,Marion County,947213841,3785944,Georgia
1150,46,027,01265764,46027,Clay,Clay County,1067154437,13955918,South Dakota
1151,10,005,00217269,10005,Sussex,Sussex County,2424633519,674085951,Delaware
1152,13,159,00346144,13159,Jasper,Jasper County,954167636,13100766,Georgia
1153,29,175,00758542,29175,Randolph,Randolph County,1250217879,13254192,Missouri
1154,20,015,00484977,20015,Butler,Butler County,3702922899,43565303,Kansas
1155,48,209,01383890,48209,Hays,Hays County,1753033395,5054128,Texas
1156,48,325,01383948,48325,Medina,Medina County,3432668370,23757602,Texas
1157,26,105,01622995,26105,Mason,Mason County,1281963206,1935616622,Michigan
1158,45,013,01247984,45013,Beaufort,Beaufort County,1491948052,899854741,South Carolina
1159,46,135,01266975,46135,Yankton,Yankton County,1349873577,28676615,South Dakota
1160,55,105,01581113,55105,Rock,Rock County,1860044984,20695798,Wisconsin
1161,45,077,01248015,45077,Pickens,Pickens County,1287064706,40963215,South Carolina
1162,53,013,01513273,53013,Columbia,Columbia County,2249624779,12561759,Washington
1163,18,023,00450342,18023,Clinton,Clinton County,1049119194,461117,Indiana
1164,17,027,00424215,17027,Clinton,Clinton County,1227502167,75634262,Illinois
1165,16,067,00394807,16067,Minidoka,Minidoka County,1960610979,13927954,Idaho
1166,42,113,01213687,42113,Sullivan,Sullivan County,1165337813,6617028,Pennsylvania
1167,28,121,00695781,28121,Rankin,Rankin County,2008526163,79225996,Mississippi
1168,48,345,01383958,48345,Motley,Motley County,2562963900,644140,Texas
1169,41,039,01135855,41039,Lane,Lane County,11795044830,436058218,Oregon
1170,48,485,01384028,48485,Wichita,Wichita County,1625459966,13644166,Texas
1171,26,155,01623018,26155,Shiawassee,Shiawassee County,1375198265,25833316,Michigan
1172,20,089,00485009,20089,Jewell,Jewell County,2356813568,11367163,Kansas
1173,20,123,00485026,20123,Mitchell,Mitchell County,1817632931,44979980,Kansas
1174,12,007,00303634,12007,Bradford,Bradford County,761368537,16898784,Florida
1175,28,091,00695769,28091,Marion,Marion County,1404804179,16115365,Mississippi
1176,28,039,00695744,28039,George,George County,1239816906,12838126,Mississippi
1177,17,085,00424244,17085,Jo Daviess,Jo Daviess County,1556385347,45789931,Illinois
1178,18,059,00450357,18059,Hancock,Hancock County,792425158,2769690,Indiana
1179,51,620,01498424,51620,Franklin,Franklin city,21438217,227442,Virginia
1180,48,329,01383950,48329,Midland,Midland County,2331915358,4252951,Texas
1181,20,171,00485048,20171,Scott,Scott County,1858536838,306079,Kansas
1182,30,013,01719622,30013,Cascade,Cascade County,6988324590,34310133,Montana
1183,51,660,01498563,51660,Harrisonburg,Harrisonburg city,44908386,131080,Virginia
1184,17,199,01785215,17199,Williamson,Williamson County,1088338913,62470509,Illinois
1185,30,029,01719611,30029,Flathead,Flathead County,13175845388,437161601,Montana
1186,72,111,01804536,72111,Peñuelas,Peñuelas Municipio,115558559,60210081,Puerto Rico
1187,20,189,00485056,20189,Stevens,Stevens County,1883593926,464936,Kansas
1188,21,067,00516880,21067,Fayette,Fayette County,734617508,4920615,Kentucky
1189,21,091,00516892,21091,Hancock,Hancock County,486071470,29136422,Kentucky
1190,46,013,01265785,46013,Brown,Brown County,4436728205,46414569,South Dakota
1191,54,001,01696996,54001,Barbour,Barbour County,883338376,4639586,West Virginia
1192,47,181,01639798,47181,Wayne,Wayne County,1901333937,4023436,Tennessee
1193,31,013,00835991,31013,Box Butte,Box Butte County,2785180098,6588657,Nebraska
1194,42,097,01209186,42097,Northumberland,Northumberland County,1185344304,50674892,Pennsylvania
1195,48,469,01384020,48469,Victoria,Victoria County,2284644884,17425944,Texas
1196,51,530,01498417,51530,Buena Vista,Buena Vista city,16674752,219579,Virginia
1197,26,147,01625033,26147,St. Clair,St. Clair County,1868725517,297817403,Michigan
1198,31,173,00835908,31173,Thurston,Thurston County,1019377275,6458648,Nebraska
1199,50,015,01461764,50015,Lamoille,Lamoille County,1194643959,12744800,Vermont
1200,51,067,01494434,51067,Franklin,Franklin County,1788671765,54404459,Virginia
1201,40,011,01101793,40011,Blaine,Blaine County,2404772749,26855431,Oklahoma
1202,53,037,01531926,53037,Kittitas,Kittitas County,5949926850,92486168,Washington
1203,18,135,00446853,18135,Randolph,Randolph County,1171656774,2420288,Indiana
1204,49,025,01448026,49025,Kane,Kane County,10333921894,306159895,Utah
1205,54,093,01689423,54093,Tucker,Tucker County,1085320044,5303786,West Virginia
1206,72,113,01804537,72113,Ponce,Ponce Municipio,297688619,203748553,Puerto Rico
1207,55,023,01581071,55023,Crawford,Crawford County,1477970925,73976386,Wisconsin
1208,01,071,00161561,01071,Jackson,Jackson County,2792044654,126334707,Alabama
1209,19,123,00465250,19123,Mahaska,Mahaska County,1478498325,6594320,Iowa
1210,20,045,00484992,20045,Douglas,Douglas County,1180428103,48875040,Kansas
1211,21,059,00516876,21059,Daviess,Daviess County,1187227812,46825916,Kentucky
1212,21,197,00516945,21197,Powell,Powell County,463558850,2953274,Kentucky
1213,29,097,00758503,29097,Jasper,Jasper County,1653723325,7163884,Missouri
1214,41,061,01164165,41061,Union,Union County,5275651494,4936782,Oregon
1215,13,151,01671894,13151,Henry,Henry County,825449019,20273034,Georgia
1216,38,001,01034210,38001,Adams,Adams County,2557733900,2894336,North Dakota
1217,37,137,01023355,37137,Pamlico,Pamlico County,871570771,583036551,North Carolina
1218,21,083,00516888,21083,Graves,Graves County,1429035006,13037984,Kentucky
1219,42,021,01213662,42021,Cambria,Cambria County,1780643391,13523237,Pennsylvania
1220,47,107,01639773,47107,McMinn,McMinn County,1113997311,5340568,Tennessee
1221,26,093,01622989,26093,Livingston,Livingston County,1464079839,52114448,Michigan
1222,08,001,00198116,08001,Adams,Adams County,3021840487,43702201,Colorado
1223,42,069,01213675,42069,Lackawanna,Lackawanna County,1188509485,15908159,Pennsylvania
1224,40,123,01101849,40123,Pontotoc,Pontotoc County,1865856327,12574651,Oklahoma
1225,40,037,01101806,40037,Creek,Creek County,2460340023,50692024,Oklahoma
1226,48,457,01384014,48457,Tyler,Tyler County,2394158684,29093511,Texas
1227,47,175,01648584,47175,Van Buren,Van Buren County,708142395,2893456,Tennessee
1228,40,125,01101850,40125,Pottawatomie,Pottawatomie County,2040375639,14845673,Oklahoma
1229,09,013,00212668,09013,Tolland,Tolland County,1062807467,17549693,Connecticut
1230,35,053,01702371,35053,Socorro,Socorro County,17214061665,4843011,New Mexico
1231,13,003,00345784,13003,Atkinson,Atkinson County,887636774,4701677,Georgia
1232,12,031,00293656,12031,Duval,Duval County,1975265289,403543924,Florida
1233,48,145,01383858,48145,Falls,Falls County,1982623099,21693053,Texas
1234,05,149,00069908,05149,Yell,Yell County,2409234392,46381281,Arkansas
1235,20,033,00484986,20033,Comanche,Comanche County,2041681089,3604155,Kansas
1236,21,113,00516903,21113,Jessamine,Jessamine County,445912083,6125310,Kentucky
1237,21,171,00516932,21171,Monroe,Monroe County,853220889,6801900,Kentucky
1238,40,075,01101825,40075,Kiowa,Kiowa County,2629039886,40296743,Oklahoma
1239,46,079,01265776,46079,Lake,Lake County,1457879899,31783045,South Dakota
1240,37,033,01008542,37033,Caswell,Caswell County,1101694783,8641803,North Carolina
1241,48,377,01383974,48377,Presidio,Presidio County,9985057446,1773188,Texas
1242,39,057,01074041,39057,Greene,Greene County,1071111594,6802048,Ohio
1243,48,489,01384030,48489,Willacy,Willacy County,1529652214,502884780,Texas
1244,72,021,01804490,72021,Bayamón,Bayamón Municipio,115097577,314191,Puerto Rico
1245,35,028,01702366,35028,Los Alamos,Los Alamos County,282626748,208105,New Mexico
1246,02,122,01419972,02122,Kenai Peninsula,Kenai Peninsula Borough,41484933190,22541174474,Alaska
1247,01,003,00161527,01003,Baldwin,Baldwin County,4117656514,1132955729,Alabama
1248,19,007,00465193,19007,Appanoose,Appanoose County,1287997902,49093607,Iowa
1249,78,010,02378248,78010,St. Croix,St. Croix Island,215914980,645644854,Virgin Islands
1250,51,127,01480150,51127,New Kent,New Kent County,543986299,35598427,Virginia
1251,13,263,00326757,13263,Talbot,Talbot County,1013662778,8766848,Georgia
1252,36,049,00974123,36049,Lewis,Lewis County,3306017158,39659426,New York
1253,54,015,01550014,54015,Clay,Clay County,885617417,4862288,West Virginia
1254,18,077,00450363,18077,Jefferson,Jefferson County,934084282,6112619,Indiana
1255,51,019,01674818,51019,Bedford,Bedford County,1968660755,42062887,Virginia
1256,35,033,01702367,35033,Mora,Mora County,4988962636,6093304,New Mexico
1257,31,011,00835828,31011,Boone,Boone County,1778138691,1745891,Nebraska
1258,29,149,00758529,29149,Oregon,Oregon County,2045687598,4528441,Missouri
1259,47,083,01648578,47083,Houston,Houston County,518758193,17303404,Tennessee
1260,42,131,01209192,42131,Wyoming,Wyoming County,1028873829,20040006,Pennsylvania
1261,37,107,01008568,37107,Lenoir,Lenoir County,1033630014,5900299,North Carolina
1262,18,167,00450398,18167,Vigo,Vigo County,1045373538,17688023,Indiana
1263,18,039,00450348,18039,Elkhart,Elkhart County,1199580231,12457801,Indiana
1264,51,077,01501196,51077,Grayson,Grayson County,1144218746,9792929,Virginia
1265,48,303,01383937,48303,Lubbock,Lubbock County,2319597749,13210797,Texas
1266,27,093,00659492,27093,Meeker,Meeker County,1574629006,94913845,Minnesota
1267,39,005,01074016,39005,Ashland,Ashland County,1095530837,9966470,Ohio
1268,31,119,00835880,31119,Madison,Madison County,1483084610,7325865,Nebraska
1269,12,085,00308550,12085,Martin,Martin County,1408493392,542089457,Florida
1270,08,079,00198155,08079,Mineral,Mineral County,2268209076,5222161,Colorado
1271,13,085,00351312,13085,Dawson,Dawson County,546042258,9272655,Georgia
1272,13,167,00346664,13167,Johnson,Johnson County,784815230,9256633,Georgia
1273,05,095,00069167,05095,Monroe,Monroe County,1573336901,35707672,Arkansas
1274,29,059,00758484,29059,Dallas,Dallas County,1401057564,4909180,Missouri
1275,51,143,01480157,51143,Pittsylvania,Pittsylvania County,2509705676,23903849,Virginia
1276,02,068,01419988,02068,Denali,Denali Borough,32740165582,66105677,Alaska
1277,20,145,00485036,20145,Pawnee,Pawnee County,1953531647,992041,Kansas
1278,20,209,00485065,20209,Wyandotte,Wyandotte County,392739381,11801597,Kansas
1279,12,029,00295725,12029,Dixie,Dixie County,1826029565,876347537,Florida
1280,26,157,01623019,26157,Tuscola,Tuscola County,2084554697,282463217,Michigan
1281,02,240,01419983,02240,Southeast Fairbanks,Southeast Fairbanks Census Area,64312145207,749823085,Alaska
1282,20,065,00481811,20065,Graham,Graham County,2327173854,599356,Kansas
1283,22,097,01629479,22097,St. Landry,St. Landry Parish,2393224007,39013551,Louisiana
1284,47,055,01639746,47055,Giles,Giles County,1582304899,642572,Tennessee
1285,39,095,01074060,39095,Lucas,Lucas County,879723724,663488658,Ohio
1286,05,093,00069899,05093,Mississippi,Mississippi County,2336409933,72224609,Arkansas
1287,72,117,01804539,72117,Rincón,Rincón Municipio,37005459,103924382,Puerto Rico
1288,18,043,00450350,18043,Floyd,Floyd County,384566111,2705134,Indiana
1289,20,129,00485135,20129,Morton,Morton County,1889993632,507796,Kansas
1290,21,081,00516887,21081,Grant,Grant County,668157704,7243449,Kentucky
1291,21,217,00516955,21217,Taylor,Taylor County,689891732,27072003,Kentucky
1292,37,075,01008555,37075,Graham,Graham County,756189029,25057776,North Carolina
1293,54,045,01550029,54045,Logan,Logan County,1175120719,4748336,West Virginia
1294,54,073,01678557,54073,Pleasants,Pleasants County,337007574,11468023,West Virginia
1295,51,071,01494551,51071,Giles,Giles County,925207102,11232500,Virginia
1296,54,019,01560095,54019,Fayette,Fayette County,1713569362,17443841,West Virginia
1297,53,061,01529222,53061,Snohomish,Snohomish County,5404065563,282905322,Washington
1298,35,015,00936829,35015,Eddy,Eddy County,10816688004,56493049,New Mexico
1299,31,117,00835881,31117,McPherson,McPherson County,2225460625,2680669,Nebraska
1300,31,145,00835894,31145,Red Willow,Red Willow County,1857036304,2591016,Nebraska
1301,31,149,00835896,31149,Rock,Rock County,2611466193,8807741,Nebraska
1302,47,085,01639757,47085,Humphreys,Humphreys County,1374668727,67184110,Tennessee
1303,17,125,00424261,17125,Mason,Mason County,1396914848,62748513,Illinois
1304,51,197,01501379,51197,Wythe,Wythe County,1196450502,7232493,Virginia
1305,13,303,00348428,13303,Washington,Washington County,1757373959,15099021,Georgia
1306,53,077,01531929,53077,Yakima,Yakima County,11122734368,41188783,Washington
1307,05,143,00069905,05143,Washington,Washington County,2438398251,27945200,Arkansas
1308,48,213,01383892,48213,Henderson,Henderson County,2263082389,193353703,Texas
1309,55,035,01581077,55035,Eau Claire,Eau Claire County,1652211227,18848551,Wisconsin
1310,47,153,01652643,47153,Sequatchie,Sequatchie County,688550848,498315,Tennessee
1311,48,471,01384021,48471,Walker,Walker County,2031126325,44745757,Texas
1312,04,005,00025443,04005,Coconino,Coconino County,48216135500,116631423,Arizona
1313,20,191,00481812,20191,Sumner,Sumner County,3060505684,8512878,Kansas
1314,26,127,01623006,26127,Oceana,Oceana County,1393686390,1988709489,Michigan
1315,27,065,00659478,27065,Kanabec,Kanabec County,1350962864,31252182,Minnesota
1316,39,007,01074017,39007,Ashtabula,Ashtabula County,1818345034,1724513202,Ohio
1317,06,003,01675840,06003,Alpine,Alpine County,1912292607,12557304,California
1318,48,167,01383869,48167,Galveston,Galveston County,982346325,1281011355,Texas
1319,01,011,00161531,01011,Bullock,Bullock County,1613083467,6030667,Alabama
1320,17,105,00424254,17105,Livingston,Livingston County,2702983878,5975815,Illinois
1321,39,135,01074080,39135,Preble,Preble County,1098741137,6062721,Ohio
1322,39,079,01074052,39079,Jackson,Jackson County,1088598926,3167846,Ohio
1323,48,201,01383886,48201,Harris,Harris County,4421068052,182379558,Texas
1324,25,017,00606935,25017,Middlesex,Middlesex County,2118256715,75315911,Massachusetts
1325,72,145,01804553,72145,Vega Baja,Vega Baja Municipio,118746309,57826361,Puerto Rico
1326,48,115,01383843,48115,Dawson,Dawson County,2331781561,4720730,Texas
1327,36,069,00974133,36069,Ontario,Ontario County,1668147120,47854414,New York
1328,01,001,00161526,01001,Autauga,Autauga County,1539634184,25674812,Alabama
1329,20,121,00485025,20121,Miami,Miami County,1491519051,37235270,Kansas
1330,13,091,00348116,13091,Dodge,Dodge County,1284538002,18529136,Georgia
1331,36,023,00974110,36023,Cortland,Cortland County,1291817953,7110638,New York
1332,13,039,01671316,13039,Camden,Camden County,1632622505,392508756,Georgia
1333,26,161,01623021,26161,Washtenaw,Washtenaw County,1828539718,42523319,Michigan
1334,18,087,00450368,18087,LaGrange,LaGrange County,983236299,18318588,Indiana
1335,48,371,01383971,48371,Pecos,Pecos County,12338274936,2532275,Texas
1336,13,225,00343153,13225,Peach,Peach County,389234765,2678496,Georgia
1337,13,311,00326781,13311,White,White County,623524633,3917258,Georgia
1338,13,163,00345714,13163,Jefferson,Jefferson County,1363771357,8059597,Georgia
1339,55,083,01581102,55083,Oconto,Oconto County,2583464370,392038653,Wisconsin
1340,48,347,01383959,48347,Nacogdoches,Nacogdoches County,2450966944,89731149,Texas
1341,44,009,01219782,44009,Washington,Washington County,852827571,604769755,Rhode Island
1342,53,047,01531928,53047,Okanogan,Okanogan County,13639402439,120409385,Washington
1343,53,063,01529225,53063,Spokane,Spokane County,4569318495,43407953,Washington
1344,55,041,01581080,55041,Forest,Forest County,2626936100,83536591,Wisconsin
1345,55,113,01581116,55113,Sawyer,Sawyer County,3257188233,239912003,Wisconsin
1346,34,017,00882278,34017,Hudson,Hudson County,119640822,41836491,New Jersey
1347,39,151,01065576,39151,Stark,Stark County,1489930012,13646459,Ohio
1348,48,187,01383879,48187,Guadalupe,Guadalupe County,1842136055,9157037,Texas
1349,53,029,01513272,53029,Island,Island County,539943912,799920796,Washington
1350,54,037,01550025,54037,Jefferson,Jefferson County,542072983,6150170,West Virginia
1351,51,153,01480161,51153,Prince William,Prince William County,868309976,30837608,Virginia
1352,42,029,01209174,42029,Chester,Chester County,1943905797,22412288,Pennsylvania
1353,54,055,01557645,54055,Mercer,Mercer County,1085106062,4442450,West Virginia
1354,47,145,01639785,47145,Roane,Roane County,934385981,88599487,Tennessee
1355,53,009,01531341,53009,Clallam,Clallam County,4503412739,2409309960,Washington
1356,53,065,01531930,53065,Stevens,Stevens County,6415657826,162941995,Washington
1357,19,177,00465277,19177,Van Buren,Van Buren County,1255605714,14880499,Iowa
1358,31,073,00835858,31073,Gosper,Gosper County,1186616216,11831826,Nebraska
1359,28,095,00695771,28095,Monroe,Monroe County,1981578016,18140832,Mississippi
1360,12,033,00295737,12033,Escambia,Escambia County,1701606697,1213969815,Florida
1361,48,439,01384005,48439,Tarrant,Tarrant County,2241076690,99784211,Texas
1362,24,033,01714670,24033,Prince George's,Prince George's County,1250057213,41922695,Maryland
1363,51,169,01498172,51169,Scott,Scott County,1387786258,8105326,Virginia
1364,48,239,01383905,48239,Jackson,Jackson County,2148246693,71039573,Texas
1365,40,085,01101830,40085,Love,Love County,1331030675,47500741,Oklahoma
1366,13,289,00345456,13289,Twiggs,Twiggs County,930478093,8740237,Georgia
1367,39,099,01074062,39099,Mahoning,Mahoning County,1065748187,35455920,Ohio
1368,01,087,00161569,01087,Macon,Macon County,1576435594,11765508,Alabama
1369,17,191,00424296,17191,Wayne,Wayne County,1848810380,4224962,Illinois
1370,48,437,01384004,48437,Swisher,Swisher County,2305502705,27277988,Texas
1371,29,151,00758530,29151,Osage,Osage County,1571034360,17734586,Missouri
1372,17,089,00424246,17089,Kane,Kane County,1345149889,12474716,Illinois
1373,06,017,00277273,06017,El Dorado,El Dorado County,4423312022,203340010,California
1374,45,055,01248007,45055,Kershaw,Kershaw County,1881916533,35348695,South Carolina
1375,37,073,01026126,37073,Gates,Gates County,882181709,13292008,North Carolina
1376,08,089,00198160,08089,Otero,Otero County,3268424301,20092555,Colorado
1377,41,019,01135849,41019,Douglas,Douglas County,13042399612,251900488,Oregon
1378,42,089,01209184,42089,Monroe,Monroe County,1575634620,22676290,Pennsylvania
1379,05,101,00069900,05101,Newton,Newton County,2126566287,5935948,Arkansas
1380,38,019,01035304,38019,Cavalier,Cavalier County,3856816541,53639348,North Dakota
1381,40,103,01101839,40103,Noble,Noble County,1895123227,28103707,Oklahoma
1382,20,063,00485000,20063,Gove,Gove County,2775601942,245369,Kansas
1383,22,077,00559449,22077,Pointe Coupee,Pointe Coupee Parish,1442300231,86716680,Louisiana
1384,31,067,00835855,31067,Gage,Gage County,2205273758,22012188,Nebraska
1385,01,115,00164997,01115,St. Clair,St. Clair County,1635759714,56431801,Alabama
1386,28,123,00695782,28123,Scott,Scott County,1577902084,3001523,Mississippi
1387,13,095,00351259,13095,Dougherty,Dougherty County,851183381,15352851,Georgia
1388,18,061,00451677,18061,Harrison,Harrison County,1253823026,5278989,Indiana
1389,16,017,00395158,16017,Bonner,Bonner County,4489020246,478920605,Idaho
1390,13,047,00353230,13047,Catoosa,Catoosa County,419998923,771159,Georgia
1391,22,059,00558049,22059,LaSalle,LaSalle Parish,1618363236,97655624,Louisiana
1392,23,027,00581299,23027,Waldo,Waldo County,1890616317,318014823,Maine
1393,24,027,01709077,24027,Howard,Howard County,649956423,6336170,Maryland
1394,49,035,01448031,49035,Salt Lake,Salt Lake County,1921953039,164895908,Utah
1395,09,003,00212338,09003,Hartford,Hartford County,1903469905,40617843,Connecticut
1396,09,015,00212801,09015,Windham,Windham County,1328477631,21478813,Connecticut
1397,12,087,00295759,12087,Monroe,Monroe County,2546067521,11153842007,Florida
1398,39,157,01074090,39157,Tuscarawas,Tuscarawas County,1469575828,10363325,Ohio
1399,36,085,00974141,36085,Richmond,Richmond County,148982680,117441533,New York
1400,39,071,01074048,39071,Highland,Highland County,1432479980,12194983,Ohio
1401,27,077,00659483,27077,Lake of the Woods,Lake of the Woods County,3361396302,1248338649,Minnesota
1402,16,011,00400593,16011,Bingham,Bingham County,5422741967,68632371,Idaho
1403,72,023,01804491,72023,Cabo Rojo,Cabo Rojo Municipio,182247776,277245345,Puerto Rico
1404,72,069,01804515,72069,Humacao,Humacao Municipio,115818102,69100039,Puerto Rico
1405,72,077,01804519,72077,Juncos,Juncos Municipio,68609110,323994,Puerto Rico
1406,45,045,01245489,45045,Greenville,Greenville County,2035565486,24966064,South Carolina
1407,46,085,01265789,46085,Lyman,Lyman County,4253498542,167300393,South Dakota
1408,55,121,01581120,55121,Trempealeau,Trempealeau County,1898383310,23321910,Wisconsin
1409,06,113,00277321,06113,Yolo,Yolo County,2628145869,22877242,California
1410,48,431,01384001,48431,Sterling,Sterling County,2391722770,167451,Texas
1411,48,495,01384033,48495,Winkler,Winkler County,2178876165,19838,Texas
1412,46,071,01265794,46071,Jackson,Jackson County,4827433521,19106096,South Dakota
1413,49,041,01448034,49041,Sevier,Sevier County,4948000055,20260728,Utah
1414,51,036,01480109,51036,Charles City,Charles City County,473711548,55274680,Virginia
1415,01,023,00161537,01023,Choctaw,Choctaw County,2365900081,19114321,Alabama
1416,18,083,00450366,18083,Knox,Knox County,1335984776,20892977,Indiana
1417,31,047,00835845,31047,Dawson,Dawson County,2623809791,16509199,Nebraska
1418,20,057,00484997,20057,Ford,Ford County,2844508242,2097356,Kansas
1419,38,105,01035306,38105,Williams,Williams County,5380959392,181836633,North Dakota
1420,38,017,01034226,38017,Cass,Cass County,4571159454,7449198,North Dakota
1421,17,069,00424236,17069,Hardin,Hardin County,459435094,10485761,Illinois
1422,31,005,00835825,31005,Arthur,Arthur County,1852234549,7644718,Nebraska
1423,48,163,01383867,48163,Frio,Frio County,2935753504,2193621,Texas
1424,19,103,00465240,19103,Johnson,Johnson County,1587655795,26070845,Iowa
1425,20,133,00485030,20133,Neosho,Neosho County,1480129682,16350961,Kansas
1426,21,089,00516891,21089,Greenup,Greenup County,892152805,25864468,Kentucky
1427,20,107,00485018,20107,Linn,Linn County,1538662702,31893232,Kansas
1428,49,017,01448023,49017,Garfield,Garfield County,13403572593,85610782,Utah
1429,32,011,00858640,32011,Eureka,Eureka County,10814982421,11058701,Nevada
1430,31,085,00835864,31085,Hayes,Hayes County,1846821531,570786,Nebraska
1431,08,095,00198163,08095,Phillips,Phillips County,1781724976,301808,Colorado
1432,05,013,00063758,05013,Calhoun,Calhoun County,1628067881,9885352,Arkansas
1433,02,090,01419969,02090,Fairbanks North Star,Fairbanks North Star Borough,18997100791,259310746,Alaska
1434,21,101,00516897,21101,Henderson,Henderson County,1130079862,75695856,Kentucky
1435,28,051,00695749,28051,Holmes,Holmes County,1959776830,20568825,Mississippi
1436,28,105,00695775,28105,Oktibbeha,Oktibbeha County,1186834318,9566078,Mississippi
1437,72,037,01804498,72037,Ceiba,Ceiba Municipio,75201649,336178484,Puerto Rico
1438,72,047,01804503,72047,Corozal,Corozal Municipio,110248542,16284,Puerto Rico
1439,30,027,01719614,30027,Fergus,Fergus County,11238811035,27700317,Montana
1440,24,023,01711058,24023,Garrett,Garrett County,1681102437,22498420,Maryland
1441,22,119,00559567,22119,Webster,Webster Parish,1536614989,56020319,Louisiana
1442,26,059,01622972,26059,Hillsdale,Hillsdale County,1549207166,22939100,Michigan
1443,21,141,00516917,21141,Logan,Logan County,1430224002,12479211,Kentucky
1444,46,033,01265788,46033,Custer,Custer County,4032463966,5490769,South Dakota
1445,33,013,00873180,33013,Merrimack,Merrimack County,2416197730,57178203,New Hampshire
1446,42,133,01209193,42133,York,York County,2342295972,16503210,Pennsylvania
1447,37,161,01008584,37161,Rutherford,Rutherford County,1464476090,4692959,North Carolina
1448,46,005,01266986,46005,Beadle,Beadle County,3260011987,15834230,South Dakota
1449,01,043,00161547,01043,Cullman,Cullman County,1902965973,52529944,Alabama
1450,13,097,01686467,13097,Douglas,Douglas County,518302399,2423527,Georgia
1451,31,097,00835870,31097,Johnson,Johnson County,974029895,1704834,Nebraska
1452,37,187,01026331,37187,Washington,Washington County,897456201,195282199,North Carolina
1453,46,075,01266981,46075,Jones,Jones County,2511438719,3147179,South Dakota
1454,37,007,01008534,37007,Anson,Anson County,1376478143,14603213,North Carolina
1455,02,100,01419970,02100,Haines,Haines Borough,6069358955,1041214321,Alaska
1456,38,007,01035616,38007,Billings,Billings County,2974571272,11986463,North Dakota
1457,31,003,00835824,31003,Antelope,Antelope County,2220025614,3716675,Nebraska
1458,29,073,00758491,29073,Gasconade,Gasconade County,1344216322,18008168,Missouri
1459,21,031,00516862,21031,Butler,Butler County,1103571982,13943050,Kentucky
1460,78,020,02378249,78020,St. John,St. John Island,50998053,186670411,Virgin Islands
1461,56,005,01605068,56005,Campbell,Campbell County,12437291885,11010427,Wyoming
1462,13,211,00346008,13211,Morgan,Morgan County,899791096,18672319,Georgia
1463,05,037,00066848,05037,Cross,Cross County,1596255187,15389371,Arkansas
1464,05,107,00069172,05107,Phillips,Phillips County,1788024160,95966884,Arkansas
1465,22,093,01629464,22093,St. James,St. James Parish,616057915,38773983,Louisiana
1466,06,115,00277322,06115,Yuba,Yuba County,1636887865,31084093,California
1467,01,117,00161584,01117,Shelby,Shelby County,2034279163,62288764,Alabama
1468,08,091,00198161,08091,Ouray,Ouray County,1400332623,3986292,Colorado
1469,35,009,00933053,35009,Curry,Curry County,3640295680,7992977,New Mexico
1470,40,149,01101862,40149,Washita,Washita County,2597989577,14579003,Oklahoma
1471,37,135,01008576,37135,Orange,Orange County,1029651668,8829147,North Carolina
1472,18,131,00446852,18131,Pulaski,Pulaski County,1123212810,2224813,Indiana
1473,26,019,01622952,26019,Benzie,Benzie County,828014457,1398245676,Michigan
1474,36,029,00974113,36029,Erie,Erie County,2700660508,476879106,New York
1475,24,031,01712500,24031,Montgomery,Montgomery County,1277193339,35686502,Maryland
1476,51,685,01498431,51685,Manassas Park,Manassas Park city,7857548,1609,Virginia
1477,51,013,01480097,51013,Arlington,Arlington County,67332990,273562,Virginia
1478,51,035,01480108,51035,Carroll,Carroll County,1229582400,7586185,Virginia
1479,29,183,00758546,29183,St. Charles,St. Charles County,1451692082,82663655,Missouri
1480,06,069,00277299,06069,San Benito,San Benito County,3596591085,4719300,California
1481,24,035,00596089,24035,Queen Anne's,Queen Anne's County,962673214,360020725,Maryland
1482,20,013,00484976,20013,Brown,Brown County,1478550074,3196147,Kansas
1483,13,031,00350302,13031,Bulloch,Bulloch County,1750735217,32827779,Georgia
1484,21,071,00516882,21071,Floyd,Floyd County,1018626552,6245241,Kentucky
1485,30,007,01719625,30007,Broadwater,Broadwater County,3088195855,118487318,Montana
1486,13,309,00351278,13309,Wheeler,Wheeler County,765314383,12377032,Georgia
1487,37,049,01026123,37049,Craven,Craven County,1830014540,172777671,North Carolina
1488,29,087,00758498,29087,Holt,Holt County,1198369593,19839053,Missouri
1489,48,295,01383933,48295,Lipscomb,Lipscomb County,2414422644,298741,Texas
1490,41,009,01135847,41009,Columbia,Columbia County,1705984342,78454245,Oregon
1491,45,041,01248001,45041,Florence,Florence County,2073299560,9766894,South Carolina
1492,38,061,01035307,38061,Mountrail,Mountrail County,4727150567,301102218,North Dakota
1493,49,053,01448040,49053,Washington,Washington County,6287037041,7781671,Utah
1494,30,003,01716521,30003,Big Horn,Big Horn County,12944280256,47395459,Montana
1495,42,047,01213668,42047,Elk,Elk County,2141664702,12791578,Pennsylvania
1496,31,165,00835904,31165,Sioux,Sioux County,5352785007,1665309,Nebraska
1497,28,031,00695740,28031,Covington,Covington County,1071784952,2880713,Mississippi
1498,72,099,01804530,72099,Moca,Moca Municipio,130383565,56474,Puerto Rico
1499,18,013,00451684,18013,Brown,Brown County,808043850,12025990,Indiana
1500,18,019,00450340,18019,Clark,Clark County,965623783,9734469,Indiana
1501,21,021,00516857,21021,Boyle,Boyle County,467104135,6450463,Kentucky
1502,21,065,00516879,21065,Estill,Estill County,655509950,6516334,Kentucky
1503,48,087,01383829,48087,Collingsworth,Collingsworth County,2378749928,2279194,Texas
1504,48,089,01383830,48089,Colorado,Colorado County,2487142710,34691168,Texas
1505,17,063,00424233,17063,Grundy,Grundy County,1082941913,32130366,Illinois
1506,27,081,00659486,27081,Lincoln,Lincoln County,1390265112,30167787,Minnesota
1507,13,109,00345923,13109,Evans,Evans County,473694905,10295112,Georgia
1508,48,497,01384034,48497,Wise,Wise County,2342372267,47035843,Texas
1509,02,050,01419966,02050,Bethel,Bethel Census Area,105223804364,12764675306,Alaska
1510,13,307,00352287,13307,Webster,Webster County,543010089,2338844,Georgia
1511,13,169,00345367,13169,Jones,Jones County,1020304152,3820256,Georgia
1512,13,135,01688166,13135,Gwinnett,Gwinnett County,1115664831,15600869,Georgia
1513,55,095,01581108,55095,Polk,Polk County,2368077722,109025818,Wisconsin
1514,55,045,01581082,55045,Green,Green County,1512667175,1313241,Wisconsin
1515,72,107,01804534,72107,Orocovis,Orocovis Municipio,164788358,402899,Puerto Rico
1516,36,079,00974138,36079,Putnam,Putnam County,596349758,41229989,New York
1517,51,700,01498555,51700,Newport News,Newport News city,178679454,131135058,Virginia
1518,08,011,00198121,08011,Bent,Bent County,3918255148,73141518,Colorado
1519,40,065,01101820,40065,Jackson,Jackson County,2078860507,4114418,Oklahoma
1520,30,089,01719578,30089,Sanders,Sanders County,7149404122,76395122,Montana
1521,48,173,01383872,48173,Glasscock,Glasscock County,2331552974,2245302,Texas
1522,05,047,00066853,05047,Franklin,Franklin County,1577206796,28920052,Arkansas
1523,40,093,01101831,40093,Major,Major County,2473438560,7651007,Oklahoma
1524,47,125,01639777,47125,Montgomery,Montgomery County,1396441789,12068782,Tennessee
1525,53,051,01529157,53051,Pend Oreille,Pend Oreille County,3626617235,65406812,Washington
1526,38,055,01034232,38055,McLean,McLean County,5465546323,563843611,North Dakota
1527,41,027,01155131,41027,Hood River,Hood River County,1352200146,29043701,Oregon
1528,19,197,00465287,19197,Wright,Wright County,1503260259,4703964,Iowa
1529,48,419,01383995,48419,Shelby,Shelby County,2060566466,101081677,Texas
1530,29,055,00758482,29055,Crawford,Crawford County,1923005890,3306286,Missouri
1531,51,017,01673638,51017,Bath,Bath County,1370626043,14039993,Virginia
1532,27,111,00659501,27111,Otter Tail,Otter Tail County,5106508611,654472630,Minnesota
1533,22,075,00558125,22075,Plaquemines,Plaquemines Parish,2020676390,4628435537,Louisiana
1534,28,115,00695803,28115,Pontotoc,Pontotoc County,1289330916,8308394,Mississippi
1535,22,067,00558097,22067,Morehouse,Morehouse Parish,2058910717,28888046,Louisiana
1536,21,029,00516861,21029,Bullitt,Bullitt County,769361418,8320138,Kentucky
1537,01,047,00161549,01047,Dallas,Dallas County,2534919608,39124778,Alabama
1538,48,093,01383832,48093,Comanche,Comanche County,2428768926,25719485,Texas
1539,30,053,01720038,30053,Lincoln,Lincoln County,9356484224,161555792,Montana
1540,72,129,01804545,72129,San Lorenzo,San Lorenzo Municipio,137547962,256428,Puerto Rico
1541,72,135,01804548,72135,Toa Alta,Toa Alta Municipio,69972568,1405465,Puerto Rico
1542,27,021,00659456,27021,Cass,Cass County,5235592066,1016598358,Minnesota
1543,08,007,00198119,08007,Archuleta,Archuleta County,3496712164,13740247,Colorado
1544,28,163,00695802,28163,Yazoo,Yazoo County,2388847327,30612555,Mississippi
1545,55,087,01581104,55087,Outagamie,Outagamie County,1651265932,18261063,Wisconsin
1546,29,107,00758508,29107,Lafayette,Lafayette County,1627237794,27073170,Missouri
1547,37,195,01008596,37195,Wilson,Wilson County,952013027,14332439,North Carolina
1548,39,117,01074071,39117,Morrow,Morrow County,1051881045,2819351,Ohio
1549,30,039,01719605,30039,Granite,Granite County,4473328972,14546367,Montana
1550,38,031,01034223,38031,Foster,Foster County,1642258774,33103934,North Dakota
1551,05,033,00069161,05033,Crawford,Crawford County,1541738667,27519858,Arkansas
1552,48,053,01383812,48053,Burnet,Burnet County,2576525880,69856136,Texas
1553,29,186,00765806,29186,Ste. Genevieve,Ste. Genevieve County,1292800352,19739769,Missouri
1554,48,179,01383875,48179,Gray,Gray County,2398261679,8700790,Texas
1555,17,109,01784729,17109,McDonough,McDonough County,1526339605,2012552,Illinois
1556,19,137,00465257,19137,Montgomery,Montgomery County,1098405771,2410446,Iowa
1557,05,067,00066861,05067,Jackson,Jackson County,1641044497,20284490,Arkansas
1558,48,229,01383900,48229,Hudspeth,Hudspeth County,11837605339,2189943,Texas
1559,22,079,00559460,22079,Rapides,Rapides Parish,3420935889,105385799,Louisiana
1560,31,111,00835877,31111,Lincoln,Lincoln County,6641092845,28436694,Nebraska
1561,48,067,01383819,48067,Cass,Cass County,2426683491,60494144,Texas
1562,47,079,01639755,47079,Henry,Henry County,1455320362,81582236,Tennessee
1563,51,840,01789077,51840,Winchester,Winchester city,23809500,54462,Virginia
1564,37,061,01026132,37061,Duplin,Duplin County,2110115795,14237879,North Carolina
1565,37,087,01008561,37087,Haywood,Haywood County,1433713845,2438478,North Carolina
1566,27,037,00659464,27037,Dakota,Dakota County,1456981753,62989474,Minnesota
1567,41,025,01135852,41025,Harney,Harney County,26248072905,241568254,Oregon
1568,72,095,01804528,72095,Maunabo,Maunabo Municipio,54816716,44549509,Puerto Rico
1569,55,001,01581060,55001,Adams,Adams County,1672216054,108348982,Wisconsin
1570,29,045,00758477,29045,Clark,Clark County,1306924727,18695976,Missouri
1571,21,015,00516854,21015,Boone,Boone County,637882941,26460891,Kentucky
1572,21,229,00516961,21229,Washington,Washington County,769154197,10947539,Kentucky
1573,22,009,00558424,22009,Avoyelles,Avoyelles Parish,2154720636,87260610,Louisiana
1574,28,137,00695789,28137,Tate,Tate County,1048332525,16090912,Mississippi
1575,29,227,00758566,29227,Worth,Worth County,690564983,493903,Missouri
1576,31,163,00835903,31163,Sherman,Sherman County,1465552764,14998613,Nebraska
1577,46,021,01266974,46021,Campbell,Campbell County,1900214169,96243697,South Dakota
1578,46,063,01265792,46063,Harding,Harding County,6919333290,16954253,South Dakota
1579,26,057,01622971,26057,Gratiot,Gratiot County,1472098896,8369164,Michigan
1580,19,175,00465276,19175,Union,Union County,1097235802,5575854,Iowa
1581,17,127,01784730,17127,Massac,Massac County,614218329,12784614,Illinois
1582,31,113,00835878,31113,Logan,Logan County,1478101945,1203586,Nebraska
1583,31,121,00835882,31121,Merrick,Merrick County,1261996225,24655494,Nebraska
1584,31,161,00835902,31161,Sheridan,Sheridan County,6321862270,74723228,Nebraska
1585,21,039,00516866,21039,Carlisle,Carlisle County,490647294,24707972,Kentucky
1586,56,025,01605077,56025,Natrona,Natrona County,13831928341,90969261,Wyoming
1587,13,321,00343365,13321,Worth,Worth County,1478137692,10471700,Georgia
1588,18,109,00450375,18109,Morgan,Morgan County,1045922856,14491960,Indiana
1589,48,139,01383856,48139,Ellis,Ellis County,2423575743,41976116,Texas
1590,13,229,00349086,13229,Pierce,Pierce County,881777233,7183926,Georgia
1591,60,010,01805240,60010,Eastern,Eastern District,65124866,349724678,American Samoa
1592,18,053,00450355,18053,Grant,Grant County,1072484471,2101804,Indiana
1593,12,035,00308547,12035,Flagler,Flagler County,1259255270,219183435,Florida
1594,28,077,00695762,28077,Lawrence,Lawrence County,1115254005,13188412,Mississippi
1595,22,127,00559594,22127,Winn,Winn Parish,2460497667,17449604,Louisiana
1596,17,073,00424238,17073,Henry,Henry County,2131719195,6804876,Illinois
1597,41,041,01135856,41041,Lincoln,Lincoln County,2540733361,553145239,Oregon
1598,23,031,00581301,23031,York,York County,2567159623,721379327,Maine
1599,46,029,01265791,46029,Codington,Codington County,1780837052,76608858,South Dakota
1600,13,231,00346482,13231,Pike,Pike County,559660500,8595984,Georgia
1601,13,259,00347360,13259,Stewart,Stewart County,1188153054,12598484,Georgia
1602,34,025,00882910,34025,Monmouth,Monmouth County,1212585330,500431205,New Jersey
1603,05,021,00063759,05021,Clay,Clay County,1655581940,5497697,Arkansas
1604,05,045,00066852,05045,Faulkner,Faulkner County,1676360344,43618226,Arkansas
1605,40,041,01101808,40041,Delaware,Delaware County,1910888952,140373336,Oklahoma
1606,19,107,00465242,19107,Keokuk,Keokuk County,1500056812,1944064,Iowa
1607,17,061,00424232,17061,Greene,Greene County,1406736598,8423898,Illinois
1608,27,075,00659484,27075,Lake,Lake County,5462563556,2283905010,Minnesota
1609,13,285,01673298,13285,Troup,Troup County,1072278217,82757751,Georgia
1610,06,023,01681908,06023,Humboldt,Humboldt County,9241565229,1253726036,California
1611,47,043,01639740,47043,Dickson,Dickson County,1268830619,3682665,Tennessee
1612,27,003,00659447,27003,Anoka,Anoka County,1092881706,62440664,Minnesota
1613,46,009,01266997,46009,Bon Homme,Bon Homme County,1459586268,46799495,South Dakota
1614,47,059,01639747,47059,Greene,Greene County,1611409727,5099752,Tennessee
1615,51,183,01690257,51183,Sussex,Sussex County,1269679003,6740704,Virginia
1616,18,141,00452855,18141,St. Joseph,St. Joseph County,1185636243,9346832,Indiana
1617,38,067,01034212,38067,Pembina,Pembina County,2896993132,7008436,North Dakota
1618,46,007,01265812,46007,Bennett,Bennett County,3068208303,15044356,South Dakota
1619,22,115,00559548,22115,Vernon,Vernon Parish,3436185697,35140841,Louisiana
1620,23,019,00581295,23019,Penobscot,Penobscot County,8798699728,413983093,Maine
1621,24,041,00592947,24041,Talbot,Talbot County,695561637,539363457,Maryland
1622,13,257,00350028,13257,Stephens,Stephens County,463254407,13035162,Georgia
1623,06,065,00277297,06065,Riverside,Riverside County,18671924669,242973907,California
1624,05,005,00069895,05005,Baxter,Baxter County,1434660641,84907080,Arkansas
1625,28,007,00695728,28007,Attala,Attala County,1903529295,4425860,Mississippi
1626,19,169,00465273,19169,Story,Story County,1482882553,2862354,Iowa
1627,20,011,00484975,20011,Bourbon,Bourbon County,1645836643,9402853,Kansas
1628,51,049,01494109,51049,Cumberland,Cumberland County,770454314,5917833,Virginia
1629,45,085,01244717,45085,Sumter,Sumter County,1722544860,44046815,South Carolina
1630,02,164,01419975,02164,Lake and Peninsula,Lake and Peninsula Borough,61724164724,25989695209,Alaska
1631,54,109,01550061,54109,Wyoming,Wyoming County,1293620955,6083278,West Virginia
1632,06,029,02054176,06029,Kern,Kern County,21068632654,78405068,California
1633,48,097,01383834,48097,Cooke,Cooke County,2265789885,61319327,Texas
1634,45,075,01248014,45075,Orangeburg,Orangeburg County,2865498667,55708305,South Carolina
1635,55,119,01581119,55119,Taylor,Taylor County,2525374187,24630990,Wisconsin
1636,27,099,00659495,27099,Mower,Mower County,1842187921,617235,Minnesota
1637,27,101,00659496,27101,Murray,Murray County,1825079943,38432252,Minnesota
1638,44,007,01219781,44007,Providence,Providence County,1060552463,67870199,Rhode Island
1639,29,161,00758535,29161,Phelps,Phelps County,1739919006,6567069,Missouri
1640,28,117,00695779,28117,Prentiss,Prentiss County,1074806610,8324262,Mississippi
1641,21,235,00516964,21235,Whitley,Whitley County,1133977400,18874532,Kentucky
1642,18,149,00450389,18149,Starke,Starke County,800679813,7929143,Indiana
1643,48,491,01384031,48491,Williamson,Williamson County,2890001231,41563379,Texas
1644,72,109,01804535,72109,Patillas,Patillas Municipio,120695655,74074553,Puerto Rico
1645,19,131,00465254,19131,Mitchell,Mitchell County,1215368212,1118491,Iowa
1646,13,107,00347508,13107,Emanuel,Emanuel County,1762679431,24889123,Georgia
1647,22,025,00558495,22025,Catahoula,Catahoula Parish,1833776037,81356082,Louisiana
1648,42,025,01213664,42025,Carbon,Carbon County,987623689,15827992,Pennsylvania
1649,31,133,00835888,31133,Pawnee,Pawnee County,1116478173,4852359,Nebraska
1650,47,171,01648582,47171,Unicoi,Unicoi County,481902934,825726,Tennessee
1651,45,083,01248592,45083,Spartanburg,Spartanburg County,2093687933,29513744,South Carolina
1652,55,073,01581096,55073,Marathon,Marathon County,4002035761,80651079,Wisconsin
1653,32,007,00857664,32007,Elko,Elko County,44479019310,74784559,Nevada
1654,54,007,01550010,54007,Braxton,Braxton County,1322796522,14344826,West Virginia
1655,26,165,01623023,26165,Wexford,Wexford County,1463148677,27182043,Michigan
1656,48,079,01383825,48079,Cochran,Cochran County,2007453830,229068,Texas
1657,42,013,01213659,42013,Blair,Blair County,1360458062,3294803,Pennsylvania
1658,29,085,00758497,29085,Hickory,Hickory County,1032908447,33454640,Missouri
1659,29,009,00758459,29009,Barry,Barry County,2015326676,32912693,Missouri
1660,27,123,00659507,27123,Ramsey,Ramsey County,394323902,46008725,Minnesota
1661,05,081,00066874,05081,Little River,Little River County,1375943077,83115227,Arkansas
1662,32,019,00858645,32019,Lyon,Lyon County,5187939862,59489121,Nevada
1663,12,071,00295758,12071,Lee,Lee County,2022803065,1900583561,Florida
1664,41,033,01155133,41033,Josephine,Josephine County,4244080762,5631773,Oregon
1665,72,091,01804526,72091,Manatí,Manatí Municipio,116913017,66163823,Puerto Rico
1666,28,113,00711758,28113,Pike,Pike County,1059783761,3907959,Mississippi
1667,47,031,01639735,47031,Coffee,Coffee County,1111010401,14479480,Tennessee
1668,16,059,00399754,16059,Lemhi,Lemhi County,11819914566,14105634,Idaho
1669,21,183,00516938,21183,Ohio,Ohio County,1521062996,23159041,Kentucky
1670,31,153,00835898,31153,Sarpy,Sarpy County,616679952,24397525,Nebraska
1671,13,071,00343936,13071,Colquitt,Colquitt County,1416812867,24875649,Georgia
1672,27,167,00659528,27167,Wilkin,Wilkin County,1945179856,480470,Minnesota
1673,17,157,01784967,17157,Randolph,Randolph County,1490194098,56150220,Illinois
1674,23,011,00581291,23011,Kennebec,Kennebec County,2246754883,216775743,Maine
1675,51,173,01500545,51173,Smyth,Smyth County,1169223435,3287728,Virginia
1676,35,041,01702369,35041,Roosevelt,Roosevelt County,6335242836,18679734,New Mexico
1677,42,111,01209188,42111,Somerset,Somerset County,2784357763,17118618,Pennsylvania
1678,51,191,01498359,51191,Washington,Washington County,1453483684,12984238,Virginia
1679,37,081,01008558,37081,Guilford,Guilford County,1672930802,30338282,North Carolina
1680,16,001,00395066,16001,Ada,Ada County,2724705225,22159206,Idaho
1681,40,039,01101807,40039,Custer,Custer County,2560924938,34326632,Oklahoma
1682,39,101,01074063,39101,Marion,Marion County,1045853061,908577,Ohio
1683,17,149,01784941,17149,Pike,Pike County,2153190724,45251530,Illinois
1684,17,203,01785231,17203,Woodford,Woodford County,1366365782,39859804,Illinois
1685,13,245,00358024,13245,Richmond,Richmond County,840036613,10995252,Georgia
1686,01,107,00161580,01107,Pickens,Pickens County,2282835039,22621093,Alabama
1687,40,045,01101810,40045,Ellis,Ellis County,3189509979,952235,Oklahoma
1688,17,145,01784940,17145,Perry,Perry County,1144587283,13199036,Illinois
1689,19,075,00465226,19075,Grundy,Grundy County,1299799697,92512,Iowa
1690,08,107,00198169,08107,Routt,Routt County,6117602801,15831744,Colorado
1691,34,035,00882234,34035,Somerset,Somerset County,781829190,7996119,New Jersey
1692,06,011,01675902,06011,Colusa,Colusa County,2980332727,14608884,California
1693,17,087,00424245,17087,Johnson,Johnson County,890273379,12814661,Illinois
1694,08,053,00198142,08053,Hinsdale,Hinsdale County,2893614472,15324685,Colorado
1695,16,031,00395698,16031,Cassia,Cassia County,6644897880,39158534,Idaho
1696,27,059,00659475,27059,Isanti,Isanti County,1128608897,41203100,Minnesota
1697,42,049,01209178,42049,Erie,Erie County,2069174742,1966242081,Pennsylvania
1698,28,029,00695739,28029,Copiah,Copiah County,2013158772,5644780,Mississippi
1699,48,467,01384019,48467,Van Zandt,Van Zandt County,2182250335,44149754,Texas
1700,51,161,01480165,51161,Roanoke,Roanoke County,648915079,1762677,Virginia
1701,51,015,01480098,51015,Augusta,Augusta County,2504708861,9537137,Virginia
1702,02,060,01419967,02060,Bristol Bay,Bristol Bay Borough,1248315815,949775630,Alaska
1703,49,031,01448029,49031,Piute,Piute County,1964345826,20285697,Utah
1704,21,161,00516924,21161,Mason,Mason County,621924469,16276484,Kentucky
1705,27,009,00659450,27009,Benton,Benton County,1057483361,12286984,Minnesota
1706,48,129,01383850,48129,Donley,Donley County,2401013047,15564907,Texas
1707,12,005,00295738,12005,Bay,Bay County,1964874033,1833915193,Florida
1708,01,077,00161564,01077,Lauderdale,Lauderdale County,1730150447,133604580,Alabama
1709,18,045,00450351,18045,Fountain,Fountain County,1024774340,5728993,Indiana
1710,17,173,01785051,17173,Shelby,Shelby County,1964532704,24746071,Illinois
1711,17,051,00424227,17051,Fayette,Fayette County,1855583360,22915103,Illinois
1712,39,127,01074076,39127,Perry,Perry County,1056544080,11790392,Ohio
1713,51,590,01498421,51590,Danville,Danville city,110844523,2341364,Virginia
1714,13,011,00349230,13011,Banks,Banks County,602473937,4635947,Georgia
1715,13,305,00350608,13305,Wayne,Wayne County,1662287070,17768149,Georgia
1716,40,109,01101842,40109,Oklahoma,Oklahoma County,1836035187,24721024,Oklahoma
1717,40,069,01101822,40069,Johnston,Johnston County,1665488606,39648977,Oklahoma
1718,37,099,01008566,37099,Jackson,Jackson County,1271968590,9746824,North Carolina
1719,49,043,01448035,49043,Summit,Summit County,4844776284,26617165,Utah
1720,29,167,00758538,29167,Polk,Polk County,1646006168,17837927,Missouri
1721,32,015,00863368,32015,Lander,Lander County,14294783160,662270,Nevada
1722,19,191,00465284,19191,Winneshiek,Winneshiek County,1786666617,745729,Iowa
1723,21,023,00516858,21023,Bracken,Bracken County,525033511,16146675,Kentucky
1724,55,037,01581078,55037,Florence,Florence County,1264232456,24111637,Wisconsin
1725,54,087,01550050,54087,Roane,Roane County,1252422354,404682,West Virginia
1726,27,159,00659524,27159,Wadena,Wadena County,1389132780,18009881,Minnesota
1727,51,670,01498428,51670,Hopewell,Hopewell city,26817673,1228128,Virginia
1728,17,201,01785216,17201,Winnebago,Winnebago County,1328792558,15873993,Illinois
1729,04,007,00040471,04007,Gila,Gila County,12322070149,96465330,Arizona
1730,24,045,01668606,24045,Wicomico,Wicomico County,969767208,66764613,Maryland
1731,21,043,00516868,21043,Carter,Carter County,1060592683,6783009,Kentucky
1732,37,097,01008565,37097,Iredell,Iredell County,1487728598,59511173,North Carolina
1733,51,083,01496705,51083,Halifax,Halifax County,2117913134,30524581,Virginia
1734,37,091,01026127,37091,Hertford,Hertford County,914689325,18737418,North Carolina
1735,36,057,00974127,36057,Montgomery,Montgomery County,1044051406,18614750,New York
1736,27,113,00659502,27113,Pennington,Pennington County,1596931841,4328863,Minnesota
1737,53,073,01529224,53073,Whatcom,Whatcom County,5459483486,1028111662,Washington
1738,41,021,01135850,41021,Gilliam,Gilliam County,3120213943,46914702,Oregon
1739,34,029,00882279,34029,Ocean,Ocean County,1627252622,742162011,New Jersey
1740,05,009,00069897,05009,Boone,Boone County,1527375338,31797989,Arkansas
1741,40,031,01101803,40031,Comanche,Comanche County,2769531009,37661894,Oklahoma
1742,48,253,01383912,48253,Jones,Jones County,2405076785,22097342,Texas
1743,48,185,01383878,48185,Grimes,Grimes County,2039528341,36609847,Texas
1744,26,049,01622967,26049,Genesee,Genesee County,1649674148,32748548,Michigan
1745,22,007,00558414,22007,Assumption,Assumption Parish,891009958,67104891,Louisiana
1746,28,013,00695731,28013,Calhoun,Calhoun County,1519218292,3590388,Mississippi
1747,28,041,00695745,28041,Greene,Greene County,1845983898,15430619,Mississippi
1748,30,017,01720109,30017,Custer,Custer County,9798723734,25612454,Montana
1749,46,109,01265786,46109,Roberts,Roberts County,2851720399,89929974,South Dakota
1750,17,141,01784894,17141,Ogle,Ogle County,1964903700,12378959,Illinois
1751,38,077,01035302,38077,Richland,Richland County,3718378999,25035244,North Dakota
1752,55,005,01581062,55005,Barron,Barron County,2235281410,69194516,Wisconsin
1753,55,051,01581085,55051,Iron,Iron County,1963751254,416872439,Wisconsin
1754,27,157,00659523,27157,Wabasha,Wabasha County,1354362715,68875473,Minnesota
1755,06,015,01682074,06015,Del Norte,Del Norte County,2606118035,578742633,California
1756,40,127,01101851,40127,Pushmataha,Pushmataha County,3614425443,69995893,Oklahoma
1757,53,007,01531932,53007,Chelan,Chelan County,7565814941,189653434,Washington
1758,26,141,01623013,26141,Presque Isle,Presque Isle County,1706069655,4957327108,Michigan
1759,40,027,01101801,40027,Cleveland,Cleveland County,1395706470,49267976,Oklahoma
1760,36,105,00974150,36105,Sullivan,Sullivan County,2507484145,73737483,New York
1761,37,149,01008579,37149,Polk,Polk County,615606322,1964035,North Carolina
1762,37,165,01008585,37165,Scotland,Scotland County,826569986,3842049,North Carolina
1763,37,085,01008560,37085,Harnett,Harnett County,1540870409,16294103,North Carolina
1764,37,105,01008567,37105,Lee,Lee County,660607453,10725289,North Carolina
1765,18,159,00450394,18159,Tipton,Tipton County,674797598,68028,Indiana
1766,20,027,00484983,20027,Clay,Clay County,1671315258,26701337,Kansas
1767,40,145,01101860,40145,Wagoner,Wagoner County,1455356140,74815302,Oklahoma
1768,30,083,01715338,30083,Richland,Richland County,5398974515,49002593,Montana
1769,05,003,00063756,05003,Ashley,Ashley County,2397012349,38656004,Arkansas
1770,05,041,00066850,05041,Desha,Desha County,1919735554,185180909,Arkansas
1771,72,147,01804554,72147,Vieques,Vieques Municipio,131541389,552192821,Puerto Rico
1772,47,135,01639781,47135,Perry,Perry County,1074235994,20984700,Tennessee
1773,27,163,00659526,27163,Washington,Washington County,996415260,99954115,Minnesota
1774,51,740,01498556,51740,Portsmouth,Portsmouth city,86248205,34658275,Virginia
1775,42,051,01209179,42051,Fayette,Fayette County,2048054606,20636363,Pennsylvania
1776,54,023,01697238,54023,Grant,Grant County,1236387822,7546060,West Virginia
1777,51,171,01673918,51171,Shenandoah,Shenandoah County,1315919346,9716893,Virginia
1778,48,235,01383903,48235,Irion,Irion County,2723485995,176317,Texas
1779,29,025,00758467,29025,Caldwell,Caldwell County,1104350514,8402217,Missouri
1780,12,107,00306910,12107,Putnam,Putnam County,1886452945,255262400,Florida
1781,18,025,00451674,18025,Crawford,Crawford County,791534788,8201106,Indiana
1782,29,111,00758510,29111,Lewis,Lewis County,1307988621,14965606,Missouri
1783,31,075,00835859,31075,Grant,Grant County,2012381803,16500663,Nebraska
1784,72,087,01804524,72087,Loíza,Loíza Municipio,50179423,119730395,Puerto Rico
1785,16,071,00399759,16071,Oneida,Oneida County,3105269247,3995240,Idaho
1786,17,139,01784885,17139,Moultrie,Moultrie County,870127369,22111272,Illinois
1787,21,107,00516900,21107,Hopkins,Hopkins County,1403991594,31937243,Kentucky
1788,16,035,00395697,16035,Clearwater,Clearwater County,6364412864,79592497,Idaho
1789,21,013,00516853,21013,Bell,Bell County,929999513,5288008,Kentucky
1790,27,035,00659463,27035,Crow Wing,Crow Wing County,2585732031,409718952,Minnesota
1791,60,050,01805241,60050,Western,Western District,72498512,196726219,American Samoa
1792,72,011,01804485,72011,Añasco,Añasco Municipio,101747429,14607647,Puerto Rico
1793,04,009,00025444,04009,Graham,Graham County,11970605955,47476264,Arizona
1794,05,123,00083331,05123,St. Francis,St. Francis County,1644082981,20017606,Arkansas
1795,13,101,00348092,13101,Echols,Echols County,1088849471,809587,Georgia
1796,02,070,01419968,02070,Dillingham,Dillingham Census Area,47484825241,5943879883,Alaska
1797,20,105,00485017,20105,Lincoln,Lincoln County,1863226707,2748359,Kansas
1798,20,183,00484969,20183,Smith,Smith County,2319241778,3884267,Kansas
1799,12,065,00295733,12065,Jefferson,Jefferson County,1549018611,193063921,Florida
1800,72,041,01804500,72041,Cidra,Cidra Municipio,93297945,1120363,Puerto Rico
1801,28,005,00695727,28005,Amite,Amite County,1890950868,3877823,Mississippi
1802,05,097,00069168,05097,Montgomery,Montgomery County,2021363825,52979164,Arkansas
1803,26,025,01622955,26025,Calhoun,Calhoun County,1829210175,31256789,Michigan
1804,01,029,00161540,01029,Cleburne,Cleburne County,1450666453,2352217,Alabama
1805,08,123,00198177,08123,Weld,Weld County,10320973907,82348720,Colorado
1806,40,009,01101792,40009,Beckham,Beckham County,2335328724,5521744,Oklahoma
1807,06,049,00277289,06049,Modoc,Modoc County,10225877726,660503268,California
1808,19,153,00465265,19153,Polk,Polk County,1482507926,50475974,Iowa
1809,13,179,00357095,13179,Liberty,Liberty County,1337654103,222884791,Georgia
1810,48,349,01383960,48349,Navarro,Navarro County,2615116305,197615409,Texas
1811,48,047,01383809,48047,Brooks,Brooks County,2443277014,741627,Texas
1812,47,187,01639801,47187,Williamson,Williamson County,1509607196,3017704,Tennessee
1813,56,021,01605075,56021,Laramie,Laramie County,6956355039,4348083,Wyoming
1814,53,003,01533502,53003,Asotin,Asotin County,1647427905,11291731,Washington
1815,27,155,00659522,27155,Traverse,Traverse County,1486320974,31025234,Minnesota
1816,17,017,00424210,17017,Cass,Cass County,973198204,20569928,Illinois
1817,13,247,00357592,13247,Rockdale,Rockdale County,336226897,5900996,Georgia
1818,42,067,01209180,42067,Juniata,Juniata County,1013697487,5502986,Pennsylvania
1819,42,083,01210235,42083,McKean,McKean County,2537395883,13034578,Pennsylvania
1820,40,049,01101812,40049,Garvin,Garvin County,2077536833,30029568,Oklahoma
1821,31,021,00835832,31021,Burt,Burt County,1273201340,14186270,Nebraska
1822,35,045,00936844,35045,San Juan,San Juan County,14289563220,54895407,New Mexico
1823,36,073,00974135,36073,Orleans,Orleans County,1013366838,1103741900,New York
1824,22,031,00558521,22031,De Soto,De Soto Parish,2269991655,46990189,Louisiana
1825,06,019,00277274,06019,Fresno,Fresno County,15432139297,136609893,California
1826,13,105,00347828,13105,Elbert,Elbert County,909352139,59863331,Georgia
1827,01,005,00161528,01005,Barbour,Barbour County,2292160149,50523213,Alabama
1828,37,017,01026336,37017,Bladen,Bladen County,2266321541,33022256,North Carolina
1829,48,111,01383841,48111,Dallam,Dallam County,3893095084,5180577,Texas
1830,17,167,01785010,17167,Sangamon,Sangamon County,2248773855,22676868,Illinois
1831,40,035,01101805,40035,Craig,Craig County,1971642558,3649781,Oklahoma
1832,47,035,01639736,47035,Cumberland,Cumberland County,1764575266,9098322,Tennessee
1833,26,137,01623011,26137,Otsego,Otsego County,1333860412,29050564,Michigan
1834,19,161,00465269,19161,Sac,Sac County,1489300203,8569436,Iowa
1835,49,015,01448022,49015,Emery,Emery County,11557242835,24843849,Utah
1836,53,019,01531821,53019,Ferry,Ferry County,5706368585,140294391,Washington
1837,30,109,01696629,30109,Wibaux,Wibaux County,2303979500,1756846,Montana
1838,35,027,00929116,35027,Lincoln,Lincoln County,12512530053,554839,New Mexico
1839,40,021,01101798,40021,Cherokee,Cherokee County,1940228933,69661251,Oklahoma
1840,27,173,00659531,27173,Yellow Medicine,Yellow Medicine County,1966062964,10687958,Minnesota
1841,48,231,01383901,48231,Hunt,Hunt County,2176666776,107761746,Texas
1842,48,335,01383953,48335,Mitchell,Mitchell County,2359710926,12489775,Texas
1843,48,499,01384035,48499,Wood,Wood County,1671172155,130731203,Texas
1844,40,113,01101844,40113,Osage,Osage County,5818692840,148715988,Oklahoma
1845,37,039,01008545,37039,Cherokee,Cherokee County,1179845613,28813485,North Carolina
1846,26,107,01622996,26107,Mecosta,Mecosta County,1437843578,41665709,Michigan
1847,21,195,00516944,21195,Pike,Pike County,2037621883,4756759,Kentucky
1848,12,067,00295732,12067,Lafayette,Lafayette County,1407256302,11817999,Florida
1849,37,035,01008543,37035,Catawba,Catawba County,1039553243,37942736,North Carolina
1850,21,025,00516859,21025,Breathitt,Breathitt County,1275352777,7384544,Kentucky
1851,48,075,01383823,48075,Childress,Childress County,1803954626,44560655,Texas
1852,29,181,00758545,29181,Ripley,Ripley County,1630438188,5455724,Missouri
1853,17,179,01785094,17179,Tazewell,Tazewell County,1674346368,29712527,Illinois
1854,48,243,01383907,48243,Jeff Davis,Jeff Davis County,5865172239,206206,Texas
1855,51,678,01789071,51678,Lexington,Lexington city,6473000,67783,Virginia
1856,05,135,00069183,05135,Sharp,Sharp County,1565969853,5209695,Arkansas
1857,08,069,00198150,08069,Larimer,Larimer County,6723017943,98980718,Colorado
1858,37,177,01026332,37177,Tyrrell,Tyrrell County,1012106669,534571696,North Carolina
1859,27,131,00659511,27131,Rice,Rice County,1284218948,52062452,Minnesota
1860,29,219,00758562,29219,Warren,Warren County,1110041990,23776605,Missouri
1861,21,227,00516960,21227,Warren,Warren County,1403047232,15137830,Kentucky
1862,22,017,00558458,22017,Caddo,Caddo Parish,2277812586,149099519,Louisiana
1863,46,121,01266989,46121,Todd,Todd County,3596445725,5854544,South Dakota
1864,19,127,00465252,19127,Marshall,Marshall County,1482776070,1803080,Iowa
1865,40,141,01101858,40141,Tillman,Tillman County,2256226948,20895054,Oklahoma
1866,37,113,01025833,37113,Macon,Macon County,1335344502,10604264,North Carolina
1867,54,063,01557702,54063,Monroe,Monroe County,1224426771,2297599,West Virginia
1868,18,155,00450392,18155,Switzerland,Switzerland County,571526245,7531845,Indiana
1869,21,105,00516899,21105,Hickman,Hickman County,627487969,27882023,Kentucky
1870,01,061,00161556,01061,Geneva,Geneva County,1487908432,11567409,Alabama
1871,17,099,00422247,17099,LaSalle,LaSalle County,2940059892,33708940,Illinois
1872,19,055,00465216,19055,Delaware,Delaware County,1496193400,3185375,Iowa
1873,20,127,00485028,20127,Morris,Morris County,1800929255,19545268,Kansas
1874,19,051,00465214,19051,Davis,Davis County,1300661926,6904087,Iowa
1875,16,015,00395157,16015,Boise,Boise County,4919826444,19104286,Idaho
1876,55,081,01581101,55081,Monroe,Monroe County,2333329707,18586826,Wisconsin
1877,37,143,01025841,37143,Perquimans,Perquimans County,640173980,211755191,North Carolina
1878,12,047,00295736,12047,Hamilton,Hamilton County,1332018549,12330813,Florida
1879,02,170,01419976,02170,Matanuska-Susitna,Matanuska-Susitna Borough,63990793404,1446586694,Alaska
1880,18,035,00450347,18035,Delaware,Delaware County,1015536280,9863733,Indiana
1881,12,075,00295724,12075,Levy,Levy County,2896188989,1224366488,Florida
1882,72,063,01804512,72063,Gurabo,Gurabo Municipio,72220854,1108806,Puerto Rico
1883,72,065,01804513,72065,Hatillo,Hatillo Municipio,108200655,43988738,Puerto Rico
1884,28,045,00711756,28045,Hancock,Hancock County,1227561217,204095552,Mississippi
1885,13,315,00345499,13315,Wilcox,Wilcox County,978525378,11147628,Georgia
1886,22,081,00559472,22081,Red River,Red River Parish,1007453088,34259705,Louisiana
1887,47,093,01639761,47093,Knox,Knox County,1316574580,45556080,Tennessee
1888,23,017,00581294,23017,Oxford,Oxford County,5379294384,255884970,Maine
1889,29,095,00758502,29095,Jackson,Jackson County,1565698757,30621016,Missouri
1890,13,281,00351252,13281,Towns,Towns County,431178090,13754198,Georgia
1891,28,129,00695785,28129,Smith,Smith County,1647926077,2599432,Mississippi
1892,16,075,00394896,16075,Payette,Payette County,1053849238,8872160,Idaho
1893,16,079,01702379,16079,Shoshone,Shoshone County,6830898576,13962457,Idaho
1894,37,095,01008564,37095,Hyde,Hyde County,1585966933,2192929400,North Carolina
1895,19,067,00465222,19067,Floyd,Floyd County,1296471923,2023930,Iowa
1896,21,145,00516925,21145,McCracken,McCracken County,644192188,49762212,Kentucky
1897,21,225,00516959,21225,Union,Union County,887813999,52903376,Kentucky
1898,46,125,01265770,46125,Turner,Turner County,1598188442,1636386,South Dakota
1899,47,029,01639734,47029,Cocke,Cocke County,1129584563,17932684,Tennessee
1900,47,067,01648577,47067,Hancock,Hancock County,575816010,2988718,Tennessee
1901,47,071,01639751,47071,Hardin,Hardin County,1495676918,48713523,Tennessee
1902,45,067,01248010,45067,Marion,Marion County,1267466476,12418901,South Carolina
1903,72,057,01804509,72057,Guayama,Guayama Municipio,168445342,108210431,Puerto Rico
1904,22,117,00559557,22117,Washington,Washington Parish,1734352072,16140411,Louisiana
1905,29,207,00758556,29207,Stoddard,Stoddard County,2131929142,15025824,Missouri
1906,13,093,00351608,13093,Dooly,Dooly County,1016908646,12141885,Georgia
1907,27,145,00659517,27145,Stearns,Stearns County,3477910045,122236877,Minnesota
1908,31,155,00835899,31155,Saunders,Saunders County,1939715798,28209418,Nebraska
1909,27,141,00659515,27141,Sherburne,Sherburne County,1121230367,46911208,Minnesota
1910,46,035,01266980,46035,Davison,Davison County,1128284975,3404556,South Dakota
1911,47,025,01639733,47025,Claiborne,Claiborne County,1125619421,18052387,Tennessee
1912,48,337,01383954,48337,Montague,Montague County,2411034611,19087359,Texas
1913,48,049,01383810,48049,Brown,Brown County,2446120247,32375524,Texas
1914,55,101,01581111,55101,Racine,Racine County,861537609,1190103013,Wisconsin
1915,55,115,01581117,55115,Shawano,Shawano County,2313441749,41883059,Wisconsin
1916,19,009,00465194,19009,Audubon,Audubon County,1147264573,1152260,Iowa
1917,48,207,01383889,48207,Haskell,Haskell County,2339103809,18465208,Texas
1918,40,083,01101829,40083,Logan,Logan County,1926268077,13203700,Oklahoma
1919,36,065,00974131,36065,Oneida,Oneida County,3140213529,117357247,New York
1920,08,065,00198149,08065,Lake,Lake County,976215864,18111565,Colorado
1921,40,121,01101848,40121,Pittsburg,Pittsburg County,3381287299,187417567,Oklahoma
1922,54,017,01689476,54017,Doddridge,Doddridge County,828078406,1950541,West Virginia
1923,54,105,01678877,54105,Wirt,Wirt County,602201078,5839709,West Virginia
1924,33,003,00873175,33003,Carroll,Carroll County,2413515434,159620276,New Hampshire
1925,54,095,01678706,54095,Tyler,Tyler County,663818560,11382160,West Virginia
1926,69,085,01805245,69085,Northern Islands,Northern Islands Municipality,160067127,2939499291,Commonwealth of the Northern Mariana Islands
1927,27,079,00659485,27079,Le Sueur,Le Sueur County,1162060232,65125082,Minnesota
1928,53,017,01531818,53017,Douglas,Douglas County,4711819965,76557106,Washington
1929,36,009,00974103,36009,Cattaraugus,Cattaraugus County,3388125876,36783591,New York
1930,55,027,01581073,55027,Dodge,Dodge County,2268049732,81331401,Wisconsin
1931,19,105,00465241,19105,Jones,Jones County,1490844765,3782492,Iowa
1932,20,007,00484973,20007,Barber,Barber County,2937240779,5411508,Kansas
1933,29,169,00758539,29169,Pulaski,Pulaski County,1417014582,11312724,Missouri
1934,01,045,00161548,01045,Dale,Dale County,1453276164,4051341,Alabama
1935,20,109,00485019,20109,Logan,Logan County,2779039723,274632,Kansas
1936,06,039,00277284,06039,Madera,Madera County,5534591552,42271836,California
1937,29,075,00758492,29075,Gentry,Gentry County,1272776755,762384,Missouri
1938,31,009,00835827,31009,Blaine,Blaine County,1840681023,9443894,Nebraska
1939,49,009,01448019,49009,Daggett,Daggett County,1805185844,61230034,Utah
1940,56,031,01605080,56031,Platte,Platte County,5390953617,76102033,Wyoming
1941,37,071,01008554,37071,Gaston,Gaston County,921389651,20549064,North Carolina
1942,35,019,00929111,35019,Guadalupe,Guadalupe County,7847072132,2887948,New Mexico
1943,30,037,01723078,30037,Golden Valley,Golden Valley County,3041740576,2621792,Montana
1944,37,101,01026327,37101,Johnston,Johnston County,2051314624,9394347,North Carolina
1945,06,085,00277307,06085,Santa Clara,Santa Clara County,3343892720,33595850,California
1946,45,019,01252740,45019,Charleston,Charleston County,2377554561,1139619648,South Carolina
1947,53,005,01513302,53005,Benton,Benton County,4403309851,154293639,Washington
1948,29,001,00765805,29001,Adair,Adair County,1469362059,5468507,Missouri
1949,39,043,01074034,39043,Erie,Erie County,650833148,969939819,Ohio
1950,17,183,01785114,17183,Vermilion,Vermilion County,2326634937,7531157,Illinois
1951,29,189,00758549,29189,St. Louis,St. Louis County,1315390296,39612404,Missouri
1952,17,007,00424205,17007,Boone,Boone County,727114618,3360626,Illinois
1953,06,103,01692767,06103,Tehama,Tehama County,7638229340,33767224,California
1954,55,025,01581072,55025,Dane,Dane County,3098899107,106217126,Wisconsin
1955,48,151,01383861,48151,Fisher,Fisher County,2328272103,7258480,Texas
1956,22,085,00559489,22085,Sabine,Sabine Parish,2244547678,375313525,Louisiana
1957,17,137,00424270,17137,Morgan,Morgan County,1473595809,9053547,Illinois
1958,13,235,00347593,13235,Pulaski,Pulaski County,645583957,5046606,Georgia
1959,37,015,01026334,37015,Bertie,Bertie County,1810858588,109120751,North Carolina
1960,37,167,01025844,37167,Stanly,Stanly County,1023250043,25187035,North Carolina
1961,47,143,01639784,47143,Rhea,Rhea County,817071272,54409427,Tennessee
1962,37,079,01008557,37079,Greene,Greene County,690838977,1229492,North Carolina
1963,21,131,00516912,21131,Leslie,Leslie County,1038293170,9102560,Kentucky
1964,24,039,00596907,24039,Somerset,Somerset County,828145301,752652883,Maryland
1965,17,123,00424260,17123,Marshall,Marshall County,1001865309,30343504,Illinois
1966,21,143,00516918,21143,Lyon,Lyon County,553848612,110565602,Kentucky
1967,48,095,01383833,48095,Concho,Concho County,2547914005,25740025,Texas
1968,48,081,01383826,48081,Coke,Coke County,2361153198,42331832,Texas
1969,47,133,01639780,47133,Overton,Overton County,1122721524,3492728,Tennessee
1970,26,063,01622974,26063,Huron,Huron County,2165275136,3369019054,Michigan
1971,26,069,01622977,26069,Iosco,Iosco County,1422173769,3473068812,Michigan
1972,13,069,00347456,13069,Coffee,Coffee County,1533994969,26861152,Georgia
1973,13,299,00357722,13299,Ware,Ware County,2329020623,22655303,Georgia
1974,38,037,01035300,38037,Grant,Grant County,4297393836,17563450,North Dakota
1975,22,051,00558027,22051,Jefferson,Jefferson Parish,779455288,883412483,Louisiana
1976,22,103,01629503,22103,St. Tammany,St. Tammany Parish,2189234793,648416119,Louisiana
1977,19,083,00465230,19083,Hardin,Hardin County,1474498036,1783759,Iowa
1978,22,023,00558488,22023,Cameron,Cameron Parish,3327199807,1688890197,Louisiana
1979,39,027,01074026,39027,Clinton,Clinton County,1058609496,9329331,Ohio
1980,27,137,00662850,27137,St. Louis,St. Louis County,16182504854,1586218580,Minnesota
1981,39,093,01074059,39093,Lorain,Lorain County,1270483154,1119495057,Ohio
1982,72,143,01804552,72143,Vega Alta,Vega Alta Municipio,71816310,25307600,Puerto Rico
1983,19,015,00465197,19015,Boone,Boone County,1477550747,8144400,Iowa
1984,48,373,01383972,48373,Polk,Polk County,2737733240,136271620,Texas
1985,31,051,00835847,31051,Dixon,Dixon County,1233120004,17111900,Nebraska
1986,24,025,01698178,24025,Harford,Harford County,1132152044,231885675,Maryland
1987,45,037,01247999,45037,Edgefield,Edgefield County,1296814342,16317867,South Carolina
1988,51,001,01480091,51001,Accomack,Accomack County,1163725929,2229259960,Virginia
1989,55,015,01581067,55015,Calumet,Calumet County,824263566,204161565,Wisconsin
1990,21,121,00516907,21121,Knox,Knox County,1000530159,3736738,Kentucky
1991,26,067,01622976,26067,Ionia,Ionia County,1479710873,22590323,Michigan
1992,37,129,01026329,37129,New Hanover,New Hanover County,497937486,353803887,North Carolina
1993,47,131,01639779,47131,Obion,Obion County,1411149164,27448111,Tennessee
1994,21,035,00516864,21035,Calloway,Calloway County,997224714,66474183,Kentucky
1995,51,003,01675170,51003,Albemarle,Albemarle County,1866014147,14223772,Virginia
1996,47,147,01639786,47147,Robertson,Robertson County,1233703847,457701,Tennessee
1997,51,043,01690562,51043,Clarke,Clarke County,455729730,5685740,Virginia
1998,53,023,01533500,53023,Garfield,Garfield County,1841054897,19294817,Washington
1999,21,109,00516901,21109,Jackson,Jackson County,894051380,3407440,Kentucky
2000,27,031,00659461,27031,Cook,Cook County,3762130687,4887924296,Minnesota
2001,45,073,01244832,45073,Oconee,Oconee County,1622773470,121733747,South Carolina
2002,22,033,00558530,22033,East Baton Rouge,East Baton Rouge Parish,1179744891,38443657,Louisiana
2003,28,021,00695735,28021,Claiborne,Claiborne County,1262400025,35711134,Mississippi
2004,24,037,01697853,24037,St. Mary's,St. Mary's County,928809940,1050592561,Maryland
2005,26,081,01622983,26081,Kent,Kent County,2198720084,59599778,Michigan
2006,37,147,01008578,37147,Pitt,Pitt County,1689620170,8247778,North Carolina
2007,30,009,01720111,30009,Carbon,Carbon County,5303728455,35213028,Montana
2008,31,167,00835905,31167,Stanton,Stanton County,1107500709,8789496,Nebraska
2009,13,001,00349113,13001,Appling,Appling County,1316372081,10379206,Georgia
2010,19,099,00465238,19099,Jasper,Jasper County,1891795098,6544165,Iowa
2011,28,153,00695797,28153,Wayne,Wayne County,2099745602,7255476,Mississippi
2012,48,101,01383836,48101,Cottle,Cottle County,2332448732,2723997,Texas
2013,51,081,01501122,51081,Greensville,Greensville County,764634552,4086108,Virginia
2014,12,105,00295747,12105,Polk,Polk County,4656518803,550424838,Florida
2015,48,503,01384037,48503,Young,Young County,2368539757,42371869,Texas
2016,01,123,00161587,01123,Tallapoosa,Tallapoosa County,1855798002,128790974,Alabama
2017,33,015,00873181,33015,Rockingham,Rockingham County,1801055122,258626550,New Hampshire
2018,08,105,00198168,08105,Rio Grande,Rio Grande County,2361956082,984295,Colorado
2019,19,149,00465263,19149,Plymouth,Plymouth County,2234715257,2176851,Iowa
2020,36,123,00974159,36123,Yates,Yates County,875777224,97488350,New York
2021,53,033,01531933,53033,King,King County,5479337396,496938967,Washington
2022,41,017,01155130,41017,Deschutes,Deschutes County,7815593157,94707741,Oregon
2023,19,155,00465266,19155,Pottawattamie,Pottawattamie County,2463771925,20389998,Iowa
2024,29,229,00758567,29229,Wright,Wright County,1765788195,3525240,Missouri
2025,30,101,01719566,30101,Toole,Toole County,4959475392,78025726,Montana
2026,36,107,00974151,36107,Tioga,Tioga County,1343600016,11044570,New York
2027,48,287,01383929,48287,Lee,Lee County,1629204757,13122562,Texas
2028,13,121,01694833,13121,Fulton,Fulton County,1364275258,19524189,Georgia
2029,48,073,01383822,48073,Cherokee,Cherokee County,2727141726,23873001,Texas
2030,29,007,00758458,29007,Audrain,Audrain County,1792918159,11843439,Missouri
2031,45,029,01247991,45029,Colleton,Colleton County,2736331638,198865069,South Carolina
2032,55,055,01581087,55055,Jefferson,Jefferson County,1441308422,67985729,Wisconsin
2033,05,055,00066857,05055,Greene,Greene County,1495304293,5273183,Arkansas
2034,48,191,01383881,48191,Hall,Hall County,2288233615,53366403,Texas
2035,55,013,01581066,55013,Burnett,Burnett County,2127832847,151938079,Wisconsin
2036,35,057,00929112,35057,Torrance,Torrance County,8664061384,2316559,New Mexico
2037,53,049,01513274,53049,Pacific,Pacific County,2418037245,758680651,Washington
2038,37,141,01026129,37141,Pender,Pender County,2256645360,162833419,North Carolina
2039,48,221,01383896,48221,Hood,Hood County,1089582268,41775455,Texas
2040,46,117,01266998,46117,Stanley,Stanley County,3741060758,188383651,South Dakota
2041,32,031,00858608,32031,Washoe,Washoe County,16358044341,582738419,Nevada
2042,21,007,00516850,21007,Ballard,Ballard County,639538865,70070118,Kentucky
2043,48,009,01383790,48009,Archer,Archer County,2339508155,57767717,Texas
2044,48,023,01383797,48023,Baylor,Baylor County,2246764590,86991035,Texas
2045,48,405,01383988,48405,San Augustine,San Augustine County,1374400363,159644688,Texas
2046,32,029,00858642,32029,Storey,Storey County,683182692,1881025,Nevada
2047,13,249,00344129,13249,Schley,Schley County,432291202,2369649,Georgia
2048,09,001,00212794,09001,Fairfield,Fairfield County,1618664029,549280913,Connecticut
2049,48,313,01383939,48313,Madison,Madison County,1207103457,16493254,Texas
2050,06,077,00277303,06077,San Joaquin,San Joaquin County,3606222503,89027654,California
2051,28,159,00695800,28159,Winston,Winston County,1572773194,7341897,Mississippi
2052,21,103,00516898,21103,Henry,Henry County,741500309,12501986,Kentucky
2053,21,167,00516930,21167,Mercer,Mercer County,645073065,10991213,Kentucky
2054,31,183,00835913,31183,Wheeler,Wheeler County,1489717901,1059454,Nebraska
2055,21,135,00516914,21135,Lewis,Lewis County,1250550862,31893475,Kentucky
2056,27,051,00659471,27051,Grant,Grant County,1418795382,71705190,Minnesota
2057,28,053,00695750,28053,Humphreys,Humphreys County,1084375634,32514314,Mississippi
2058,01,025,00161538,01025,Clarke,Clarke County,3207494086,36657889,Alabama
2059,20,017,00484978,20017,Chase,Chase County,2002198770,12091093,Kansas
2060,21,221,00516957,21221,Trigg,Trigg County,1143489745,103147003,Kentucky
2061,01,069,00161560,01069,Houston,Houston County,1501742238,4795415,Alabama
2062,46,003,01266983,46003,Aurora,Aurora County,1834902863,11201379,South Dakota
2063,02,013,01419964,02013,Aleutians East,Aleutians East Borough,18091672533,20799851130,Alaska
2064,31,061,00835852,31061,Franklin,Franklin County,1491355863,487899,Nebraska
2065,24,029,00593907,24029,Kent,Kent County,717497117,353321619,Maryland
2066,20,037,00484988,20037,Crawford,Crawford County,1527499258,13573629,Kansas
2067,27,023,00659457,27023,Chippewa,Chippewa County,1505378148,17239137,Minnesota
2068,46,103,01266995,46103,Pennington,Pennington County,7191788472,19926710,South Dakota
2069,45,049,01248004,45049,Hampton,Hampton County,1450327687,7072565,South Carolina
2070,16,043,00395408,16043,Fremont,Fremont County,4827633110,83440652,Idaho
2071,13,029,00350496,13029,Bryan,Bryan County,1133284235,43751265,Georgia
2072,51,053,01690739,51053,Dinwiddie,Dinwiddie County,1305057845,8988308,Virginia
2073,12,111,00308372,12111,St. Lucie,St. Lucie County,1480593673,300906587,Florida
2074,36,055,00974126,36055,Monroe,Monroe County,1701487467,1838259078,New York
2075,46,083,01265769,46083,Lincoln,Lincoln County,1495182125,1179561,South Dakota
2076,55,017,01581068,55017,Chippewa,Chippewa County,2611628507,85233303,Wisconsin
2077,20,207,00485064,20207,Woodson,Woodson County,1289344338,19254559,Kansas
2078,21,157,00516922,21157,Marshall,Marshall County,782712537,98325124,Kentucky
2079,13,065,00351285,13065,Clinch,Clinch County,2110829175,23303279,Georgia
2080,13,185,00326720,13185,Lowndes,Lowndes County,1287842038,34542105,Georgia
2081,15,005,01702380,15005,Kalawao,Kalawao County,31057603,105764468,Hawaii
2082,15,007,00365282,15007,Kauai,Kauai County,1605492716,1674243852,Hawaii
2083,26,099,01622992,26099,Macomb,Macomb County,1241505071,237173296,Michigan
2084,13,287,00343238,13287,Turner,Turner County,739227758,11818093,Georgia
2085,17,079,00424241,17079,Jasper,Jasper County,1281043621,9334509,Illinois
2086,48,331,01383951,48331,Milam,Milam County,2632349435,11831398,Texas
2087,18,147,00450388,18147,Spencer,Spencer County,1027918647,11984810,Indiana
2088,21,099,00516896,21099,Hart,Hart County,1068536124,13686670,Kentucky
2089,21,137,00516915,21137,Lincoln,Lincoln County,862060462,9192346,Kentucky
2090,30,005,01722470,30005,Blaine,Blaine County,10949218328,29079295,Montana
2091,51,710,01498557,51710,Norfolk,Norfolk city,137981431,111701531,Virginia
2092,48,389,01383980,48389,Reeves,Reeves County,6825534319,17396672,Texas
2093,51,155,01501465,51155,Pulaski,Pulaski County,828378951,24875979,Virginia
2094,37,179,01008590,37179,Union,Union County,1638781163,17889220,North Carolina
2095,38,053,01035299,38053,McKenzie,McKenzie County,7148712746,260119355,North Dakota
2096,12,091,00306915,12091,Okaloosa,Okaloosa County,2408338835,820571046,Florida
2097,06,001,01675839,06001,Alameda,Alameda County,1910017353,216902808,California
2098,17,013,00424208,17013,Calhoun,Calhoun County,657415184,77051402,Illinois
2099,18,085,00450367,18085,Kosciusko,Kosciusko County,1376438777,59432525,Indiana
2100,28,103,00695774,28103,Noxubee,Noxubee County,1800451921,12487951,Mississippi
2101,05,147,00069907,05147,Woodruff,Woodruff County,1517642898,21058193,Arkansas
2102,34,015,00882277,34015,Gloucester,Gloucester County,833994586,38242080,New Jersey
2103,33,011,00873179,33011,Hillsborough,Hillsborough County,2270191096,41320770,New Hampshire
2104,30,045,01719602,30045,Judith Basin,Judith Basin County,4842466559,2066739,Montana
2105,37,121,01008571,37121,Mitchell,Mitchell County,573036225,1632150,North Carolina
2106,30,077,01720021,30077,Powell,Powell County,6024421103,16247901,Montana
2107,41,053,01135862,41053,Polk,Polk County,1918983625,8146518,Oregon
2108,41,065,01155136,41065,Wasco,Wasco County,6167113903,35722739,Oregon
2109,46,105,01266990,46105,Perkins,Perkins County,7434457143,50539948,South Dakota
2110,19,173,00465275,19173,Taylor,Taylor County,1377618877,7133363,Iowa
2111,01,129,00161590,01129,Washington,Washington County,2797712949,21660030,Alabama
2112,39,039,01074032,39039,Defiance,Defiance County,1065623072,7100811,Ohio
2113,54,025,01557518,54025,Greenbrier,Greenbrier County,2641303514,12164256,West Virginia
2114,17,121,00424259,17121,Marion,Marion County,1482865616,9234118,Illinois
2115,51,051,01497376,51051,Dickenson,Dickenson County,855863023,8079112,Virginia
2116,51,007,01497770,51007,Amelia,Amelia County,920379345,8188217,Virginia
2117,13,243,00352242,13243,Randolph,Randolph County,1109126227,6830041,Georgia
2118,35,029,00933057,35029,Luna,Luna County,7679776933,433660,New Mexico
2119,48,355,01383963,48355,Nueces,Nueces County,2173169293,845316413,Texas
2120,56,045,01605086,56045,Weston,Weston County,6210804121,5225499,Wyoming
2121,72,137,01804549,72137,Toa Baja,Toa Baja Municipio,60201709,48075983,Puerto Rico
2122,17,187,01785134,17187,Warren,Warren County,1404768301,1672625,Illinois
2123,01,089,00161570,01089,Madison,Madison County,2076137768,28784863,Alabama
2124,47,189,01639802,47189,Wilson,Wilson County,1478548410,32071810,Tennessee
2125,48,063,01383817,48063,Camp,Camp County,507242364,19129375,Texas
2126,40,067,01101821,40067,Jefferson,Jefferson County,1965685986,39417590,Oklahoma
2127,54,085,01689049,54085,Ritchie,Ritchie County,1170648850,4424612,West Virginia
2128,19,145,00465261,19145,Page,Page County,1385497642,1359014,Iowa
2129,20,087,00485008,20087,Jefferson,Jefferson County,1379494403,62293259,Kansas
2130,22,045,00558576,22045,Iberia,Iberia Parish,1485913496,1182061975,Louisiana
2131,02,158,01419985,02158,Kusilvak,Kusilvak Census Area,44229388640,6686187054,Alaska
2132,37,133,01026341,37133,Onslow,Onslow County,1973791553,370648829,North Carolina
2133,27,043,00659467,27043,Faribault,Faribault County,1845313230,24410688,Minnesota
2134,47,057,01648575,47057,Grainger,Grainger County,726715759,56600343,Tennessee
2135,48,161,01383866,48161,Freestone,Freestone County,2273311866,36936963,Texas
2136,42,087,01213679,42087,Mifflin,Mifflin County,1064602254,9507394,Pennsylvania
2137,01,041,00161546,01041,Crenshaw,Crenshaw County,1576952763,5388562,Alabama
2138,51,520,01498416,51520,Bristol,Bristol city,33336230,322409,Virginia
2139,48,399,01383985,48399,Runnels,Runnels County,2722259323,15604788,Texas
2140,48,443,01384007,48443,Terrell,Terrell County,6107081791,259482,Texas
2141,20,153,00485040,20153,Rawlins,Rawlins County,2769775708,415527,Kansas
2142,20,193,00485057,20193,Thomas,Thomas County,2783425129,288241,Kansas
2143,13,161,01687999,13161,Jeff Davis,Jeff Davis County,857075892,11600966,Georgia
2144,19,035,00465207,19035,Cherokee,Cherokee County,1494181141,423160,Iowa
2145,05,145,00069906,05145,White,White County,2678251420,20554640,Arkansas
2146,28,083,00695765,28083,Leflore,Leflore County,1538645699,31868197,Mississippi
2147,29,053,00758481,29053,Cooper,Cooper County,1462695259,11475878,Missouri
2148,26,043,01622964,26043,Dickinson,Dickinson County,1970845133,40505952,Michigan
2149,17,197,01785190,17197,Will,Will County,2164908073,34569887,Illinois
2150,48,117,01383845,48117,Deaf Smith,Deaf Smith County,3876750570,3926557,Texas
2151,46,011,01265779,46011,Brookings,Brookings County,2051833296,32942236,South Dakota
2152,29,047,00758478,29047,Clay,Clay County,1029941235,28508804,Missouri
2153,28,027,00695738,28027,Coahoma,Coahoma County,1432526489,77525442,Mississippi
2154,18,011,00450405,18011,Boone,Boone County,1095260003,876741,Indiana
2155,19,057,00465217,19057,Des Moines,Des Moines County,1077769233,35341938,Iowa
2156,19,163,00465270,19163,Scott,Scott County,1186463531,26196368,Iowa
2157,20,143,00485035,20143,Ottawa,Ottawa County,1866683177,1567629,Kansas
2158,12,023,00306909,12023,Columbia,Columbia County,2065197126,10207158,Florida
2159,12,059,00295735,12059,Holmes,Holmes County,1240232910,26393540,Florida
2160,28,047,00695747,28047,Harrison,Harrison County,1485724358,1064607689,Mississippi
2161,72,141,01804551,72141,Utuado,Utuado Municipio,294045395,3982227,Puerto Rico
2162,47,011,01639727,47011,Bradley,Bradley County,851489194,6959141,Tennessee
2163,27,017,00659454,27017,Carlton,Carlton County,2230473968,36173451,Minnesota
2164,48,315,01383940,48315,Marion,Marion County,986530318,102099491,Texas
2165,36,095,00974145,36095,Schoharie,Schoharie County,1610503552,11676951,New York
2166,40,117,01101846,40117,Pawnee,Pawnee County,1472027960,68849518,Oklahoma
2167,36,007,00974102,36007,Broome,Broome County,1827594819,25109986,New York
2168,48,291,01383931,48291,Liberty,Liberty County,3000121460,46620495,Texas
2169,39,009,01074018,39009,Athens,Athens County,1304431981,12361693,Ohio
2170,39,081,01074053,39081,Jefferson,Jefferson County,1057037100,7335056,Ohio
2171,54,083,01550048,54083,Randolph,Randolph County,2692810850,667359,West Virginia
2172,54,049,01718173,54049,Marion,Marion County,799667746,7160908,West Virginia
2173,34,011,00882275,34011,Cumberland,Cumberland County,1251898249,503713126,New Jersey
2174,06,057,01682927,06057,Nevada,Nevada County,2480587301,41531993,California
2175,55,031,01581075,55031,Douglas,Douglas County,3378047451,454294232,Wisconsin
2176,21,199,00516946,21199,Pulaski,Pulaski County,1705275603,48545539,Kentucky
2177,37,065,01008551,37065,Edgecombe,Edgecombe County,1309074148,3705924,North Carolina
2178,48,241,01383906,48241,Jasper,Jasper County,2431105358,80399907,Texas
2179,49,001,01448015,49001,Beaver,Beaver County,6689681850,5298466,Utah
2180,13,213,01688005,13213,Murray,Murray County,892235146,5719643,Georgia
2181,18,075,00450362,18075,Jay,Jay County,994310124,458556,Indiana
2182,26,117,01623001,26117,Montcalm,Montcalm County,1826793476,39944685,Michigan
2183,36,083,00974140,36083,Rensselaer,Rensselaer County,1689859763,33525770,New York
2184,12,021,00295754,12021,Collier,Collier County,5171818340,1575203628,Florida
2185,35,031,00929107,35031,McKinley,McKinley County,14118189398,12689169,New Mexico
2186,13,017,00351606,13017,Ben Hill,Ben Hill County,647802123,9814374,Georgia
2187,05,077,00066866,05077,Lee,Lee County,1553493435,57858191,Arkansas
2188,12,003,00306920,12003,Baker,Baker County,1515738971,9686120,Florida
2189,13,173,00348102,13173,Lanier,Lanier County,509030778,8418857,Georgia
2190,20,159,00485043,20159,Rice,Rice County,1880936102,4482698,Kansas
2191,01,015,00161533,01015,Calhoun,Calhoun County,1569246126,16536293,Alabama
2192,28,059,00695753,28059,Jackson,Jackson County,1872109197,830292614,Mississippi
2193,21,037,00516865,21037,Campbell,Campbell County,391968586,20892233,Kentucky
2194,21,057,00516875,21057,Cumberland,Cumberland County,790453071,14793815,Kentucky
2195,28,107,00695776,28107,Panola,Panola County,1774595233,51686997,Mississippi
2196,48,195,01383883,48195,Hansford,Hansford County,2382296646,1548341,Texas
2197,48,071,01383821,48071,Chambers,Chambers County,1546471847,709789835,Texas
2198,13,239,00350547,13239,Quitman,Quitman County,391703076,24158295,Georgia
2199,48,199,01383885,48199,Hardin,Hardin County,2306612364,18037857,Texas
2200,09,005,00212796,09005,Litchfield,Litchfield County,2384123146,62350378,Connecticut
2201,39,143,01074084,39143,Sandusky,Sandusky County,1057351022,24514231,Ohio
2202,23,021,00581296,23021,Piscataquis,Piscataquis County,10258584707,1080478461,Maine
2203,17,153,01784966,17153,Pulaski,Pulaski County,516100615,9768333,Illinois
2204,40,107,01101841,40107,Okfuskee,Okfuskee County,1601799648,26649719,Oklahoma
2205,26,145,01623015,26145,Saginaw,Saginaw County,2074053636,39287690,Michigan
2206,35,039,01702368,35039,Rio Arriba,Rio Arriba County,15179593238,91463246,New Mexico
2207,50,005,01461759,50005,Caledonia,Caledonia County,1681454163,22351438,Vermont
2208,51,023,01674418,51023,Botetourt,Botetourt County,1401898974,12126225,Virginia
2209,17,119,00424258,17119,Madison,Madison County,1853175882,63522153,Illinois
2210,48,085,01383828,48085,Collin,Collin County,2178845831,115544042,Texas
2211,45,001,01245666,45001,Abbeville,Abbeville County,1272184102,53221051,South Carolina
2212,31,053,00835848,31053,Dodge,Dodge County,1370277207,36091675,Nebraska
2213,12,115,00295741,12115,Sarasota,Sarasota County,1440049632,1086617983,Florida
2214,55,077,01581098,55077,Marquette,Marquette County,1180288171,22670053,Wisconsin
2215,04,015,00025445,04015,Mohave,Mohave County,34530024782,333401646,Arizona
2216,04,025,00042809,04025,Yavapai,Yavapai County,21038299574,11356180,Arizona
2217,45,051,01248005,45051,Horry,Horry County,2935263896,314460540,South Carolina
2218,42,091,01213680,42091,Montgomery,Montgomery County,1250888984,10983029,Pennsylvania
2219,16,061,00395622,16061,Lewis,Lewis County,1240141960,2340247,Idaho
2220,72,013,01804486,72013,Arecibo,Arecibo Municipio,326179587,117205829,Puerto Rico
2221,51,720,01498434,51720,Norton,Norton city,19366113,89335,Virginia
2222,34,027,00882231,34027,Morris,Morris County,1193912843,53229201,New Jersey
2223,29,211,00758558,29211,Sullivan,Sullivan County,1678265913,9121738,Missouri
2224,20,135,00485031,20135,Ness,Ness County,2783562234,667491,Kansas
2225,48,039,01383805,48039,Brazoria,Brazoria County,3530999266,635436647,Texas
2226,51,790,01789075,51790,Staunton,Staunton city,51593819,147694,Virginia
2227,31,029,00835836,31029,Chase,Chase County,2316533441,7978172,Nebraska
2228,39,113,01074069,39113,Montgomery,Montgomery County,1194894575,7494897,Ohio
2229,48,447,01384009,48447,Throckmorton,Throckmorton County,2363499444,7586186,Texas
2230,13,221,00351262,13221,Oglethorpe,Oglethorpe County,1137165335,7708032,Georgia
2231,05,029,00066846,05029,Conway,Conway County,1429458475,37757545,Arkansas
2232,29,147,00758528,29147,Nodaway,Nodaway County,2271326613,2361588,Missouri
2233,38,073,01035301,38073,Ransom,Ransom County,2233792873,3582338,North Dakota
2234,26,017,01622951,26017,Bay,Bay County,1145834939,487713370,Michigan
2235,47,157,01639790,47157,Shelby,Shelby County,1969826791,51308328,Tennessee
2236,06,007,01675842,06007,Butte,Butte County,4238488701,105260548,California
2237,27,115,00659503,27115,Pine,Pine County,3655344652,60270933,Minnesota
2238,48,021,01383796,48021,Bastrop,Bastrop County,2300500048,19009784,Texas
2239,53,039,01529219,53039,Klickitat,Klickitat County,4847515939,84930636,Washington
2240,53,055,01531931,53055,San Juan,San Juan County,450432205,1157478544,Washington
2241,55,009,01581064,55009,Brown,Brown County,1372931376,221810753,Wisconsin
2242,20,205,00485063,20205,Wilson,Wilson County,1477385742,12048762,Kansas
2243,22,069,00558108,22069,Natchitoches,Natchitoches Parish,3246092085,119733774,Louisiana
2244,22,109,00559517,22109,Terrebonne,Terrebonne Parish,3185395699,2207589251,Louisiana
2245,13,155,00352302,13155,Irwin,Irwin County,917795237,21756147,Georgia
2246,02,185,01419978,02185,North Slope,North Slope Borough,230052127560,15551055437,Alaska
2247,26,011,01622948,26011,Arenac,Arenac County,940627660,822313309,Michigan
2248,19,111,00465244,19111,Lee,Lee County,1340448559,55266767,Iowa
2249,20,141,00485034,20141,Osborne,Osborne County,2311604929,4806274,Kansas
2250,26,047,01622966,26047,Emmet,Emmet County,1210940738,1073419241,Michigan
2251,19,071,00465224,19071,Fremont,Fremont County,1323918215,14168938,Iowa
2252,23,015,00581293,23015,Lincoln,Lincoln County,1180688993,631299424,Maine
2253,36,099,00974147,36099,Seneca,Seneca County,838372770,172818530,New York
2254,21,125,00516909,21125,Laurel,Laurel County,1124025614,25134447,Kentucky
2255,47,121,01639775,47121,Meigs,Meigs County,505397668,55738399,Tennessee
2256,29,213,00758559,29213,Taney,Taney County,1637451070,50126669,Missouri
2257,13,269,00344156,13269,Taylor,Taylor County,975613090,7801539,Georgia
2258,51,830,01789076,51830,Williamsburg,Williamsburg city,23149770,416905,Virginia
2259,48,415,01383993,48415,Scurry,Scurry County,2345090474,5436957,Texas
2260,08,047,00198139,08047,Gilpin,Gilpin County,388556746,942056,Colorado
2261,40,087,01101834,40087,McClain,McClain County,1478150667,24712058,Oklahoma
2262,54,071,01550042,54071,Pendleton,Pendleton County,1802760298,5428393,West Virginia
2263,51,139,01500440,51139,Page,Page County,802949683,8369917,Virginia
2264,40,079,01101827,40079,Le Flore,Le Flore County,4116554962,49752941,Oklahoma
2265,54,089,01557805,54089,Summers,Summers County,933930185,18478164,West Virginia
2266,37,119,01008570,37119,Mecklenburg,Mecklenburg County,1356133007,58206612,North Carolina
2267,34,013,00882276,34013,Essex,Essex County,326557433,8638155,New Jersey
2268,29,115,00758512,29115,Linn,Linn County,1594366554,14989603,Missouri
2269,13,209,00352276,13209,Montgomery,Montgomery County,624563058,9191488,Georgia
2270,41,055,01135863,41055,Sherman,Sherman County,2133151630,19617472,Oregon
2271,13,133,00348672,13133,Greene,Greene County,1003664492,48417220,Georgia
2272,46,017,01265767,46017,Buffalo,Buffalo County,1220933806,42362357,South Dakota
2273,46,095,01267177,46095,Mellette,Mellette County,3385957220,9219640,South Dakota
2274,48,135,01383853,48135,Ector,Ector County,2325442220,10255211,Texas
2275,48,293,01383932,48293,Limestone,Limestone County,2345053180,71830221,Texas
2276,53,027,01531823,53027,Grays Harbor,Grays Harbor County,4924794342,834310602,Washington
2277,54,003,01550008,54003,Berkeley,Berkeley County,831767529,1060958,West Virginia
2278,72,149,01804555,72149,Villalba,Villalba Municipio,92298569,3622640,Puerto Rico
2279,30,067,01720027,30067,Park,Park County,7258388273,27861799,Montana
2280,48,121,01383847,48121,Denton,Denton County,2275620197,189169956,Texas
2281,45,021,01247987,45021,Cherokee,Cherokee County,1017770812,11691708,South Carolina
2282,37,199,01008598,37199,Yancey,Yancey County,809610024,1524558,North Carolina
2283,48,387,01383979,48387,Red River,Red River County,2703677245,33255080,Texas
2284,48,321,01383943,48321,Matagorda,Matagorda County,2830645444,1345742564,Texas
2285,27,149,00659519,27149,Stevens,Stevens County,1459664592,30322218,Minnesota
2286,13,301,00347777,13301,Warren,Warren County,736483608,6034478,Georgia
2287,48,197,01383884,48197,Hardeman,Hardeman County,1800337387,4548860,Texas
2288,17,133,01784865,17133,Monroe,Monroe County,997924046,33755286,Illinois
2289,13,165,00342985,13165,Jenkins,Jenkins County,899705947,13195935,Georgia
2290,21,085,00516889,21085,Grayson,Grayson County,1294808799,28746004,Kentucky
2291,48,363,01383967,48363,Palo Pinto,Palo Pinto County,2467090694,85364147,Texas
2292,13,149,00347067,13149,Heard,Heard County,766567357,13263789,Georgia
2293,01,079,00161565,01079,Lawrence,Lawrence County,1788864348,68682286,Alabama
2294,72,061,01804511,72061,Guaynabo,Guaynabo Municipio,71444633,468303,Puerto Rico
2295,28,093,00695770,28093,Marshall,Marshall County,1829011199,9173803,Mississippi
2296,20,025,00484982,20025,Clark,Clark County,2524300310,6603384,Kansas
2297,20,081,00485328,20081,Haskell,Haskell County,1495772609,910409,Kansas
2298,22,013,00558445,22013,Bienville,Bienville Parish,2101370397,27972980,Louisiana
2299,13,295,00354216,13295,Walker,Walker County,1156145203,1672676,Georgia
2300,19,095,00465236,19095,Iowa,Iowa County,1518911689,2686847,Iowa
2301,31,019,00835831,31019,Buffalo,Buffalo County,2507679099,18593333,Nebraska
2302,40,007,01101791,40007,Beaver,Beaver County,4700407073,7347161,Oklahoma
2303,19,023,00465201,19023,Butler,Butler County,1502550829,4194983,Iowa
2304,30,085,01669428,30085,Roosevelt,Roosevelt County,6098391677,38582249,Montana
2305,72,017,01804488,72017,Barceloneta,Barceloneta Municipio,48421895,31649450,Puerto Rico
2306,53,015,01529156,53015,Cowlitz,Cowlitz County,2955587567,65453464,Washington
2307,48,297,01383934,48297,Live Oak,Live Oak County,2692796909,101483818,Texas
2308,29,135,00758522,29135,Moniteau,Moniteau County,1074923592,9948028,Missouri
2309,51,193,01480179,51193,Westmoreland,Westmoreland County,593951804,61108785,Virginia
2310,37,197,01008597,37197,Yadkin,Yadkin County,867496112,7176192,North Carolina
2311,06,047,00277288,06047,Merced,Merced County,5019407131,105277636,California
2312,40,043,01101809,40043,Dewey,Dewey County,2589024032,22668882,Oklahoma
2313,37,023,01008539,37023,Burke,Burke County,1311146879,20719897,North Carolina
2314,37,191,01026128,37191,Wayne,Wayne County,1434651139,9842326,North Carolina
2315,42,123,01213691,42123,Warren,Warren County,2290280119,37368145,Pennsylvania
2316,05,061,00066872,05061,Howard,Howard County,1521168581,21361761,Arkansas
2317,37,059,01008549,37059,Davie,Davie County,682977540,7511429,North Carolina
2318,37,111,01025836,37111,McDowell,McDowell County,1139476688,13977729,North Carolina
2319,05,099,00069169,05099,Nevada,Nevada County,1600067809,7489490,Arkansas
2320,08,125,00198178,08125,Yuma,Yuma County,6123764029,11134194,Colorado
2321,48,421,01383996,48421,Sherman,Sherman County,2390195607,425429,Texas
2322,48,463,01384017,48463,Uvalde,Uvalde County,4019458733,17382915,Texas
2323,39,011,01074019,39011,Auglaize,Auglaize County,1039590217,1339586,Ohio
2324,22,015,00558453,22015,Bossier,Bossier Parish,2174347389,70950350,Louisiana
2325,19,063,00465220,19063,Emmet,Emmet County,1025349325,17175565,Iowa
2326,20,169,00485047,20169,Saline,Saline County,1865429339,2760902,Kansas
2327,21,153,00516920,21153,Magoffin,Magoffin County,798866801,1847044,Kentucky
2328,48,017,01383794,48017,Bailey,Bailey County,2141847187,1775275,Texas
2329,29,027,00758468,29027,Callaway,Callaway County,2161518051,33189585,Missouri
2330,56,001,01605066,56001,Albany,Albany County,11070455491,89161376,Wyoming
2331,56,029,01605079,56029,Park,Park County,17972027721,67638744,Wyoming
2332,42,093,01213681,42093,Montour,Montour County,337322557,5408350,Pennsylvania
2333,36,081,00974139,36081,Queens,Queens County,281594049,188444349,New York
2334,12,121,00295729,12121,Suwannee,Suwannee County,1783430092,9505389,Florida
2335,26,031,01622958,26031,Cheboygan,Cheboygan County,1852564001,440607445,Michigan
2336,26,051,01622968,26051,Gladwin,Gladwin County,1299620414,36677053,Michigan
2337,21,173,00516933,21173,Montgomery,Montgomery County,511135381,3853437,Kentucky
2338,45,057,01248008,45057,Lancaster,Lancaster County,1422080346,15487881,South Carolina
2339,21,123,00516908,21123,Larue,Larue County,677420083,5392465,Kentucky
2340,19,193,00465285,19193,Woodbury,Woodbury County,2260790943,12793700,Iowa
2341,12,123,00295728,12123,Taylor,Taylor County,2702230209,1213570846,Florida
2342,17,003,00424203,17003,Alexander,Alexander County,609667767,44639203,Illinois
2343,29,099,00758504,29099,Jefferson,Jefferson County,1700186581,20302343,Missouri
2344,29,113,00758511,29113,Lincoln,Lincoln County,1622789067,36002285,Missouri
2345,13,051,01694477,13051,Chatham,Chatham County,1121786258,509839331,Georgia
2346,12,125,00306913,12125,Union,Union County,630804541,16049423,Florida
2347,36,037,00974117,36037,Genesee,Genesee County,1276705561,6137411,New York
2348,19,041,00465625,19041,Clay,Clay County,1469139465,13866648,Iowa
2349,30,025,01688745,30025,Fallon,Fallon County,4197320396,5915331,Montana
2350,46,107,01265761,46107,Potter,Potter County,2230336533,97172021,South Dakota
2351,48,109,01383840,48109,Culberson,Culberson County,9873439554,556134,Texas
2352,23,005,00581288,23005,Cumberland,Cumberland County,2165807318,987404608,Maine
2353,48,013,01383792,48013,Atascosa,Atascosa County,3158596616,4995711,Texas
2354,20,095,00485012,20095,Kingman,Kingman County,2236245127,8391920,Kansas
2355,13,241,00351489,13241,Rabun,Rabun County,958643875,17853952,Georgia
2356,54,097,01696800,54097,Upshur,Upshur County,918506904,302703,West Virginia
2357,29,215,00758560,29215,Texas,Texas County,3049106824,5071079,Missouri
2358,05,119,00069177,05119,Pulaski,Pulaski County,1964009183,126988884,Arkansas
2359,19,047,00465212,19047,Crawford,Crawford County,1849765416,2171717,Iowa
2360,16,005,00395091,16005,Bannock,Bannock County,2881336418,92076090,Idaho
2361,39,055,01074040,39055,Geauga,Geauga County,1036773963,20701156,Ohio
2362,72,035,01804497,72035,Cayey,Cayey Municipio,134509879,68570,Puerto Rico
2363,06,107,00277318,06107,Tulare,Tulare County,12493840854,37260863,California
2364,72,015,01804487,72015,Arroyo,Arroyo Municipio,38872745,53456650,Puerto Rico
2365,72,125,01804543,72125,San Germán,San Germán Municipio,141145024,29360,Puerto Rico
2366,36,117,00974156,36117,Wayne,Wayne County,1563912969,2018185131,New York
2367,51,163,01480166,51163,Rockbridge,Rockbridge County,1545064660,8810379,Virginia
2368,38,095,01034213,38095,Towner,Towner County,2655029704,42795048,North Dakota
2369,42,045,01209177,42045,Delaware,Delaware County,476068781,17591835,Pennsylvania
2370,36,063,00974130,36063,Niagara,Niagara County,1352887560,1598842379,New York
2371,50,003,01461758,50003,Bennington,Bennington County,1746264292,6898408,Vermont
2372,12,019,00295726,12019,Clay,Clay County,1565900895,100869769,Florida
2373,37,183,01008592,37183,Wake,Wake County,2161639293,58012743,North Carolina
2374,39,061,01074043,39061,Hamilton,Hamilton County,1050024551,18708466,Ohio
2375,34,003,00882271,34003,Bergen,Bergen County,602918747,35387155,New Jersey
2376,32,017,00863992,32017,Lincoln,Lincoln County,27540342252,9802713,Nevada
2377,02,180,01419977,02180,Nome,Nome Census Area,59490634310,13780758093,Alaska
2378,30,055,01716270,30055,McCone,McCone County,6843332035,103024685,Montana
2379,19,019,00465199,19019,Buchanan,Buchanan County,1479086713,5223043,Iowa
2380,17,043,00422191,17043,DuPage,DuPage County,848995057,22247662,Illinois
2381,46,047,01265787,46047,Fall River,Fall River County,4506292103,24021148,South Dakota
2382,27,069,00659480,27069,Kittson,Kittson County,2846395545,12419294,Minnesota
2383,13,219,00356774,13219,Oconee,Oconee County,477443088,5264894,Georgia
2384,48,493,01384032,48493,Wilson,Wilson County,2081662650,12111507,Texas
2385,31,059,00835851,31059,Fillmore,Fillmore County,1490202741,2989992,Nebraska
2386,12,079,00295731,12079,Madison,Madison County,1804001483,49634046,Florida
2387,72,031,01804495,72031,Carolina,Carolina Municipio,117515775,38721058,Puerto Rico
2388,18,153,00450391,18153,Sullivan,Sullivan County,1158170861,17983719,Indiana
2389,04,012,00043540,04012,La Paz,La Paz County,11646086700,36514200,Arizona
2390,13,027,00345518,13027,Brooks,Brooks County,1277341275,11955761,Georgia
2391,02,016,01419965,02016,Aleutians West,Aleutians West Census Area,11377885025,25183635754,Alaska
2392,02,150,01419974,02150,Kodiak Island,Kodiak Island Borough,17325452070,14147479530,Alaska
2393,20,185,00485054,20185,Stafford,Stafford County,2051389756,7435417,Kansas
2394,13,271,00356958,13271,Telfair,Telfair County,1132621093,17356399,Georgia
2395,26,115,01623000,26115,Monroe,Monroe County,1422818203,338203448,Michigan
2396,18,181,00450338,18181,White,White County,1308303899,9169176,Indiana
2397,18,113,00450377,18113,Noble,Noble County,1064085740,17060239,Indiana
2398,21,139,00516916,21139,Livingston,Livingston County,811362663,74813866,Kentucky
2399,13,201,00344088,13201,Miller,Miller County,731471756,3211332,Georgia
2400,47,103,01639766,47103,Lincoln,Lincoln County,1477179214,971039,Tennessee
2401,21,211,00516952,21211,Shelby,Shelby County,983603452,15260283,Kentucky
2402,31,185,00835914,31185,York,York County,1482794063,8595055,Nebraska
2403,42,001,01213656,42001,Adams,Adams County,1343400759,7771555,Pennsylvania
2404,45,005,01247980,45005,Allendale,Allendale County,1056960693,11194313,South Carolina
2405,47,037,01639737,47037,Davidson,Davidson County,1304564434,56621444,Tennessee
2406,49,047,01448037,49047,Uintah,Uintah County,11609319393,56115801,Utah
2407,49,049,01448038,49049,Utah,Utah County,5190543922,362967850,Utah
2408,18,021,00450341,18021,Clay,Clay County,926180620,7047383,Indiana
2409,36,047,00974122,36047,Kings,Kings County,179684484,71158757,New York
2410,29,141,00758525,29141,Morgan,Morgan County,1547866669,42414965,Missouri
2411,39,075,01074050,39075,Holmes,Holmes County,1094559493,3694365,Ohio
2412,19,143,00465260,19143,Osceola,Osceola County,1032593803,1835263,Iowa
2413,18,079,00450364,18079,Jennings,Jennings County,975382324,4528274,Indiana
2414,16,083,00399334,16083,Twin Falls,Twin Falls County,4977216128,18060754,Idaho
2415,17,165,00424283,17165,Saline,Saline County,984170284,17979016,Illinois
2416,26,077,01622981,26077,Kalamazoo,Kalamazoo County,1455456980,47508422,Michigan
2417,45,061,01245652,45061,Lee,Lee County,1062372306,2715077,South Carolina
2418,56,019,01609191,56019,Johnson,Johnson County,10759204099,52952166,Wyoming
2419,18,027,00450343,18027,Daviess,Daviess County,1112396615,19102189,Indiana
2420,26,055,01622970,26055,Grand Traverse,Grand Traverse County,1202625099,354771224,Michigan
2421,22,003,00558397,22003,Allen,Allen Parish,1973788820,10457653,Louisiana
2422,46,065,01265774,46065,Hughes,Hughes County,1920546194,153323261,South Dakota
2423,46,069,01266984,46069,Hyde,Hyde County,2229019814,14541548,South Dakota
2424,45,027,01247990,45027,Clarendon,Clarendon County,1572656992,229097204,South Carolina
2425,30,095,01719572,30095,Stillwater,Stillwater County,4653550993,23732517,Montana
2426,47,007,01639725,47007,Bledsoe,Bledsoe County,1052973468,858669,Tennessee
2427,21,219,00516956,21219,Todd,Todd County,969966762,6603979,Kentucky
2428,47,183,01639799,47183,Weakley,Weakley County,1503107797,3707114,Tennessee
2429,29,077,00758493,29077,Greene,Greene County,1749093973,6607198,Missouri
2430,42,077,01209182,42077,Lehigh,Lehigh County,894402602,7479388,Pennsylvania
2431,31,159,00835901,31159,Seward,Seward County,1479995692,11542537,Nebraska
2432,36,015,00974106,36015,Chemung,Chemung County,1054988440,8875327,New York
2433,36,121,00974158,36121,Wyoming,Wyoming County,1535219438,9158067,New York
2434,06,099,00277314,06099,Stanislaus,Stanislaus County,3874667297,46351770,California
2435,42,095,01209185,42095,Northampton,Northampton County,957745652,19058409,Pennsylvania
2436,01,103,00161578,01103,Morgan,Morgan County,1501335536,50196377,Alabama
2437,21,027,00516860,21027,Breckinridge,Breckinridge County,1475798321,40885738,Kentucky
2438,28,043,00695746,28043,Grenada,Grenada County,1093291104,70659566,Mississippi
2439,21,213,00516953,21213,Simpson,Simpson County,606589242,5852914,Kentucky
2440,50,013,01461763,50013,Grand Isle,Grand Isle County,211772078,288966533,Vermont
2441,39,029,01074027,39029,Columbiana,Columbiana County,1377658471,7277033,Ohio
2442,51,125,01500936,51125,Nelson,Nelson County,1219224542,8983980,Virginia
2443,12,097,00295748,12097,Osceola,Osceola County,3438318817,462145217,Florida
2444,05,053,00066856,05053,Grant,Grant County,1636573602,2896901,Arkansas
2445,13,175,00346568,13175,Laurens,Laurens County,2090990041,28838468,Georgia
2446,36,061,00974129,36061,New York,New York County,58683562,29010735,New York
2447,05,007,00069896,05007,Benton,Benton County,2195587038,94813175,Arkansas
2448,72,071,01804516,72071,Isabela,Isabela Municipio,143255842,94636935,Puerto Rico
2449,12,083,00306922,12083,Marion,Marion County,4113994502,192281277,Florida
2450,51,135,01493928,51135,Nottoway,Nottoway County,814265583,4297830,Virginia
2451,34,041,00882237,34041,Warren,Warren County,923435921,15822933,New Jersey
2452,36,021,00974109,36021,Columbia,Columbia County,1643770717,35071400,New York
2453,51,690,01789072,51690,Martinsville,Martinsville city,28374648,135578,Virginia
2454,40,023,01101799,40023,Choctaw,Choctaw County,1995267314,75490278,Oklahoma
2455,20,041,00484990,20041,Dickinson,Dickinson County,2193895360,12632458,Kansas
2456,48,427,01383999,48427,Starr,Starr County,3168019235,15346374,Texas
2457,13,103,00350219,13103,Effingham,Effingham County,1240161594,10552453,Georgia
2458,40,129,01101852,40129,Roger Mills,Roger Mills County,2955524813,13688537,Oklahoma
2459,55,103,01581112,55103,Richland,Richland County,1518120276,8153423,Wisconsin
2460,35,025,01702365,35025,Lea,Lea County,11374066527,8147103,New Mexico
2461,01,075,00161563,01075,Lamar,Lamar County,1566544683,1600679,Alabama
2462,72,054,01804507,72054,Florida,Florida Municipio,39391497,34012,Puerto Rico
2463,47,117,01639771,47117,Marshall,Marshall County,972442319,1801922,Tennessee
2464,51,011,01497238,51011,Appomattox,Appomattox County,865635017,3206454,Virginia
2465,05,087,00069165,05087,Madison,Madison County,2160639839,7455609,Arkansas
2466,56,033,01605081,56033,Sheridan,Sheridan County,6535475075,7986330,Wyoming
2467,42,041,01209176,42041,Cumberland,Cumberland County,1412785599,12511257,Pennsylvania
2468,42,055,01213670,42055,Franklin,Franklin County,2000245527,1547615,Pennsylvania
2469,42,079,01209183,42079,Luzerne,Luzerne County,2304768922,42104649,Pennsylvania
2470,26,039,01622962,26039,Crawford,Crawford County,1441108421,17887265,Michigan
2471,01,113,00161583,01113,Russell,Russell County,1660652494,15564412,Alabama
2472,39,019,01074022,39019,Carroll,Carroll County,1022040910,11183048,Ohio
2473,51,065,01494061,51065,Fluvanna,Fluvanna County,743630407,10747024,Virginia
2474,17,097,01784796,17097,Lake,Lake County,1148958738,2395000012,Illinois
2475,13,195,01688004,13195,Madison,Madison County,731214552,8448220,Georgia
2476,05,039,00066849,05039,Dallas,Dallas County,1728358299,1731378,Arkansas
2477,08,057,00198144,08057,Jackson,Jackson County,4179530231,18750017,Colorado
2478,08,063,00198147,08063,Kit Carson,Kit Carson County,5596501951,2251929,Colorado
2479,16,073,00399760,16073,Owyhee,Owyhee County,19860558063,74129063,Idaho
2480,55,141,01581130,55141,Wood,Wood County,2053959984,41993013,Wisconsin
2481,36,013,00974105,36013,Chautauqua,Chautauqua County,2746454150,1139025723,New York
2482,13,067,01686112,13067,Cobb,Cobb County,880018853,12407739,Georgia
2483,47,091,01639760,47091,Johnson,Johnson County,772956196,11007739,Tennessee
2484,39,013,01065575,39013,Belmont,Belmont County,1378201570,23693388,Ohio
2485,51,195,01496656,51195,Wise,Wise County,1044904721,5256126,Virginia
2486,29,035,00758472,29035,Carter,Carter County,1314052440,4304986,Missouri
2487,40,013,01101794,40013,Bryan,Bryan County,2342004810,102054256,Oklahoma
2488,31,035,00835839,31035,Clay,Clay County,1482222887,3234876,Nebraska
2489,24,017,01676992,24017,Charles,Charles County,1185757843,479438830,Maryland
2490,19,033,00465206,19033,Cerro Gordo,Cerro Gordo County,1471889949,17659669,Iowa
2491,19,073,00465225,19073,Greene,Greene County,1475148030,4404193,Iowa
2492,21,205,00516949,21205,Rowan,Rowan County,724780982,16641973,Kentucky
2493,49,055,01448041,49055,Wayne,Wayne County,6374011495,15049641,Utah
2494,29,031,00758470,29031,Cape Girardeau,Cape Girardeau County,1498351219,20284964,Missouri
2495,53,071,01531819,53071,Walla Walla,Walla Walla County,3289370358,74932288,Washington
2496,29,133,00758521,29133,Mississippi,Mississippi County,1066029407,44515175,Missouri
2497,05,025,00063760,05025,Cleveland,Cleveland County,1548589574,2561701,Arkansas
2498,48,113,01383842,48113,Dallas,Dallas County,2261201278,91898276,Texas
2499,72,079,01804520,72079,Lajas,Lajas Municipio,155287830,106643202,Puerto Rico
2500,18,033,00450346,18033,DeKalb,DeKalb County,939731961,2657419,Indiana
2501,22,073,00558114,22073,Ouachita,Ouachita Parish,1580797959,55327711,Louisiana
2502,22,095,01629472,22095,St. John the Baptist,St. John the Baptist Parish,555484721,506440074,Louisiana
2503,22,091,01629457,22091,St. Helena,St. Helena Parish,1058078903,2796358,Louisiana
2504,29,197,00758551,29197,Schuyler,Schuyler County,795916404,2216011,Missouri
2505,01,059,00161555,01059,Franklin,Franklin County,1641845708,32639621,Alabama
2506,21,041,00516867,21041,Carroll,Carroll County,333273743,22243659,Kentucky
2507,08,019,00198125,08019,Clear Creek,Clear Creek County,1023234052,3274910,Colorado
2508,48,267,01383919,48267,Kimble,Kimble County,3240024039,505509,Texas
2509,26,097,01622991,26097,Mackinac,Mackinac County,2646654800,2793754477,Michigan
2510,48,307,01383945,48307,McCulloch,McCulloch County,2759893532,20286193,Texas
2511,28,141,00695791,28141,Tishomingo,Tishomingo County,1098925142,52373918,Mississippi
2512,48,105,01383838,48105,Crockett,Crockett County,7270935061,53329,Texas
2513,48,217,01383894,48217,Hill,Hill County,2483422646,69544723,Texas
2514,08,075,00198153,08075,Logan,Logan County,4761947975,16363553,Colorado
2515,20,055,00485326,20055,Finney,Finney County,3372157852,1716371,Kansas
2516,20,125,00485027,20125,Montgomery,Montgomery County,1666900085,20430012,Kansas
2517,45,039,01248000,45039,Fairfield,Fairfield County,1777521260,61063162,South Carolina
2518,31,033,00835838,31033,Cheyenne,Cheyenne County,3097646971,292549,Nebraska
2519,27,091,00659490,27091,Martin,Martin County,1844928074,44669375,Minnesota
2520,47,155,01639789,47155,Sevier,Sevier County,1534539907,13487879,Tennessee
2521,47,139,01639782,47139,Polk,Polk County,1125622665,19906879,Tennessee
2522,48,263,01383917,48263,Kent,Kent County,2337482031,1065195,Texas
2523,30,099,01720018,30099,Teton,Teton County,5883457566,52625570,Montana
2524,31,069,00835856,31069,Garden,Garden County,4416875795,66053093,Nebraska
2525,17,117,00424257,17117,Macoupin,Macoupin County,2235091604,12250027,Illinois
2526,39,141,01074083,39141,Ross,Ross County,1784931094,9994410,Ohio
2527,17,195,01785167,17195,Whiteside,Whiteside County,1771808919,31883751,Illinois
2528,48,141,01383855,48141,El Paso,El Paso County,2624264468,5322143,Texas
2529,48,301,01383936,48301,Loving,Loving County,1732230053,19981167,Texas
2530,40,077,01101826,40077,Latimer,Latimer County,1870243094,18243671,Oklahoma
2531,39,167,01074095,39167,Washington,Washington County,1636805226,20784952,Ohio
2532,29,091,00758500,29091,Howell,Howell County,2401376472,2920041,Missouri
2533,20,047,00484993,20047,Edwards,Edwards County,1610699245,206413,Kansas
2534,21,111,00516902,21111,Jefferson,Jefferson County,986271742,43513294,Kentucky
2535,17,107,00424255,17107,Logan,Logan County,1600748259,2262329,Illinois
2536,55,139,01581129,55139,Winnebago,Winnebago County,1125859770,372631716,Wisconsin
2537,21,075,00516884,21075,Fulton,Fulton County,533351953,64091345,Kentucky
2538,20,079,00485005,20079,Harvey,Harvey County,1397961177,2503283,Kansas
2539,30,021,01715632,30021,Dawson,Dawson County,6143260044,29884283,Montana
2540,54,091,01689856,54091,Taylor,Taylor County,447475053,7532835,West Virginia
2541,26,111,01622998,26111,Midland,Midland County,1340188403,27503345,Michigan
2542,28,119,00695780,28119,Quitman,Quitman County,1048975539,3676001,Mississippi
2543,21,093,00516893,21093,Hardin,Hardin County,1614587759,17427592,Kentucky
2544,17,081,00424242,17081,Jefferson,Jefferson County,1479490496,32550293,Illinois
2545,46,057,01265766,46057,Hamlin,Hamlin County,1313172143,80426441,South Dakota
2546,55,069,01581094,55069,Lincoln,Lincoln County,2275832535,72745054,Wisconsin
2547,36,033,00974115,36033,Franklin,Franklin County,4219857155,176622254,New York
2548,51,630,01498425,51630,Fredericksburg,Fredericksburg city,27066499,178344,Virginia
2549,54,081,01550047,54081,Raleigh,Raleigh County,1567871999,10328839,West Virginia
2550,35,005,01702364,35005,Chaves,Chaves County,15713914833,20472234,New Mexico
2551,35,049,00933322,35049,Santa Fe,Santa Fe County,4947861287,2643021,New Mexico
2552,06,059,00277294,06059,Orange,Orange County,2053476505,406279630,California
2553,04,023,00040472,04023,Santa Cruz,Santa Cruz County,3201853239,3068237,Arizona
2554,37,053,01026125,37053,Currituck,Currituck County,678341928,685097880,North Carolina
2555,17,101,00424252,17101,Lawrence,Lawrence County,963938126,5076516,Illinois
2556,18,067,00450360,18067,Howard,Howard County,759058596,2194576,Indiana
2557,18,125,00450381,18125,Pike,Pike County,865841645,17588580,Indiana
2558,21,047,00516870,21047,Christian,Christian County,1858342356,16919159,Kentucky
2559,26,045,01622965,26045,Eaton,Eaton County,1489783175,10942140,Michigan
2560,19,179,00465278,19179,Wapello,Wapello County,1118466714,10822775,Iowa
2561,06,025,00277277,06025,Imperial,Imperial County,10814595262,790216761,California
2562,26,027,01622956,26027,Cass,Cass County,1269375088,47139869,Michigan
2563,28,157,00695799,28157,Wilkinson,Wilkinson County,1756287539,25018736,Mississippi
2564,02,282,01419986,02282,Yakutat,Yakutat City and Borough,19744203659,3986124692,Alaska
2565,20,179,00485052,20179,Sheridan,Sheridan County,2320518304,647342,Kansas
2566,28,079,00695763,28079,Leake,Leake County,1509697192,6376466,Mississippi
2567,72,025,01804492,72025,Caguas,Caguas Municipio,151783110,1201073,Puerto Rico
2568,72,027,01804493,72027,Camuy,Camuy Municipio,120058676,40429657,Puerto Rico
2569,28,025,00695737,28025,Clay,Clay County,1062082196,15376919,Mississippi
2570,28,037,00695743,28037,Franklin,Franklin County,1460658822,7250805,Mississippi
2571,28,099,00695772,28099,Neshoba,Neshoba County,1476641121,3830971,Mississippi
2572,46,045,01266972,46045,Edmunds,Edmunds County,2916275923,64969684,South Dakota
2573,72,119,01804540,72119,Río Grande,Río Grande Municipio,157008569,74876349,Puerto Rico
2574,01,035,00161543,01035,Conecuh,Conecuh County,2202213384,6426488,Alabama
2575,18,029,00450344,18029,Dearborn,Dearborn County,790171258,6019020,Indiana
2576,18,071,00451678,18071,Jackson,Jackson County,1320836469,10174044,Indiana
2577,28,081,00695764,28081,Lee,Lee County,1165404273,8314455,Mississippi
2578,22,125,00559584,22125,West Feliciana,West Feliciana Parish,1044584261,58751920,Louisiana
2579,05,035,00069162,05035,Crittenden,Crittenden County,1587312625,81689126,Arkansas
2580,12,063,00295734,12063,Jackson,Jackson County,2378091733,94217116,Florida
2581,48,125,01383848,48125,Dickens,Dickens County,2335454676,9057848,Texas
2582,51,115,01480145,51115,Mathews,Mathews County,222508058,430071655,Virginia
2583,38,075,01034229,38075,Renville,Renville County,2272050275,40658499,North Dakota
2584,48,283,01383924,48283,La Salle,La Salle County,3850545747,19503739,Texas
2585,36,067,00974132,36067,Onondaga,Onondaga County,2016027798,70512843,New York
2586,19,087,00465232,19087,Henry,Henry County,1124800194,5774829,Iowa
2587,31,083,00835863,31083,Harlan,Harlan County,1433471221,53339808,Nebraska
2588,30,075,01719584,30075,Powder River,Powder River County,8542288822,1565958,Montana
2589,72,075,01804518,72075,Juana Díaz,Juana Díaz Municipio,156119306,121326507,Puerto Rico
2590,55,091,01581106,55091,Pepin,Pepin County,600894491,43241432,Wisconsin
2591,04,001,00025441,04001,Apache,Apache County,29003491828,54145120,Arizona
2592,29,121,00758514,29121,Macon,Macon County,2075118027,28912941,Missouri
2593,48,279,01383926,48279,Lamb,Lamb County,2631897589,3973764,Texas
2594,20,097,00485013,20097,Kiowa,Kiowa County,1871627807,596764,Kansas
2595,48,015,01383793,48015,Austin,Austin County,1674415877,25596214,Texas
2596,29,061,00758485,29061,Daviess,Daviess County,1458893649,14926594,Missouri
2597,13,253,00351263,13253,Seminole,Seminole County,615233530,49243434,Georgia
2598,26,101,01622993,26101,Manistee,Manistee County,1404616375,1912438851,Michigan
2599,19,119,00465248,19119,Lyon,Lyon County,1521901261,440273,Iowa
2600,48,233,01383902,48233,Hutchinson,Hutchinson County,2298408153,19507502,Texas
2601,40,139,01101857,40139,Texas,Texas County,5286873570,19218939,Oklahoma
2602,40,153,01101864,40153,Woodward,Woodward County,3218801191,9693573,Oklahoma
2603,19,003,00465191,19003,Adams,Adams County,1096686256,5367875,Iowa
2604,06,101,00277315,06101,Sutter,Sutter County,1560975503,14811541,California
2605,42,105,01213684,42105,Potter,Potter County,2800422768,558970,Pennsylvania
2606,48,465,01384018,48465,Val Verde,Val Verde County,8144863966,227711025,Texas
2607,20,077,00485004,20077,Harper,Harper County,2075290355,3899269,Kansas
2608,19,133,00465255,19133,Monona,Monona County,1797639077,12591063,Iowa
2609,49,023,01455158,49023,Juab,Juab County,8784407525,36542088,Utah
2610,40,137,01101856,40137,Stephens,Stephens County,2253830200,54833890,Oklahoma
2611,36,017,00974107,36017,Chenango,Chenango County,2314393901,13046917,New York
2612,17,143,01784920,17143,Peoria,Peoria County,1602412934,29919375,Illinois
2613,19,091,00465234,19091,Humboldt,Humboldt County,1125017998,3373409,Iowa
2614,31,177,00835910,31177,Washington,Washington County,1009985089,8392879,Nebraska
2615,55,049,01581084,55049,Iowa,Iowa County,1975379904,13870324,Wisconsin
2616,27,097,00659494,27097,Morrison,Morrison County,2913980726,73275528,Minnesota
2617,42,003,01213657,42003,Allegheny,Allegheny County,1890571830,37043982,Pennsylvania
2618,29,205,00758555,29205,Shelby,Shelby County,1297230222,3764606,Missouri
2619,39,097,01074061,39097,Madison,Madison County,1206451440,2129636,Ohio
2620,20,201,00485061,20201,Washington,Washington County,2317414332,10139473,Kansas
2621,17,019,00424211,17019,Champaign,Champaign County,2579898012,6110542,Illinois
2622,16,087,00399757,16087,Washington,Washington County,3762870369,53228012,Idaho
2623,17,045,00424224,17045,Edgar,Edgar County,1614400675,1565052,Illinois
2624,08,121,00198176,08121,Washington,Washington County,6521806795,15207397,Colorado
2625,39,065,01074045,39065,Hardin,Hardin County,1218033114,630279,Ohio
2626,26,113,01622999,26113,Missaukee,Missaukee County,1462793670,23588781,Michigan
2627,38,093,01034224,38093,Stutsman,Stutsman County,5754703480,197271625,North Dakota
2628,29,203,00758554,29203,Shannon,Shannon County,2599881424,464012,Missouri
2629,48,423,01383997,48423,Smith,Smith County,2386604317,73163656,Texas
2630,40,143,01101859,40143,Tulsa,Tulsa County,1476856539,42986116,Oklahoma
2631,40,091,01101836,40091,McIntosh,McIntosh County,1601354473,242872388,Oklahoma
2632,48,395,01383983,48395,Robertson,Robertson County,2214840334,27332985,Texas
2633,48,171,01383871,48171,Gillespie,Gillespie County,2740731305,9000601,Texas
2634,26,125,01623005,26125,Oakland,Oakland County,2246276778,103456215,Michigan
2635,38,033,01035617,38033,Golden Valley,Golden Valley County,2592280440,4148883,North Dakota
2636,56,027,01605078,56027,Niobrara,Niobrara County,6801380673,4969450,Wyoming
2637,27,117,00659504,27117,Pipestone,Pipestone County,1204481399,2347611,Minnesota
2638,51,099,01480137,51099,King George,King George County,465234037,21087162,Virginia
2639,53,025,01531924,53025,Grant,Grant County,6940003416,289811930,Washington
2640,27,129,00659510,27129,Renville,Renville County,2545711095,10851893,Minnesota
2641,12,001,00308548,12001,Alachua,Alachua County,2267905452,241297386,Florida
2642,31,091,00835867,31091,Hooker,Hooker County,1867796117,882994,Nebraska
2643,51,147,01492359,51147,Prince Edward,Prince Edward County,906356801,10079281,Virginia
2644,49,007,01448018,49007,Carbon,Carbon County,3831067718,15844443,Utah
2645,42,017,01209173,42017,Bucks,Bucks County,1565303838,45293815,Pennsylvania
2646,46,059,01265783,46059,Hand,Hand County,3720862490,9284294,South Dakota
2647,42,081,01213677,42081,Lycoming,Lycoming County,3182886778,38917581,Pennsylvania
2648,16,057,00395613,16057,Latah,Latah County,2786483032,2369979,Idaho
2649,13,237,00347246,13237,Putnam,Putnam County,892721731,41451859,Georgia
2650,51,640,01498426,51640,Galax,Galax city,21332077,105290,Virginia
2651,35,037,00929110,35037,Quay,Quay County,7443508559,18554572,New Mexico
2652,48,269,01383920,48269,King,King County,2359150569,6396290,Texas
2653,05,073,00066864,05073,Lafayette,Lafayette County,1371327392,43028603,Arkansas
2654,48,451,01384011,48451,Tom Green,Tom Green County,3941965409,48077315,Texas
2655,12,049,00295746,12049,Hardee,Hardee County,1651297014,1472455,Florida
2656,39,025,01074025,39025,Clermont,Clermont County,1172125418,19874912,Ohio
2657,48,501,01384036,48501,Yoakum,Yoakum County,2071252479,34329,Texas
2658,41,071,01135866,41071,Yamhill,Yamhill County,1854279939,6381028,Oregon
2659,19,115,00465246,19115,Louisa,Louisa County,1040596801,40784321,Iowa
2660,20,049,00484994,20049,Elk,Elk County,1668636744,16061112,Kansas
2661,39,121,01074073,39121,Noble,Noble County,1030846430,16984489,Ohio
2662,39,137,01074081,39137,Putnam,Putnam County,1249783612,4544874,Ohio
2663,48,425,01383998,48425,Somervell,Somervell County,482714479,14210911,Texas
2664,42,075,01214034,42075,Lebanon,Lebanon County,937148912,1722125,Pennsylvania
2665,30,035,01719607,30035,Glacier,Glacier County,7757405145,105684958,Montana
2666,32,027,00858646,32027,Pershing,Pershing County,15634691970,79934815,Nevada
2667,27,087,00659488,27087,Mahnomen,Mahnomen County,1444868084,64851532,Minnesota
2668,34,031,00882232,34031,Passaic,Passaic County,481772301,32052581,New Jersey
2669,30,047,01796943,30047,Lake,Lake County,3860292622,423545836,Montana
2670,48,261,01383916,48261,Kenedy,Kenedy County,3777657843,1261927310,Texas
2671,48,033,01383802,48033,Borden,Borden County,2324366072,22297606,Texas
2672,29,157,00758533,29157,Perry,Perry County,1228574128,25394864,Missouri
2673,48,411,01383991,48411,San Saba,San Saba County,2940447163,8300211,Texas
2674,40,073,01101824,40073,Kingfisher,Kingfisher County,2326010568,20607580,Oklahoma
2675,48,051,01383811,48051,Burleson,Burleson County,1707015709,46043236,Texas
2676,36,035,00974116,36035,Fulton,Fulton County,1283234687,96916403,New York
2677,28,133,00695787,28133,Sunflower,Sunflower County,1807187011,23747316,Mississippi
2678,27,053,00659472,27053,Hennepin,Hennepin County,1434949247,136626454,Minnesota
2679,42,027,01214720,42027,Centre,Centre County,2871539708,11177389,Pennsylvania
2680,48,025,01383798,48025,Bee,Bee County,2279809487,246409,Texas
2681,47,077,01639754,47077,Henderson,Henderson County,1346816755,15219341,Tennessee
2682,19,171,00465274,19171,Tama,Tama County,1867410499,2769418,Iowa
2683,20,175,00485050,20175,Seward,Seward County,1656693305,1961444,Kansas
2684,19,135,00465256,19135,Monroe,Monroe County,1123296138,1522790,Iowa
2685,31,147,00835895,31147,Richardson,Richardson County,1429261302,7077610,Nebraska
2686,17,021,00424212,17021,Christian,Christian County,1837569688,16227346,Illinois
2687,12,089,00295730,12089,Nassau,Nassau County,1680075562,200050173,Florida
2688,12,133,00295762,12133,Washington,Washington County,1514305979,81008171,Florida
2689,13,007,00342832,13007,Baker,Baker County,885665381,18598653,Georgia
2690,13,275,00343835,13275,Thomas,Thomas County,1410592607,19645695,Georgia
2691,21,005,00516849,21005,Anderson,Anderson County,523612175,5473039,Kentucky
2692,21,185,00516939,21185,Oldham,Oldham County,484959864,23566080,Kentucky
2693,13,057,01685718,13057,Cherokee,Cherokee County,1090597336,34427735,Georgia
2694,38,065,01034205,38065,Oliver,Oliver County,1871017444,22475760,North Dakota
2695,26,133,01623009,26133,Osceola,Osceola County,1466674406,17425113,Michigan
2696,47,109,01639774,47109,McNairy,McNairy County,1457753351,1994997,Tennessee
2697,53,001,01531601,53001,Adams,Adams County,4985698856,12464425,Washington
2698,29,057,00758483,29057,Dade,Dade County,1269120978,42072597,Missouri
2699,22,101,01629492,22101,St. Mary,St. Mary Parish,1439626085,1460444966,Louisiana
2700,50,007,01461760,50007,Chittenden,Chittenden County,1390433437,217071279,Vermont
2701,72,045,01804502,72045,Comerío,Comerío Municipio,73557193,319739,Puerto Rico
2702,15,009,00365283,15009,Maui,Maui County,3008348851,3203294213,Hawaii
2703,22,057,00558065,22057,Lafourche,Lafourche Parish,2765571303,1037643577,Louisiana
2704,19,139,00465258,19139,Muscatine,Muscatine County,1132964480,30262337,Iowa
2705,12,113,00306914,12113,Santa Rosa,Santa Rosa County,2622106398,543294939,Florida
2706,18,101,00451679,18101,Martin,Martin County,869615720,12033245,Indiana
2707,21,203,00516948,21203,Rockcastle,Rockcastle County,819854210,4010849,Kentucky
2708,21,223,00516958,21223,Trimble,Trimble County,392766463,11214924,Kentucky
2709,13,055,00352213,13055,Chattooga,Chattooga County,811512398,570806,Georgia
2710,45,033,01247993,45033,Dillon,Dillon County,1049117525,4541557,South Carolina
2711,37,103,01026338,37103,Jones,Jones County,1220836958,6031825,North Carolina
2712,29,199,00758552,29199,Scotland,Scotland County,1130548365,7217862,Missouri
2713,20,131,00485029,20131,Nemaha,Nemaha County,1858127934,5205446,Kansas
2714,20,137,00485032,20137,Norton,Norton County,2274122718,8421464,Kansas
2715,72,007,01804483,72007,Aguas Buenas,Aguas Buenas Municipio,77919504,28383,Puerto Rico
2716,72,033,01804496,72033,Cataño,Cataño Municipio,12515854,5614795,Puerto Rico
2717,31,065,00835854,31065,Furnas,Furnas County,1862542300,3915843,Nebraska
2718,13,087,00352234,13087,Decatur,Decatur County,1546842840,67154651,Georgia
2719,18,177,00450336,18177,Wayne,Wayne County,1040539270,6701974,Indiana
2720,21,009,00516851,21009,Barren,Barren County,1262839457,32153759,Kentucky
2721,31,093,00835868,31093,Howard,Howard County,1474578450,16199402,Nebraska
2722,38,025,01035623,38025,Dunn,Dunn County,5201969431,190528746,North Dakota
2723,06,005,01675841,06005,Amador,Amador County,1539965777,29438413,California
2724,47,049,01639743,47049,Fentress,Fentress County,1291385622,841022,Tennessee
2725,20,031,00484985,20031,Coffey,Coffey County,1623623917,70470788,Kansas
2726,26,023,01622954,26023,Branch,Branch County,1311597696,34428004,Michigan
2727,51,031,01674917,51031,Campbell,Campbell County,1303300984,8894442,Virginia
2728,39,105,01074065,39105,Meigs,Meigs County,1113957873,7519818,Ohio
2729,54,067,01550040,54067,Nicholas,Nicholas County,1675324341,19580622,West Virginia
2730,40,053,01101814,40053,Grant,Grant County,2591904426,7042653,Oklahoma
2731,46,115,01266987,46115,Spink,Spink County,3894043705,16165380,South Dakota
2732,50,027,01461770,50027,Windsor,Windsor County,2510071977,19366112,Vermont
2733,48,455,01384013,48455,Trinity,Trinity County,1796920726,52260791,Texas
2734,35,001,01702363,35001,Bernalillo,Bernalillo County,3007611393,15882874,New Mexico
2735,13,205,00343645,13205,Mitchell,Mitchell County,1326483085,4314212,Georgia
2736,15,001,00365280,15001,Hawaii,Hawaii County,10433635373,2739472560,Hawaii
2737,21,147,00516926,21147,McCreary,McCreary County,1105416696,10730402,Kentucky
2738,21,191,00516942,21191,Pendleton,Pendleton County,717836498,12306254,Kentucky
2739,21,215,00516954,21215,Spencer,Spencer County,483617871,12782162,Kentucky
2740,30,041,01720048,30041,Hill,Hill County,7509415030,44186124,Montana
2741,31,175,00835909,31175,Valley,Valley County,1471402764,6076916,Nebraska
2742,48,069,01383820,48069,Castro,Castro County,2316600393,12557414,Texas
2743,24,043,01714220,24043,Washington,Washington County,1185655248,24820607,Maryland
2744,21,133,00516913,21133,Letcher,Letcher County,875235600,2856315,Kentucky
2745,34,033,00882233,34033,Salem,Salem County,859519174,105385672,New Jersey
2746,51,680,01498429,51680,Lynchburg,Lynchburg city,126848431,1422888,Virginia
2747,05,125,00067102,05125,Saline,Saline County,1873940137,17955554,Arkansas
2748,54,053,01560254,54053,Mason,Mason County,1115683500,36124377,West Virginia
2749,54,021,01689673,54021,Gilmer,Gilmer County,876717629,4082112,West Virginia
2750,28,063,00695755,28063,Jefferson,Jefferson County,1346620554,18988092,Mississippi
2751,38,079,01034228,38079,Rolette,Rolette County,2338867336,94423046,North Dakota
2752,30,103,01719563,30103,Treasure,Treasure County,2532492072,17149960,Montana
2753,21,049,00516871,21049,Clark,Clark County,653939116,6912639,Kentucky
2754,72,101,01804531,72101,Morovis,Morovis Municipio,100676194,139537,Puerto Rico
2755,26,005,01622945,26005,Allegan,Allegan County,2137395679,2610802947,Michigan
2756,47,005,01639724,47005,Benton,Benton County,1021248371,108583505,Tennessee
2757,27,015,00659453,27015,Brown,Brown County,1582765944,18533953,Minnesota
2758,47,137,01648580,47137,Pickett,Pickett County,422113138,29822845,Tennessee
2759,51,109,01494707,51109,Louisa,Louisa County,1282164640,37822855,Virginia
2760,18,145,00450387,18145,Shelby,Shelby County,1064836596,4197549,Indiana
2761,39,049,01074037,39049,Franklin,Franklin County,1378955470,29029615,Ohio
2762,49,021,01448025,49021,Iron,Iron County,8537474384,11390956,Utah
2763,32,009,00858641,32009,Esmeralda,Esmeralda County,9277050177,18552010,Nevada
2764,26,083,01622984,26083,Keweenaw,Keweenaw County,1398883242,14053673396,Michigan
2765,49,039,01448033,49039,Sanpete,Sanpete County,4117901457,32049371,Utah
2766,20,093,00485011,20093,Kearny,Kearny County,2254696661,1133601,Kansas
2767,12,009,00295749,12009,Brevard,Brevard County,2628764720,1403938853,Florida
2768,18,105,00451680,18105,Monroe,Monroe County,1021806945,43510634,Indiana
2769,19,117,00465247,19117,Lucas,Lucas County,1115458264,9852845,Iowa
2770,21,239,00516966,21239,Woodford,Woodford County,492411608,4907895,Kentucky
2771,45,053,01248006,45053,Jasper,Jasper County,1696857613,120228675,South Carolina
2772,48,043,01383807,48043,Brewster,Brewster County,16015871248,22062518,Texas
2773,45,065,01248012,45065,McCormick,McCormick County,929457509,89976619,South Carolina
2774,45,087,01248017,45087,Union,Union County,1330180037,4792745,South Carolina
2775,27,103,00659497,27103,Nicollet,Nicollet County,1161848159,47511407,Minnesota
2776,55,075,01581097,55075,Marinette,Marinette County,3624599046,389876770,Wisconsin
2777,53,011,01531820,53011,Clark,Clark County,1627792396,70200672,Washington
2778,55,099,01581110,55099,Price,Price County,3247987870,62098964,Wisconsin
2779,18,103,00450373,18103,Miami,Miami County,968246953,9184624,Indiana
2780,20,053,00484996,20053,Ellsworth,Ellsworth County,1853331064,19969761,Kansas
2781,22,123,00559578,22123,West Carroll,West Carroll Parish,931582171,2386489,Louisiana
2782,12,077,00308549,12077,Liberty,Liberty County,2164099094,19582444,Florida
2783,20,083,00485006,20083,Hodgeman,Hodgeman County,2227369150,826344,Kansas
2784,20,119,00485024,20119,Meade,Meade County,2533222397,3258258,Kansas
2785,21,149,00516927,21149,McLean,McLean County,654041001,9606626,Kentucky
2786,28,001,00695726,28001,Adams,Adams County,1197464268,65273639,Mississippi
2787,72,083,01804522,72083,Las Marías,Las Marías Municipio,120071824,376224,Puerto Rico
2788,28,057,00695752,28057,Itawamba,Itawamba County,1379932997,19825536,Mississippi
2789,21,073,00516883,21073,Franklin,Franklin County,538312209,10786432,Kentucky
2790,23,009,00581290,23009,Hancock,Hancock County,4110642800,1962698999,Maine
2791,23,013,00581292,23013,Knox,Knox County,945723205,2017077723,Maine
2792,13,217,01673547,13217,Newton,Newton County,709148422,13974069,Georgia
2793,46,049,01265760,46049,Faulk,Faulk County,2542625555,62622903,South Dakota
2794,26,061,01622973,26061,Houghton,Houghton County,2613558396,1275354760,Michigan
2795,30,061,01720030,30061,Mineral,Mineral County,3158799812,9897218,Montana
2796,47,051,01639744,47051,Franklin,Franklin County,1436141691,55046635,Tennessee
2797,22,029,00558515,22029,Concordia,Concordia Parish,1805360346,130322878,Louisiana
2798,22,063,00558083,22063,Livingston,Livingston Parish,1678641293,112186821,Louisiana
2799,25,009,00606931,25009,Essex,Essex County,1275623143,870158745,Massachusetts
2800,46,019,01265793,46019,Butte,Butte County,5827498555,42750488,South Dakota
2801,08,035,00198133,08035,Douglas,Douglas County,2176020279,6795841,Colorado
2802,45,079,01249299,45079,Richland,Richland County,1961343757,38007093,South Carolina
2803,18,095,00450370,18095,Madison,Madison County,1170470206,2546731,Indiana
2804,40,099,01101837,40099,Murray,Murray County,1078405800,22710695,Oklahoma
2805,54,009,01558262,54009,Brooke,Brooke County,231015795,8732461,West Virginia
2806,54,013,01696945,54013,Calhoun,Calhoun County,723253605,3703371,West Virginia
2807,51,021,01494613,51021,Bland,Bland County,926311265,2547191,Virginia
2808,30,111,01719558,30111,Yellowstone,Yellowstone County,6820650795,39944760,Montana
2809,54,043,01550028,54043,Lincoln,Lincoln County,1132065764,4053564,West Virginia
2810,06,033,00277281,06033,Lake,Lake County,3254452700,188748214,California
2811,13,131,00351261,13131,Grady,Grady County,1177051415,15026665,Georgia
2812,08,021,00198126,08021,Conejos,Conejos County,3334423895,9235012,Colorado
2813,49,037,01448032,49037,San Juan,San Juan County,20253174599,293818273,Utah
2814,18,133,00450384,18133,Putnam,Putnam County,1244585887,5585892,Indiana
2815,16,047,00395441,16047,Gooding,Gooding County,1888935208,12470063,Idaho
2816,47,167,01639795,47167,Tipton,Tipton County,1180026940,32703276,Tennessee
2817,22,121,00559570,22121,West Baton Rouge,West Baton Rouge Parish,498174685,29604699,Louisiana
2818,29,171,00758540,29171,Putnam,Putnam County,1339844722,5942463,Missouri
2819,56,039,01605083,56039,Teton,Teton County,10351790059,570859114,Wyoming
2820,55,043,01581081,55043,Grant,Grant County,2970402286,94521527,Wisconsin
2821,38,059,01034207,38059,Morton,Morton County,4988026151,49931487,North Dakota
2822,37,041,01025822,37041,Chowan,Chowan County,447179939,157966156,North Carolina
2823,37,021,01008538,37021,Buncombe,Buncombe County,1700318978,8942802,North Carolina
2824,06,063,00277296,06063,Plumas,Plumas County,6612400772,156387638,California
2825,51,730,01498435,51730,Petersburg,Petersburg city,58845730,577678,Virginia
2826,50,023,01461768,50023,Washington,Washington County,1779477072,21517931,Vermont
2827,46,093,01266991,46093,Meade,Meade County,8989677124,30742173,South Dakota
2828,18,097,00450371,18097,Marion,Marion County,1027221236,16566444,Indiana
2829,05,017,00069160,05017,Chicot,Chicot County,1649764677,140413175,Arkansas
2830,13,021,01672039,13021,Bibb,Bibb County,645898113,14305197,Georgia
2831,72,059,01804510,72059,Guayanilla,Guayanilla Municipio,109480383,56911386,Puerto Rico
2832,72,131,01804546,72131,San Sebastián,San Sebastián Municipio,182394907,2060665,Puerto Rico
2833,05,115,00069901,05115,Pope,Pope County,2100810775,51385065,Arkansas
2834,51,175,01480171,51175,Southampton,Southampton County,1551909770,8090234,Virginia
2835,48,183,01383877,48183,Gregg,Gregg County,708052150,6206460,Texas
2836,36,087,00974142,36087,Rockland,Rockland County,449841002,66919665,New York
2837,05,089,00069898,05089,Marion,Marion County,1545325346,112951240,Arkansas
2838,51,800,01498560,51800,Suffolk,Suffolk city,1033819022,77045664,Virginia
2839,08,041,00198135,08041,El Paso,El Paso County,5507386924,7070359,Colorado
2840,29,187,00758548,29187,St. Francois,St. Francois County,1170380017,7218075,Missouri
2841,48,475,01384023,48475,Ward,Ward County,2164201061,624206,Texas
2842,08,061,00198146,08061,Kiowa,Kiowa County,4578603586,47032918,Colorado
2843,48,487,01384029,48487,Wilbarger,Wilbarger County,2514738100,18202665,Texas
2844,41,015,01155129,41015,Curry,Curry County,4217489863,934614482,Oregon
2845,08,119,00198175,08119,Teller,Teller County,1442988178,4960197,Colorado
2846,29,049,00758479,29049,Clinton,Clinton County,1085049759,11764909,Missouri
2847,49,051,01448039,49051,Wasatch,Wasatch County,3048452815,79128329,Utah
2848,16,029,00395406,16029,Caribou,Caribou County,4569240776,89216879,Idaho
2849,37,157,01008582,37157,Rockingham,Rockingham County,1465006547,18434917,North Carolina
2850,05,117,00069176,05117,Prairie,Prairie County,1677069877,72638193,Arkansas
2851,05,011,00063757,05011,Bradley,Bradley County,1681335016,9505606,Arkansas
2852,48,193,01383882,48193,Hamilton,Hamilton County,2165008742,1238628,Texas
2853,24,011,00595737,24011,Caroline,Caroline County,827350254,16777066,Maryland
2854,27,041,00659466,27041,Douglas,Douglas County,1649659292,215526674,Minnesota
2855,30,043,01720045,30043,Jefferson,Jefferson County,4291603025,6256292,Montana
2856,51,059,01480119,51059,Fairfax,Fairfax County,1012739503,40071739,Virginia
2857,30,023,01719617,30023,Deer Lodge,Deer Lodge County,1907998860,12199890,Montana
2858,47,001,01639722,47001,Anderson,Anderson County,873352611,19665031,Tennessee
2859,39,077,01074051,39077,Huron,Huron County,1274903645,8628942,Ohio
2860,13,005,00344784,13005,Bacon,Bacon County,735770219,4506310,Georgia
2861,10,001,00217271,10001,Kent,Kent County,1517891096,549776917,Delaware
2862,39,173,01074098,39173,Wood,Wood County,1598441996,8718771,Ohio
2863,13,157,00349570,13157,Jackson,Jackson County,879711035,8858770,Georgia
2864,20,003,00484971,20003,Anderson,Anderson County,1501264009,10599659,Kansas
2865,17,095,00424249,17095,Knox,Knox County,1855428897,8837382,Illinois
2866,30,107,01719560,30107,Wheatland,Wheatland County,3684208396,13010928,Montana
2867,47,015,01648572,47015,Cannon,Cannon County,687992379,156144,Tennessee
2868,23,007,00581289,23007,Franklin,Franklin County,4395223704,121287619,Maine
2869,21,165,00516929,21165,Menifee,Menifee County,527283209,6084693,Kentucky
2870,46,089,01265762,46089,McPherson,McPherson County,2943956443,38506560,South Dakota
2871,08,051,00198141,08051,Gunnison,Gunnison County,8389334152,53070998,Colorado
2872,26,029,01622957,26029,Charlevoix,Charlevoix County,1078288793,2522931117,Michigan
2873,27,151,00659520,27151,Swift,Swift County,1921733671,26235363,Minnesota
2874,39,147,01074086,39147,Seneca,Seneca County,1427151729,4576816,Ohio
2875,13,267,00347445,13267,Tattnall,Tattnall County,1245369512,19447412,Georgia
2876,48,429,01384000,48429,Stephens,Stephens County,2322497231,64147705,Texas
2877,37,117,01026328,37117,Martin,Martin County,1182102539,746610,North Carolina
2878,30,081,01719582,30081,Ravalli,Ravalli County,6192574713,24289479,Montana
2879,13,317,00351265,13317,Wilkes,Wilkes County,1216001422,11896927,Georgia
2880,53,043,01514052,53043,Lincoln,Lincoln County,5984421204,75265950,Washington
2881,06,081,00277305,06081,San Mateo,San Mateo County,1161922042,757123906,California
2882,39,171,01074097,39171,Williams,Williams County,1089503875,6299797,Ohio
2883,08,009,00198120,08009,Baca,Baca County,6617400567,6142192,Colorado
2884,16,021,00395159,16021,Boundary,Boundary County,3285862966,24278846,Idaho
2885,16,007,00395090,16007,Bear Lake,Bear Lake County,2527123155,191364281,Idaho
2886,39,159,01074091,39159,Union,Union County,1118250204,13288885,Ohio
2887,39,035,01074030,39035,Cuyahoga,Cuyahoga County,1184169986,2041734546,Ohio
2888,48,285,01383928,48285,Lavaca,Lavaca County,2511535248,1882216,Texas
2889,40,105,01101840,40105,Nowata,Nowata County,1465460408,38903890,Oklahoma
2890,13,125,00345642,13125,Glascock,Glascock County,372299245,1832723,Georgia
2891,41,059,01156673,41059,Umatilla,Umatilla County,8327976998,41618632,Oregon
2892,46,102,01266992,46102,Oglala Lakota,Oglala Lakota County,5422402208,7126155,South Dakota
2893,20,117,00485023,20117,Marshall,Marshall County,2331450539,12735557,Kansas
2894,22,065,00558088,22065,Madison,Madison Parish,1616604801,68460376,Louisiana
2895,30,105,01678923,30105,Valley,Valley County,12758577238,351384872,Montana
2896,13,313,00353513,13313,Whitfield,Whitfield County,752248663,1579031,Georgia
2897,20,203,00485062,20203,Wichita,Wichita County,1861078197,61987,Kansas
2898,46,023,01266976,46023,Charles Mix,Charles Mix County,2842481168,136616766,South Dakota
2899,31,027,00835835,31027,Cedar,Cedar County,1917222688,14511196,Nebraska
2900,53,035,01529223,53035,Kitsap,Kitsap County,1023308791,442187072,Washington
2901,17,111,01784815,17111,McHenry,McHenry County,1562785695,19871852,Illinois
2902,30,069,01719590,30069,Petroleum,Petroleum County,4288047861,48927318,Montana
2903,29,033,00758471,29033,Carroll,Carroll County,1799061890,17533392,Missouri
2904,53,075,01533501,53075,Whitman,Whitman County,5592463291,48246698,Washington
2905,27,147,00659518,27147,Steele,Steele County,1112775704,6976791,Minnesota
2906,31,169,00835906,31169,Thayer,Thayer County,1486153254,3025339,Nebraska
2907,47,033,01648574,47033,Crockett,Crockett County,687714870,545783,Tennessee
2908,19,079,00465228,19079,Hamilton,Hamilton County,1493725536,1956182,Iowa
2909,39,165,01074094,39165,Warren,Warren County,1039691291,15679747,Ohio
2910,13,255,00353055,13255,Spalding,Spalding County,507561198,9375991,Georgia
2911,34,019,00882228,34019,Hunterdon,Hunterdon County,1108086284,24761598,New Jersey
2912,29,217,00758561,29217,Vernon,Vernon County,2140343861,27020859,Missouri
2913,18,121,00450380,18121,Parke,Parke County,1151822275,13655204,Indiana
2914,19,069,00465223,19069,Franklin,Franklin County,1507300417,1438346,Iowa
2915,13,035,00352295,13035,Butts,Butts County,475754793,11269640,Georgia
2916,08,039,00198136,08039,Elbert,Elbert County,4793643992,442147,Colorado
2917,44,001,01219777,44001,Bristol,Bristol County,62500772,53359134,Rhode Island
2918,48,035,01383803,48035,Bosque,Bosque County,2545908129,50666116,Texas
2919,44,005,01219779,44005,Newport,Newport County,265293780,547001789,Rhode Island
2920,39,045,01074035,39045,Fairfield,Fairfield County,1306299943,10869534,Ohio
2921,38,069,01034230,38069,Pierce,Pierce County,2637345131,166227811,North Dakota
2922,17,015,00424209,17015,Carroll,Carroll County,1153597401,55881822,Illinois
2923,27,125,00659508,27125,Red Lake,Red Lake County,1119929346,227815,Minnesota
2924,41,031,01155132,41031,Jefferson,Jefferson County,4614583047,26212115,Oregon
2925,47,021,01639731,47021,Cheatham,Cheatham County,783480108,11821692,Tennessee
2926,46,127,01265763,46127,Union,Union County,1193354523,16502827,South Dakota
2927,01,051,00161551,01051,Elmore,Elmore County,1601945704,99781063,Alabama
2928,13,187,00357196,13187,Lumpkin,Lumpkin County,732820607,3275562,Georgia
2929,39,083,01074054,39083,Knox,Knox County,1361036418,10721050,Ohio
2930,19,017,00465198,19017,Bremer,Bremer County,1127885578,10166468,Iowa
2931,48,175,01383873,48175,Goliad,Goliad County,2206698612,19050015,Texas
2932,37,089,01008562,37089,Henderson,Henderson County,965934305,5531390,North Carolina
2933,12,061,00307624,12061,Indian River,Indian River County,1302272811,295509933,Florida
2934,48,393,01383982,48393,Roberts,Roberts County,2393298442,346846,Texas
2935,31,049,00835846,31049,Deuel,Deuel County,1139208344,2229828,Nebraska
2936,36,051,00974124,36051,Livingston,Livingston County,1636254771,22005356,New York
2937,19,141,00465259,19141,O'Brien,O'Brien County,1484153957,447448,Iowa
2938,48,059,01383815,48059,Callahan,Callahan County,2329363242,4898783,Texas
2939,48,379,01383975,48379,Rains,Rains County,594281632,76078926,Texas
2940,20,067,00485099,20067,Grant,Grant County,1488745962,871232,Kansas
2941,51,105,01496538,51105,Lee,Lee County,1127622846,4896591,Virginia
2942,35,051,01702370,35051,Sierra,Sierra County,10829279105,147645503,New Mexico
2943,05,043,00066851,05043,Drew,Drew County,2146225294,18789749,Arkansas
2944,31,123,00835883,31123,Morrill,Morrill County,3688187959,15647101,Nebraska
2945,29,015,00758462,29015,Benton,Benton County,1823437752,125605711,Missouri
2946,05,109,00069173,05109,Pike,Pike County,1554861342,35284868,Arkansas
2947,08,077,00198154,08077,Mesa,Mesa County,8621348071,31991710,Colorado
2948,29,065,00758487,29065,Dent,Dent County,1949641173,4518782,Missouri
2949,51,185,01497748,51185,Tazewell,Tazewell County,1343663017,2920222,Virginia
2950,42,103,01213683,42103,Pike,Pike County,1411272636,56780870,Pennsylvania
2951,42,115,01213688,42115,Susquehanna,Susquehanna County,2132844293,22384975,Pennsylvania
2952,48,343,01383957,48343,Morris,Morris County,652649023,17382447,Texas
2953,42,125,01209190,42125,Washington,Washington County,2219644652,9945723,Pennsylvania
2954,50,001,01461757,50001,Addison,Addison County,1984788916,107311072,Vermont
2955,20,103,00485016,20103,Leavenworth,Leavenworth County,1200218359,14338598,Kansas
2956,26,121,01623003,26121,Muskegon,Muskegon County,1305130153,2476314283,Michigan
2957,02,066,02804401,02066,Copper River,Copper River Census Area,63952335592,1217429937,Alaska
2958,02,063,02804400,02063,Chugach,Chugach Census Area,24682168359,14538928722,Alaska
2959,28,049,00695748,28049,Hinds,Hinds County,2252888818,19259026,Mississippi
2960,48,281,01383927,48281,Lampasas,Lampasas County,1845440041,2749903,Texas
2961,51,107,01480141,51107,Loudoun,Loudoun County,1335755877,14493733,Virginia
2962,29,185,00758547,29185,St. Clair,St. Clair County,1748193269,70137865,Missouri
2963,36,025,00974111,36025,Delaware,Delaware County,3736306657,64163829,New York
2964,30,071,01720023,30071,Phillips,Phillips County,13313630163,185493134,Montana
2965,29,129,00758519,29129,Mercer,Mercer County,1175427717,3302140,Missouri
2966,53,045,01529221,53045,Mason,Mason County,2485218918,236969801,Washington
2967,37,127,01008574,37127,Nash,Nash County,1399742831,6174819,North Carolina
2968,51,199,01480182,51199,York,York County,271190280,285635878,Virginia
2969,29,159,00758534,29159,Pettis,Pettis County,1766982902,10471760,Missouri
2970,30,063,01719596,30063,Missoula,Missoula County,6715861997,64585269,Montana
2971,20,019,00484979,20019,Chautauqua,Chautauqua County,1654694134,15243776,Kansas
2972,48,459,01384015,48459,Upshur,Upshur County,1509910834,24878112,Texas
2973,51,047,01497831,51047,Culpeper,Culpeper County,982089165,9005141,Virginia
2974,40,061,01101818,40061,Haskell,Haskell County,1493711222,126247870,Oklahoma
2975,54,069,01717163,54069,Ohio,Ohio County,274098976,8274294,West Virginia
2976,54,065,01557950,54065,Morgan,Morgan County,593295507,1401571,West Virginia
2977,51,165,01488970,51165,Rockingham,Rockingham County,2200944584,10646757,Virginia
2978,18,183,00450369,18183,Whitley,Whitley County,869117984,6076514,Indiana
2979,06,093,00277311,06093,Siskiyou,Siskiyou County,16261933231,179149816,California
2980,46,037,01265790,46037,Day,Day County,2663773676,162143251,South Dakota
2981,22,071,00558113,22071,Orleans,Orleans Parish,439001414,467095943,Louisiana
2982,01,073,00161562,01073,Jefferson,Jefferson County,2878852336,32681614,Alabama
2983,01,127,00161589,01127,Walker,Walker County,2048757699,36683003,Alabama
2984,29,063,00758486,29063,DeKalb,DeKalb County,1091312448,11560688,Missouri
2985,12,039,00306918,12039,Gadsden,Gadsden County,1337405282,31475262,Florida
2986,13,083,00347465,13083,Dade,Dade County,450584680,488463,Georgia
2987,28,033,00695741,28033,DeSoto,DeSoto County,1233730200,50234809,Mississippi
2988,51,187,01674058,51187,Warren,Warren County,555738442,8583334,Virginia
2989,17,047,00424225,17047,Edwards,Edwards County,576012470,781202,Illinois
2990,47,113,01639769,47113,Madison,Madison County,1443073934,3757608,Tennessee
2991,69,110,01805247,69110,Saipan,Saipan Municipality,118890992,532767361,Commonwealth of the Northern Mariana Islands
2992,01,111,00161582,01111,Randolph,Randolph County,1503618358,9283013,Alabama
2993,37,009,01008535,37009,Ashe,Ashe County,1104018852,8062960,North Carolina
2994,08,033,00198132,08033,Dolores,Dolores County,2763958508,2716141,Colorado
2995,39,089,01074057,39089,Licking,Licking County,1767478831,12761090,Ohio
2996,51,683,01498430,51683,Manassas,Manassas city,25493247,146287,Virginia
2997,05,139,00069903,05139,Union,Union County,2691171273,42102269,Arkansas
2998,17,071,00424237,17071,Henderson,Henderson County,981068796,42565932,Illinois
2999,01,101,00161577,01101,Montgomery,Montgomery County,2034059352,37703221,Alabama
3000,08,005,00198118,08005,Arapahoe,Arapahoe County,2066438714,19801968,Colorado
3001,21,155,00516921,21155,Marion,Marion County,888485847,9869686,Kentucky
3002,53,057,01531402,53057,Skagit,Skagit County,4481338199,483760601,Washington
3003,28,067,00695757,28067,Jones,Jones County,1799639020,12681687,Mississippi
3004,55,021,01581070,55021,Columbia,Columbia County,1982756253,78834956,Wisconsin
3005,37,019,01026340,37019,Brunswick,Brunswick County,2201703877,516599618,North Carolina
3006,27,029,00659460,27029,Clearwater,Clearwater County,2586947405,80206137,Minnesota
3007,51,131,01480151,51131,Northampton,Northampton County,548331037,1511369146,Virginia
3008,20,163,00485045,20163,Rooks,Rooks County,2306454194,11962259,Kansas
3009,18,041,00450349,18041,Fayette,Fayette County,556901577,366408,Indiana
3010,31,079,00835861,31079,Hall,Hall County,1415143422,14903733,Nebraska
3011,31,081,00835862,31081,Hamilton,Hamilton County,1404057517,6811577,Nebraska
3012,31,115,00835879,31115,Loup,Loup County,1459513675,19565477,Nebraska
3013,30,091,01677577,30091,Sheridan,Sheridan County,4343256743,75111952,Montana
3014,31,063,00835853,31063,Frontier,Frontier County,2524283363,14110080,Nebraska
3015,72,089,01804525,72089,Luquillo,Luquillo Municipio,66851395,53659425,Puerto Rico
3016,01,007,00161529,01007,Bibb,Bibb County,1612188717,9572303,Alabama
3017,28,075,00695761,28075,Lauderdale,Lauderdale County,1822508248,29730521,Mississippi
3018,27,011,00659451,27011,Big Stone,Big Stone County,1292831731,74957179,Minnesota
3019,27,013,00659452,27013,Blue Earth,Blue Earth County,1936920234,45966374,Minnesota
3020,51,091,01673774,51091,Highland,Highland County,1075266904,1791758,Virginia
3021,51,177,01480172,51177,Spotsylvania,Spotsylvania County,1039652446,33417517,Virginia
3022,33,017,00873182,33017,Strafford,Strafford County,951743430,39154073,New Hampshire
3023,13,153,01671693,13153,Houston,Houston County,973954137,9990192,Georgia
3024,26,041,01622963,26041,Delta,Delta County,3033137846,2124389420,Michigan
3025,05,131,00069181,05131,Sebastian,Sebastian County,1375754630,33853972,Arkansas
3026,06,087,00277308,06087,Santa Cruz,Santa Cruz County,1152823584,419714230,California
3027,13,191,00356886,13191,McIntosh,McIntosh County,1117201522,369165150,Georgia
3028,13,207,00343073,13207,Monroe,Monroe County,1025872448,5643846,Georgia
3029,29,069,00758489,29069,Dunklin,Dunklin County,1403538813,13708531,Missouri
3030,48,483,01384027,48483,Wheeler,Wheeler County,2368629232,2455912,Texas
3031,13,117,01673358,13117,Forsyth,Forsyth County,581757645,58447999,Georgia
3032,48,409,01383990,48409,San Patricio,San Patricio County,1795990941,37577389,Texas
3033,28,147,00695794,28147,Walthall,Walthall County,1046169275,1236552,Mississippi
3034,29,137,00758523,29137,Monroe,Monroe County,1677352687,58366943,Missouri
3035,26,073,01622979,26073,Isabella,Isabella County,1483285544,12945211,Michigan
3036,48,341,01383956,48341,Moore,Moore County,2330207191,25699789,Texas
3037,45,017,01247986,45017,Calhoun,Calhoun County,987179024,29351080,South Carolina
3038,56,035,01605082,56035,Sublette,Sublette County,12655929030,127353627,Wyoming
3039,21,069,00516881,21069,Fleming,Fleming County,902727568,7182389,Kentucky
3040,55,019,01581069,55019,Clark,Clark County,3133102168,23238832,Wisconsin
3041,45,091,01248019,45091,York,York County,1763872812,39009185,South Carolina
3042,18,001,00450401,18001,Adams,Adams County,877815496,2693924,Indiana
3043,22,005,00558403,22005,Ascension,Ascension Parish,751016878,32969822,Louisiana
3044,42,119,01213689,42119,Union,Union County,818313044,4622034,Pennsylvania
3045,51,041,01480111,51041,Chesterfield,Chesterfield County,1096874571,34967238,Virginia
3046,22,001,00558389,22001,Acadia,Acadia Parish,1697073813,5934788,Louisiana
3047,42,039,01213666,42039,Crawford,Crawford County,2621988043,65389924,Pennsylvania
3048,46,123,01265784,46123,Tripp,Tripp County,4176247413,13272783,South Dakota
3049,19,077,00465227,19077,Guthrie,Guthrie County,1529656705,6355531,Iowa
3050,19,183,00465280,19183,Washington,Washington County,1473258536,5339036,Iowa
3051,46,111,01266977,46111,Sanborn,Sanborn County,1474329184,3132216,South Dakota
3052,40,051,01101813,40051,Grady,Grady County,2850386659,11374380,Oklahoma
3053,54,039,01550026,54039,Kanawha,Kanawha County,2335256702,24015465,West Virginia
3054,55,109,01581833,55109,St. Croix,St. Croix County,1870380099,33740130,Wisconsin
3055,42,121,01213690,42121,Venango,Venango County,1746337768,22149577,Pennsylvania
3056,39,153,01074088,39153,Summit,Summit County,1069129523,19007561,Ohio
3057,13,127,01671513,13127,Glynn,Glynn County,1086851231,429107116,Georgia
3058,48,479,01384025,48479,Webb,Webb County,8706187276,36554555,Texas
3059,37,123,01008572,37123,Montgomery,Montgomery County,1273075627,25886753,North Carolina
3060,23,003,00581287,23003,Aroostook,Aroostook County,17278035039,404869424,Maine
3061,28,065,00695756,28065,Jefferson Davis,Jefferson Davis County,1057871277,1791496,Mississippi
3062,18,175,00451665,18175,Washington,Washington County,1330444043,7529046,Indiana
3063,48,031,01383801,48031,Blanco,Blanco County,1836953735,10813161,Texas
3064,51,025,01493961,51025,Brunswick,Brunswick County,1466538252,8383474,Virginia
3065,47,045,01639741,47045,Dyer,Dyer County,1326982067,35839863,Tennessee
3066,47,053,01639745,47053,Gibson,Gibson County,1561102696,2345193,Tennessee
3067,51,149,01480160,51149,Prince George,Prince George County,687232241,42745198,Virginia
3068,05,075,00066865,05075,Lawrence,Lawrence County,1521690357,12395693,Arkansas
3069,38,027,01034222,38027,Eddy,Eddy County,1632310791,36012924,North Dakota
3070,53,053,01529159,53053,Pierce,Pierce County,4320001331,356119653,Washington
3071,16,063,00395624,16063,Lincoln,Lincoln County,3111517506,11588561,Idaho
3072,42,071,01209181,42071,Lancaster,Lancaster County,2444751632,103368819,Pennsylvania
3073,55,057,01581088,55057,Juneau,Juneau County,1986729542,98638538,Wisconsin
3074,47,151,01639788,47151,Scott,Scott County,1378652173,2418741,Tennessee
3075,46,031,01265811,46031,Corson,Corson County,6396478609,155287098,South Dakota
3076,46,053,01265765,46053,Gregory,Gregory County,2628707453,99900775,South Dakota
3077,37,181,01008591,37181,Vance,Vance County,653701481,42190675,North Carolina
3078,21,033,00516863,21033,Caldwell,Caldwell County,893002029,8697603,Kentucky
3079,45,011,01247983,45011,Barnwell,Barnwell County,1420294945,23008122,South Carolina
3080,47,039,01639739,47039,Decatur,Decatur County,864741776,28501002,Tennessee
3081,18,009,00450404,18009,Blackford,Blackford County,427559406,1298757,Indiana
3082,01,055,00161553,01055,Etowah,Etowah County,1385916768,35022972,Alabama
3083,16,025,00399408,16025,Camas,Camas County,2782253888,11548054,Idaho
3084,20,155,00485041,20155,Reno,Reno County,3251231984,43517492,Kansas
3085,47,119,01639772,47119,Maury,Maury County,1588022048,6318294,Tennessee
3086,56,015,01605073,56015,Goshen,Goshen County,5764310957,16969725,Wyoming
3087,55,107,01581114,55107,Rusk,Rusk County,2366092262,44813690,Wisconsin
3088,55,133,01581126,55133,Waukesha,Waukesha County,1423769973,79817326,Wisconsin
3089,21,079,00516886,21079,Garrard,Garrard County,595979379,9931261,Kentucky
3090,25,021,00606937,25021,Norfolk,Norfolk County,1025902478,124958171,Massachusetts
3091,18,063,00450358,18063,Hendricks,Hendricks County,1053849393,4880798,Indiana
3092,17,077,00424240,17077,Jackson,Jackson County,1511439594,48312243,Illinois
3093,45,043,01248002,45043,Georgetown,Georgetown County,2107275277,572929958,South Carolina
3094,38,041,01034209,38041,Hettinger,Hettinger County,2932485810,4008872,North Dakota
3095,49,019,01448024,49019,Grand,Grand County,9512361691,31552278,Utah
3096,49,045,01448036,49045,Tooele,Tooele County,17979556898,891073714,Utah
3097,51,650,01498554,51650,Hampton,Hampton city,133282615,219667964,Virginia
3098,55,011,01581065,55011,Buffalo,Buffalo County,1750290818,87549529,Wisconsin
3099,51,069,01480124,51069,Frederick,Frederick County,1070013828,5860365,Virginia
3100,54,041,01550027,54041,Lewis,Lewis County,1002143596,7036534,West Virginia
3101,27,119,00659505,27119,Polk,Polk County,5104864821,69390824,Minnesota
3102,27,127,00659509,27127,Redwood,Redwood County,2275493325,8220826,Minnesota
3103,47,047,01639742,47047,Fayette,Fayette County,1825359641,3774635,Tennessee
3104,60,040,01805244,60040,Swains Island,Swains Island,2432605,149170816,American Samoa
3105,22,089,01629449,22089,St. Charles,St. Charles Parish,719347893,308635080,Louisiana
3106,05,111,00069174,05111,Poinsett,Poinsett County,1963975460,13892745,Arkansas
3107,12,045,00306917,12045,Gulf,Gulf County,1433448660,624425009,Florida
3108,47,063,01648576,47063,Hamblen,Hamblen County,417475125,37853343,Tennessee
3109,01,021,00161536,01021,Chilton,Chilton County,1794438835,20592116,Alabama
3110,48,351,01383961,48351,Newton,Newton County,2418212546,15672146,Texas
3111,48,219,01383895,48219,Hockley,Hockley County,2352723961,446119,Texas
3112,13,009,00345255,13009,Baldwin,Baldwin County,670025212,24806035,Georgia
3113,37,175,01008589,37175,Transylvania,Transylvania County,979943598,5091023,North Carolina
3114,37,171,01008587,37171,Surry,Surry County,1379543351,10391163,North Carolina
3115,01,031,00161541,01031,Coffee,Coffee County,1758565928,3907189,Alabama
3116,39,149,01074087,39149,Shelby,Shelby County,1055922238,7802978,Ohio
3117,16,027,00399406,16027,Canyon,Canyon County,1520451457,43117849,Idaho
3118,30,019,01637566,30019,Daniels,Daniels County,3694021963,1021697,Montana
3119,12,073,00306916,12073,Leon,Leon County,1731225654,86408794,Florida
3120,40,119,01101847,40119,Payne,Payne County,1773885850,31991880,Oklahoma
3121,01,039,00161545,01039,Covington,Covington County,2669165738,34194671,Alabama
3122,18,093,00451703,18093,Lawrence,Lawrence County,1163282503,7207557,Indiana
3123,20,069,00485001,20069,Gray,Gray County,2250356174,1113338,Kansas
3124,21,045,00516869,21045,Casey,Casey County,1150573335,3890643,Kentucky
3125,21,169,00516931,21169,Metcalfe,Metcalfe County,750166111,4012303,Kentucky
3126,21,207,00516950,21207,Russell,Russell County,657060481,75583987,Kentucky
3127,22,011,00558436,22011,Beauregard,Beauregard Parish,2997852789,21944259,Louisiana
3128,23,025,00581298,23025,Somerset,Somerset County,10163811990,437942552,Maine
3129,40,025,01101800,40025,Cimarron,Cimarron County,4752131817,15923999,Oklahoma
3130,21,163,00516928,21163,Meade,Meade County,791093710,49111009,Kentucky
3131,21,179,00516936,21179,Nelson,Nelson County,1081379029,16973349,Kentucky
3132,21,187,00516940,21187,Owen,Owen County,909365301,8129123,Kentucky
3133,29,155,00758532,29155,Pemiscot,Pemiscot County,1275841039,53915406,Missouri
3134,31,125,00835884,31125,Nance,Nance County,1143745449,17166723,Nebraska
3135,55,078,01581099,55078,Menominee,Menominee County,926217566,19022479,Wisconsin
3136,48,365,01383968,48365,Panola,Panola County,2101400900,25810623,Texas
3137,21,011,00516852,21011,Bath,Bath County,722081417,13486211,Kentucky
3138,48,001,01383786,48001,Anderson,Anderson County,2752164826,39845046,Texas
3139,51,033,01480107,51033,Caroline,Caroline County,1365863858,24927342,Virginia
3140,19,167,00465272,19167,Sioux,Sioux County,1988881471,2802041,Iowa
3141,06,021,00277275,06021,Glenn,Glenn County,3403160301,33693344,California
3142,29,510,00767557,29510,St. Louis,St. Louis city,159896485,11563208,Missouri
3143,13,111,00351094,13111,Fannin,Fannin County,1002597521,13473582,Georgia
3144,46,051,01265782,46051,Grant,Grant County,1764937243,15765681,South Dakota
3145,46,091,01265759,46091,Marshall,Marshall County,2170620943,124689684,South Dakota
3146,53,067,01529226,53067,Thurston,Thurston County,1871256793,133627810,Washington
3147,31,107,00835875,31107,Knox,Knox County,2870854403,81011712,Nebraska
3148,35,061,00933052,35061,Valencia,Valencia County,2762854197,2760089,New Mexico
3149,30,079,01715847,30079,Prairie,Prairie County,4497780202,15092932,Montana
3150,19,005,00465192,19005,Allamakee,Allamakee County,1655115641,51094064,Iowa
3151,48,061,01383816,48061,Cameron,Cameron County,2309530382,996407283,Texas
3152,48,339,01383955,48339,Montgomery,Montgomery County,2699237142,89879828,Texas
3153,08,071,00198151,08071,Las Animas,Las Animas County,12361852647,6929970,Colorado
3154,48,299,01383935,48299,Llano,Llano County,2419214536,82342037,Texas
3155,48,319,01383942,48319,Mason,Mason County,2405674102,8755301,Texas
3156,37,043,01008546,37043,Clay,Clay County,556804503,15017755,North Carolina
3157,36,071,00974134,36071,Orange,Orange County,2103267971,67958489,New York
3158,36,093,00974144,36093,Schenectady,Schenectady County,530089712,12366944,New York
3159,54,059,01550036,54059,Mingo,Mingo County,1095926646,2177833,West Virginia
3160,20,197,00485059,20197,Wabaunsee,Wabaunsee County,2057320864,13845234,Kansas
3161,27,055,00659473,27055,Houston,Houston County,1429966790,43313922,Minnesota
3162,21,181,00516937,21181,Nicholas,Nicholas County,505465963,4301985,Kentucky
3163,25,023,00606938,25023,Plymouth,Plymouth County,1705521260,1126101572,Massachusetts
3164,36,005,00974101,36005,Bronx,Bronx County,109233466,39353304,New York
3165,37,055,01026133,37055,Dare,Dare County,992558307,3000513520,North Carolina
3166,39,103,01074064,39103,Medina,Medina County,1091571154,4196171,Ohio
3167,42,005,01213658,42005,Armstrong,Armstrong County,1692093647,27586728,Pennsylvania
3168,34,001,00882270,34001,Atlantic,Atlantic County,1438775279,301270067,New Jersey
3169,55,071,01581095,55071,Manitowoc,Manitowoc County,1526295968,2343344181,Wisconsin
3170,55,029,01581074,55029,Door,Door County,1248277424,4890604607,Wisconsin
3171,37,047,01026339,37047,Columbus,Columbus County,2429722353,43711694,North Carolina
3172,39,053,01074039,39053,Gallia,Gallia County,1208305870,12087309,Ohio
3173,48,441,01384006,48441,Taylor,Taylor County,2371228265,9760311,Texas
3174,51,570,01498420,51570,Colonial Heights,Colonial Heights city,19475360,709877,Virginia
3175,39,031,01074028,39031,Coshocton,Coshocton County,1460721942,9128742,Ohio
3176,31,135,00835889,31135,Perkins,Perkins County,2287768800,2840176,Nebraska
3177,48,205,01383888,48205,Hartley,Hartley County,3786435508,3023183,Texas
3178,08,049,00198140,08049,Grand,Grand County,4782276779,59886083,Colorado
3179,48,249,01383910,48249,Jim Wells,Jim Wells County,2240795375,8723372,Texas
3180,19,189,00465283,19189,Winnebago,Winnebago County,1037261956,3182049,Iowa
3181,06,079,00277304,06079,San Luis Obispo,San Luis Obispo County,8549176813,815614291,California
3182,01,067,00161559,01067,Henry,Henry County,1454959642,16953809,Alabama
3183,39,175,01074099,39175,Wyandot,Wyandot County,1053812244,1783532,Ohio
3184,48,505,01384038,48505,Zapata,Zapata County,2585876042,154371160,Texas
3185,13,177,00343390,13177,Lee,Lee County,921731096,15310679,Georgia
3186,21,019,00516856,21019,Boyd,Boyd County,414054165,5569239,Kentucky
3187,27,019,00659455,27019,Carver,Carver County,916911956,56672020,Minnesota
3188,31,037,00835840,31037,Colfax,Colfax County,1066160690,12611136,Nebraska
3189,45,025,01247989,45025,Chesterfield,Chesterfield County,2069364013,17265236,South Carolina
3190,47,101,01639765,47101,Lewis,Lewis County,730614739,1024940,Tennessee
3191,41,067,01155137,41067,Washington,Washington County,1875855591,6118186,Oregon
3192,51,810,01498559,51810,Virginia Beach,Virginia Beach city,633828628,654687365,Virginia
3193,30,057,01720033,30057,Madison,Madison County,9293281838,39849039,Montana
3194,51,103,01480139,51103,Lancaster,Lancaster County,345261477,254114185,Virginia
3195,29,013,00758461,29013,Bates,Bates County,2167033438,38030738,Missouri
3196,33,001,00873174,33001,Belknap,Belknap County,1040779615,176541257,New Hampshire
3197,51,159,01480164,51159,Richmond,Richmond County,495925426,64458631,Virginia
3198,02,230,02339479,02230,Skagway,Skagway Municipality,1123881121,28784118,Alaska
3199,02,105,02371430,02105,Hoonah-Angoon,Hoonah-Angoon Census Area,16978039504,7804886156,Alaska
3200,53,021,01531822,53021,Franklin,Franklin County,3215718486,60508754,Washington
3201,19,093,00465235,19093,Ida,Ida County,1117614339,1391966,Iowa
3202,20,173,00485049,20173,Sedgwick,Sedgwick County,2582051713,31558986,Kansas
3203,48,453,01384012,48453,Travis,Travis County,2574625805,80180765,Texas
3204,12,057,00295757,12057,Hillsborough,Hillsborough County,2647881643,791190693,Florida
3205,34,021,00882229,34021,Mercer,Mercer County,581395408,11337168,New Jersey
3206,31,023,00835833,31023,Butler,Butler County,1514867108,15326897,Nebraska
3207,42,129,01209191,42129,Westmoreland,Westmoreland County,2661762744,21294228,Pennsylvania
3208,12,015,00295742,12015,Charlotte,Charlotte County,1764089884,689239393,Florida
3209,19,029,00465204,19029,Cass,Cass County,1461422457,1787165,Iowa
3210,39,107,01074066,39107,Mercer,Mercer County,1197732212,28431995,Ohio
3211,60,030,01805243,60030,Rose Island,Rose Island,82093,147383994,American Samoa
3212,21,115,00516904,21115,Johnson,Johnson County,678484991,5623155,Kentucky
3213,44,003,01219778,44003,Kent,Kent County,436588773,50686111,Rhode Island
3214,50,025,01461769,50025,Windham,Windham County,2035623287,32917039,Vermont
3215,50,019,01461766,50019,Orleans,Orleans County,1798874564,71422469,Vermont
3216,20,085,00485007,20085,Jackson,Jackson County,1699600349,4666513,Kansas
3217,22,041,00558557,22041,Franklin,Franklin Parish,1616925546,28050179,Louisiana
3218,28,155,00695798,28155,Webster,Webster County,1090793744,5364862,Mississippi
3219,25,011,00606932,25011,Franklin,Franklin County,1810939914,65601931,Massachusetts
3220,31,031,00835837,31031,Cherry,Cherry County,15436903463,127452902,Nebraska
3221,30,001,01719627,30001,Beaverhead,Beaverhead County,14355492120,78345288,Montana
3222,29,143,00758526,29143,New Madrid,New Madrid County,1747940899,56236293,Missouri
3223,05,057,00066858,05057,Hempstead,Hempstead County,1883438547,35737908,Arkansas
3224,29,029,00758469,29029,Camden,Camden County,1699124111,136304759,Missouri
3225,51,117,01500747,51117,Mecklenburg,Mecklenburg County,1619544367,139655804,Virginia
3226,21,233,00516963,21233,Webster,Webster County,860132087,9211730,Kentucky
3227,40,047,01101811,40047,Garfield,Garfield County,2741521323,4075930,Oklahoma
3228,53,059,01529220,53059,Skamania,Skamania County,4294897557,73323243,Washington
3229,26,091,01622988,26091,Lenawee,Lenawee County,1941526154,30497573,Michigan
3230,13,123,00351260,13123,Gilmer,Gilmer County,1103886633,12283371,Georgia
3231,27,135,00659513,27135,Roseau,Roseau County,4329730562,16913419,Minnesota
3232,28,089,00695768,28089,Madison,Madison County,1850178950,71697237,Mississippi
3233,48,227,01383899,48227,Howard,Howard County,2333039143,8841781,Texas
3234,54,099,01550056,54099,Wayne,Wayne County,1310547891,15816947,West Virginia
