"STATION","DATE","LATITUDE","LONGITUDE","ELEVATION","NAME","CDSD","CDSD_ATTRIBUTES","CLDD","CLDD_ATTRIBUTES","DP01","DP01_ATTRIBUTES","DP10","DP10_ATTRIBUTES","DP1X","DP1X_ATTRIBUTES","DSND","DSND_ATTRIBUTES","DT00","DT00_ATTRIBUTES","DT32","DT32_ATTRIBUTES","DX32","DX32_ATTRIBUTES","DX70","DX70_ATTRIBUTES","DX90","DX90_ATTRIBUTES","EMNT","EMNT_ATTRIBUTES","EMSD","EMSD_ATTRIBUTES","EMXP","EMXP_ATTRIBUTES","EMXT","EMXT_ATTRIBUTES","FZF0","FZF0_ATTRIBUTES","FZF1","FZF1_ATTRIBUTES","FZF2","FZF2_ATTRIBUTES","FZF3","FZF3_ATTRIBUTES","FZF4","FZF4_ATTRIBUTES","FZF5","FZF5_ATTRIBUTES","FZF6","FZF6_ATTRIBUTES","FZF7","FZF7_ATTRIBUTES","FZF8","FZF8_ATTRIBUTES","FZF9","FZF9_ATTRIBUTES","HDSD","HDSD_ATTRIBUTES","HTDD","HTDD_ATTRIBUTES","PRCP","PRCP_ATTRIBUTES","TAVG","TAVG_ATTRIBUTES","TMAX","TMAX_ATTRIBUTES","TMIN","TMIN_ATTRIBUTES"
"GM000004204","1824","50.9267","11.5842","155.0","JENA STERNWARTE, GM","     43.9","","      43.9","E","","","","","","","","","         0","E","       117","E","         9","E","        79","E","         0","E","  -12.9","E,0201,+","","","","","   30.9","E,0710, ","-4.4","E,0929","-4.4","E,0929","-4.4","E,0929","-6.9","E,1128","","","-0.6","E,0426","-2.9","E,0420","-4.4","E,0416","-7.1","E,0305","-9.6","E,0304","","","","","","","      8.52","E","     13.48","E","      3.56","E"
"GM000004204","1825","50.9267","11.5842","155.0","JENA STERNWARTE, GM","    121.2","","     121.2","E","","","","","","","","","         0","E","        79","E","        14","E","        88","E","         0","E","  -16.8","E,0316, ","","","","","   32.1","E,0803, ","-1.9","E,1022","-3.8","E,1023","-10.6","E,1230","-10.6","E,1230","-10.6","E,1230","-0.4","E,0419","-2.9","E,0326","-5.6","E,0321","-11.9","E,0320","-11.9","E,0320","    3287.6","6","    3287.6","E","","","      9.34","E","     13.41","E","      5.28","E"
"GM000004204","1826","50.9267","11.5842","155.0","JENA STERNWARTE, GM","    195.6","","     195.6","E","","","","","","","","","         6","E","        90","E","        30","E","        94","E","         6","E","  -25.6","E,0112, ","","","","","   33.5","E,0708, ","-3.4","E,0922","-3.4","E,0922","-5.9","E,1111","-6.8","E,1224","","","0.0","E,0422","-3.1","E,0329","-5.0","E,0317","-9.1","E,0216","-9.1","E,0216","    3302.3","3","    3302.3","E","","","      9.21","E","     13.33","E","      5.08","E"
"GM000004204","1827","50.9267","11.5842","155.0","JENA STERNWARTE, GM","","","","","       148","E","        66","E","         1","E","","","        10","E","        82","E","        37","E","        89","E","         1","E","  -28.6","E,0219, ","","","  27.0"," ,E,0617, ","   33.1","E,0803, ","0.0","E,1029","-5.0","E,1124","-5.0","E,1124","-8.1","E,1125","-9.3","E,1126","-0.4","E,0407","-4.0","E,0311","-20.5","E,0226","-20.5","E,0226","-20.5","E,0226","    3284.1","1","    3284.1","E","    589.9"," ,E","      8.75","E","     12.93","E","      4.57","E"
"GM000004204","1828","50.9267","11.5842","155.0","JENA STERNWARTE, GM","","","","","       210","E","        76","E","         1","E","","","         4","E","        63","E","        19","E","        75","E","         3","E","  -26.5","E,0117, ","","","  27.4"," ,E,0104, ","   32.9","E,0704,+","-0.3","E,1020","-2.5","E,1031","-5.0","E,1105","-8.8","E,1202","-10.0","E,1203","-3.1","E,0405","-3.1","E,0405","-11.0","E,0308","-11.0","E,0308","-11.0","E,0308","","","","","    672.2"," ,E","      9.50","E","     13.32","E","      5.69","E"
"GM000004204","1829","50.9267","11.5842","155.0","JENA STERNWARTE, GM","","","","","       193","E","        65","E","         2","E","","","         7","E","       122","E","        69","E","        58","E","         3","E","  -29.4","E,0212, ","","","  30.2"," ,E,0629, ","   33.6","E,0715, ","-1.3","E,1024","-2.8","E,1113","-6.0","E,1114","-9.3","E,1115","-9.3","E,1115","-1.3","E,0427","-2.8","E,0405","-5.6","E,0324","-6.9","E,0316","-10.0","E,0219","","","","","    572.6"," ,E","      6.79","E","     10.63","E","      2.95","E"
"GM000004204","1830","50.9267","11.5842","155.0","JENA STERNWARTE, GM","","","","","       179","E","        71","E","         2","E","","","        11","E","        79","E","        35","E","        69","E","         4","E","  -30.6","E,0202, ","","","  60.4"," ,E,0701, ","   34.0","E,0626, ","-1.3","E,1014","-2.3","E,1215","-11.0","E,1219","-11.0","E,1219","-11.0","E,1219","-2.1","E,0310","-3.5","E,0309","-4.8","E,0308","-6.8","E,0304","-9.0","E,0221","","","","","    702.2"," ,E","      8.49","E","     12.32","E","      4.65","E"
"GM000004204","1831","50.9267","11.5842","155.0","JENA STERNWARTE, GM","","","","","       198","E","        76","E","         0","E","","","","","","","","","","","","","","","","","  17.0"," ,E,0424, ","","","","","","","","","","","","","","","","","","","","","","","    3210.5","5","    3210.5","E","    633.9"," ,E","","","","","",""
"GM000004204","1832","50.9267","11.5842","155.0","JENA STERNWARTE, GM","     71.7","","      71.7","E","       163","E","        46","E","         0","E","","","         0","E","       101","E","        20","E","        67","E","         2","E","  -15.5","E,0104,+","","","  23.1"," ,E,1103, ","   34.4","E,0714,+","0.0","E,1018","-3.4","E,1026","-5.4","E,1120","-7.1","E,1124","-9.6","E,1126","-0.3","E,0424","-3.8","E,0408","-5.0","E,0328","-8.8","E,0305","-9.4","E,0218","","","","","    436.5"," ,E","      8.33","E","     12.41","E","      4.25","E"
"GM000004204","1833","50.9267","11.5842","155.0","JENA STERNWARTE, GM","     56.7","","      56.7","E","       186","E","        71","E","         0","E","","","         0","E","        79","E","        28","E","        65","E","         2","E","  -15.3","E,0106, ","","","  21.8"," ,E,0430, ","   32.8","E,0626, ","-0.3","E,1006","-5.6","E,1111","-5.6","E,1111","-7.0","E,1113","","","-0.6","E,0424","-3.1","E,0409","-6.1","E,0321","-7.1","E,0312","-13.4","E,0126","    3517.9","9","    3517.9","E","    552.2"," ,E","      9.00","E","     13.19","E","      4.81","E"
"GM000004204","1834","50.9267","11.5842","155.0","JENA STERNWARTE, GM","    174.4","","     174.4","E","       165","E","        65","E","         3","E","","","         0","E","        79","E","         3","E","       112","E","         2","E","   -9.8","E,0210, ","","","  32.1"," ,E,0723, ","   32.6","E,0622, ","0.0","E,0924","-3.3","E,1113","-5.0","E,1114","-8.3","E,1121","","","-0.8","E,0416","-2.4","E,0319","-7.3","E,0314","-7.3","E,0314","-9.6","E,0211","    3217.6","6","    3217.6","E","    574.0"," ,E","     10.25","E","     14.51","E","      5.98","E"
"GM000004204","1835","50.9267","11.5842","155.0","JENA STERNWARTE, GM","     71.3","","      71.3","E","       159","E","        52","E","         0","E","","","         0","E","        86","E","        17","E","        73","E","         0","E","  -16.1","E,1222,+","","","  16.4"," ,E,0522, ","   31.3","E,0705, ","-4.8","E,1021","-4.8","E,1021","-4.8","E,1021","-8.3","E,1106","-9.6","E,1113","-0.3","E,0418","-2.4","E,0407","-5.1","E,0215","-7.0","E,0124","-13.3","E,0123","    3239.0","0","    3239.0","E","    434.1"," ,E","      8.78","E","     12.94","E","      4.61","E"
"GM000004204","1836","50.9267","11.5842","155.0","JENA STERNWARTE, GM","     30.7","","      30.7","E","       182","E","        65","E","         0","E","","","         0","E","        73","E","        18","E","        65","E","         0","E","  -17.1","E,0101, ","","","  22.9"," ,E,0602, ","   30.6","E,0729, ","-0.9","E,1029","-5.8","E,1031","-5.8","E,1031","-8.1","E,1101","-17.0","E,1230","-1.0","E,0511","-3.1","E,0328","-7.6","E,0225","-7.6","E,0225","-10.0","E,0224","    3654.6","6","    3654.6","E","    536.1"," ,E","      8.75","E","     12.80","E","      4.70","E"
"GM000004204","1837","50.9267","11.5842","155.0","JENA STERNWARTE, GM","     59.8","","      59.8","E","       194","E","        88","E","         2","E","","","         0","E","        94","E","        24","E","        62","E","         0","E","  -13.5","E,0102, ","","","  48.6"," ,E,0806, ","   30.6","E,0811, ","-1.0","E,1027","-2.3","E,1211","-7.3","E,1214","-7.3","E,1214","-11.5","E,1215","-1.3","E,0414","-9.5","E,0411","-9.5","E,0411","-9.5","E,0411","-9.5","E,0411","    3852.5","5","    3852.5","E","    736.8"," ,E","      7.73","E","     11.36","E","      4.10","E"
"GM000004204","1838","50.9267","11.5842","155.0","JENA STERNWARTE, GM","     41.2","","      41.2","E","       163","E","        61","E","         0","E","","","        16","E","       114","E","        56","E","        64","E","         0","E","  -26.6","E,0117, ","","","  19.5"," ,E,0614, ","   31.1","E,0715, ","-1.1","E,1003","-4.0","E,1121","-5.0","E,1123","-8.1","E,1125","-13.1","E,1127","-2.3","E,0511","-2.3","E,0511","-6.4","E,0402","-9.5","E,0221","-9.5","E,0221","    4203.8","8","    4203.8","E","    499.1"," ,E","      6.70","E","     10.76","E","      2.65","E"
"GM000004204","1839","50.9267","11.5842","155.0","JENA STERNWARTE, GM","     79.0","","      79.0","E","       179","E","        67","E","         2","E","","","         1","E","        96","E","        23","E","        76","E","         0","E","  -18.3","E,0204, ","","","  29.4"," ,E,0721, ","   31.8","E,0708, ","-0.4","E,1029","-3.4","E,1030","-4.8","E,1209","","","","","-2.6","E,0416","-2.6","E,0416","-5.4","E,0406","-7.5","E,0331","-11.3","E,0315","    3867.7","7","    3867.7","E","    622.6"," ,E","      8.53","E","     12.28","E","      4.78","E"
"GM000004204","1840","50.9267","11.5842","155.0","JENA STERNWARTE, GM","     16.3","","      16.3","E","       168","E","        62","E","         0","E","","","         8","E","       102","E","        47","E","        57","E","         0","E","  -21.0","E,1217, ","","","  22.5"," ,E,1120, ","   28.8","E,0602, ","-0.5","E,1023","-5.0","E,1126","-5.0","E,1126","-7.0","E,1207","-11.3","E,1213","-1.5","E,0504","-2.3","E,0402","-4.4","E,0327","-8.6","E,0323","-9.8","E,0305","    3608.3","3","    3608.3","E","    539.2"," ,E","      7.27","E","     11.43","E","      3.11","E"
"GM000004204","1841","50.9267","11.5842","155.0","JENA STERNWARTE, GM","     47.1","","      47.1","E","       165","E","        60","E","         1","E","","","         8","E","        91","E","        30","E","        75","E","         0","E","  -23.0","E,0205,+","","","  33.0"," ,E,0608, ","   30.9","E,0718, ","-2.5","E,0921","-2.5","E,0921","","","","","","","-1.6","E,0415","-6.4","E,0305","-6.4","E,0305","-8.0","E,0304","-12.3","E,0212","    3947.3","3","    3947.3","E","    546.6"," ,E","      8.88","E","     13.11","E","      4.65","E"
"GM000004204","1842","50.9267","11.5842","155.0","JENA STERNWARTE, GM","     82.2","","      82.2","E","       137","E","        49","E","         0","E","","","         0","E","       111","E","        30","E","        85","E","         1","E","  -15.0","E,0111, ","","","  24.3"," ,E,0921, ","   32.3","E,0818, ","-0.6","E,1022","-4.4","E,1105","-4.4","E,1105","-7.6","E,1106","-9.0","E,1107","0.0","E,0501","-3.9","E,0417","-5.4","E,0325","-8.5","E,0210","-10.9","E,0208","    3476.0","0","    3476.0","E","    399.0"," ,E","      8.11","E","     12.52","E","      3.70","E"
"GM000004204","1843","50.9267","11.5842","155.0","JENA STERNWARTE, GM","","","","","","","","","","","","","","","","","","","","","","","","","","","","","","","","","","","","","","","","","","","","","","","","","","","    3645.8","8","    3645.8"," ","","","","","","","",""
"GM000004204","1844","50.9267","11.5842","155.0","JENA STERNWARTE, GM","     17.9","","      17.9","E","       180","E","        66","E","         1","E","","","         1","E","        95","E","        38","E","        38","E","         0","E","  -18.3","E,1211, ","","","  33.0"," ,E,0610, ","   29.0","E,0624, ","-0.5","E,1101","-2.8","E,1201","-4.4","E,1202","-9.1","E,1204","-9.1","E,1204","-0.3","E,0409","-10.6","E,0322","-10.6","E,0322","-10.6","E,0322","-10.6","E,0322","","","","","    547.1"," ,E","      7.76","E","     11.52","E","      4.00","E"
"GM000004204","1845","50.9267","11.5842","155.0","JENA STERNWARTE, GM","","","","","       163","E","        65","E","         4","E","","","","","","","","","","","","","","","","","  41.0"," ,E,0609, ","","","","","","","","","","","","","","","","","","","","","","","","","","","    651.6"," ,E","","","","","",""
"GM000004204","1846","50.9267","11.5842","155.0","JENA STERNWARTE, GM","    130.2","","     130.2","E","       169","E","        55","E","         2","E","","","         1","E","        76","E","        29","E","        93","E","         2","E","  -19.4","E,1231, ","","","  39.7"," ,E,0518, ","   32.4","E,0725,+","-1.3","E,1103","-3.1","E,1106","-5.4","E,1117","-8.5","E,1202","-13.5","E,1213","0.0","E,0502","-3.4","E,0313","-6.6","E,0219","-7.1","E,0211","-8.9","E,0210","    3221.2","2","    3221.2","E","    606.8"," ,E","      9.64","E","     13.71","E","      5.58","E"
"GM000004204","1847","50.9267","11.5842","155.0","JENA STERNWARTE, GM","     71.2","","      71.2","E","       155","E","        64","E","         2","E","","","         3","E","       112","E","        50","E","        77","E","         0","E","  -20.6","E,0101, ","","","  29.0"," ,E,0827, ","   32.0","E,0524, ","-1.8","E,1015","-4.6","E,1120","-4.6","E,1120","-7.4","E,1215","-12.1","E,1219","-0.5","E,0421","-2.4","E,0412","-11.5","E,0312","-11.5","E,0312","-11.5","E,0312","    3808.7","7","    3808.7","E","    527.7"," ,E","      7.79","E","     11.91","E","      3.68","E"
"GM000004204","1848","50.9267","11.5842","155.0","JENA STERNWARTE, GM","     65.4","","      65.4","E","       144","E","        67","E","         1","E","","","         5","E","        83","E","        44","E","        86","E","         0","E","  -29.1","E,0127, ","","","  29.3"," ,E,1017, ","   31.3","E,0617, ","-1.6","E,1109","-3.0","E,1113","-9.4","E,1220","-9.4","E,1220","-9.4","E,1220","-0.3","E,0506","-5.4","E,0308","-5.4","E,0308","-14.0","E,0130","-14.0","E,0130","    3671.2","2","    3671.2","E","    564.1"," ,E","      8.64","E","     12.87","E","      4.41","E"
"GM000004204","1849","50.9267","11.5842","155.0","JENA STERNWARTE, GM","     43.9","","      43.9","E","       159","E","        66","E","         2","E","","","         7","E","        95","E","        37","E","        53","E","         0","E","  -23.8","E,0113, ","","","  27.2"," ,E,0919, ","   32.1","E,0709, ","-2.1","E,1031","-2.4","E,1102","-4.6","E,1119","-7.0","E,1123","-12.3","E,1126","-0.9","E,0420","-6.6","E,0325","-6.6","E,0325","-7.9","E,0320","-23.8","E,0113","    3573.4","4","    3573.4","E","    559.7"," ,E","      7.94","E","     12.14","E","      3.73","E"
"GM000004204","1850","50.9267","11.5842","155.0","JENA STERNWARTE, GM","     36.0","","      36.0","E","       183","E","        77","E","         2","E","","","         7","E","        98","E","        37","E","        60","E","         0","E","  -30.6","E,0122, ","","","  52.2"," ,E,0522, ","   29.0","E,0626, ","-0.8","E,1014","-2.8","E,1115","-4.4","E,1116","-7.5","E,1224","","","-2.8","E,0503","-2.8","E,0503","-8.0","E,0401","-8.0","E,0401","-10.1","E,0330","    4036.0","0","    4036.0","E","    673.1"," ,E","      7.84","E","     11.72","E","      3.96","E"
"GM000004204","1851","50.9267","11.5842","155.0","JENA STERNWARTE, GM","     26.0","","      26.0","E","       187","E","        76","E","         2","E","","","         0","E","       101","E","        11","E","        50","E","         0","E","  -13.0","E,0303, ","","","  30.8"," ,E,0426, ","   28.1","E,0721, ","-1.6","E,1108","-4.0","E,1116","-6.0","E,1118","-8.5","E,1119","-9.0","E,1204","-0.6","E,0515","-2.6","E,0312","-13.0","E,0303","-13.0","E,0303","-13.0","E,0303","    3707.3","3","    3707.3","E","    678.4"," ,E","      8.06","E","     11.62","E","      4.50","E"
"GM000004204","1852","50.9267","11.5842","155.0","JENA STERNWARTE, GM","     64.3","","      64.3","E","       178","E","        65","E","         1","E","","","         0","E","        88","E","        10","E","        82","E","         0","E","  -13.6","E,0303, ","","","  26.1"," ,E,0619, ","   31.1","E,0717, ","-1.5","E,1011","-3.6","E,1017","-6.8","E,1224","-6.8","E,1224","","","0.0","E,0506","-3.1","E,0422","-5.9","E,0417","-13.1","E,0314","-13.1","E,0314","    3739.4","4","    3739.4","E","    571.0"," ,E","      9.42","E","     13.47","E","      5.37","E"
"GM000004204","1853","50.9267","11.5842","155.0","JENA STERNWARTE, GM","     68.9","","      68.9","E","       177","E","        74","E","         1","E","","","         3","E","       116","E","        59","E","        58","E","         1","E","  -23.5","E,1226, ","","","  44.0"," ,E,0530, ","   32.3","E,0823, ","-0.1","E,1005","-3.3","E,1127","-5.6","E,1128","-10.0","E,1129","-10.0","E,1129","0.0","E,0419","-3.8","E,0417","-5.1","E,0415","-8.9","E,0331","-8.9","E,0331","    3581.4","4","    3581.4","E","    595.2"," ,E","      7.22","E","     11.02","E","      3.42","E"
"GM000004204","1854","50.9267","11.5842","155.0","JENA STERNWARTE, GM","     50.1","","      50.1","E","       171","E","        72","E","         1","E","","","         0","E","        98","E","        18","E","        64","E","         0","E","  -13.6","E,0215, ","","","  59.4"," ,E,0709, ","   31.0","E,0725, ","-1.9","E,1029","-2.4","E,1112","-8.1","E,1113","-8.1","E,1113","-11.1","E,1114","-2.6","E,0425","-2.6","E,0425","-5.5","E,0321","-7.0","E,0319","-12.3","E,0221","    3833.5","5","    3833.5","E","    589.0"," ,E","      8.46","E","     12.59","E","      4.33","E"
"GM000004204","1855","50.9267","11.5842","155.0","JENA STERNWARTE, GM","     47.2","","      47.2","E","       163","E","        59","E","         0","E","","","         9","E","       116","E","        58","E","        64","E","         0","E","  -26.4","E,0220, ","","","  17.5"," ,E,0723, ","   29.5","E,0608, ","0.0","E,0926","-2.3","E,1104","-5.8","E,1120","-7.4","E,1121","-16.6","E,1203","-0.6","E,0503","-2.6","E,0331","-4.4","E,0315","-9.6","E,0312","-9.6","E,0312","    4060.0","0","    4060.0","E","    513.0"," ,E","      6.85","E","     10.76","E","      2.94","E"
"GM000004204","1856","50.9267","11.5842","155.0","JENA STERNWARTE, GM","     50.1","","      50.1","E","       145","E","        59","E","         0","E","","","         2","E","       104","E","        17","E","        58","E","         0","E","  -20.4","E,1127, ","","","  24.0"," ,E,0606, ","   30.3","E,0814, ","-0.1","E,1021","-2.4","E,1028","-4.4","E,1031","-8.3","E,1117","-16.3","E,1126","-0.8","E,0507","-2.5","E,0418","-5.0","E,0401","-8.9","E,0330","-8.9","E,0330","    3724.4","4","    3724.4","E","    502.1"," ,E","      8.42","E","     12.58","E","      4.26","E"
"GM000004204","1857","50.9267","11.5842","155.0","JENA STERNWARTE, GM","    105.9","","     105.9","E","       122","E","        51","E","         3","E","","","         1","E","       107","E","        22","E","        98","E","         1","E","  -17.8","E,0201, ","","","  56.2"," ,E,0528, ","   32.9","E,0804, ","-0.1","E,0924","-2.9","E,1102","-5.8","E,1115","-7.9","E,1120","","","-0.4","E,0509","-4.6","E,0321","-4.6","E,0321","-12.6","E,0311","-12.6","E,0311","    3768.0","0","    3768.0","E","    534.6"," ,E","      9.00","E","     13.46","E","      4.55","E"
"GM000004204","1858","50.9267","11.5842","155.0","JENA STERNWARTE, GM","     73.7","","      73.7","E","       128","E","        50","E","         3","E","","","         2","E","       128","E","        38","E","        76","E","         0","E","  -24.6","E,1123, ","","","  57.8"," ,E,0731, ","   31.0","E,0610, ","-0.1","E,1030","-4.9","E,1031","-4.9","E,1031","-7.4","E,1104","-12.3","E,1108","-0.1","E,0423","-5.5","E,0415","-5.5","E,0415","-7.5","E,0414","-11.0","E,0304","    3638.1","1","    3638.1","E","    523.6"," ,E","      7.53","E","     12.02","E","      3.04","E"
"GM000004204","1859","50.9267","11.5842","155.0","JENA STERNWARTE, GM","    121.9","","     121.9","E","       147","E","        52","E","         0","E","","","         0","E","        83","E","        19","E","        87","E","         2","E","  -17.1","E,1219, ","","","  20.6"," ,E,0720, ","   32.4","E,0804,+","-0.4","E,1023","-4.5","E,1111","-4.5","E,1111","-7.3","E,1112","-9.5","E,1121","-0.6","E,0426","-2.3","E,0320","-4.8","E,0220","-7.1","E,0117","-12.5","E,0110","    3541.7","7","    3541.7","E","    486.1"," ,E","      9.39","E","     13.57","E","      5.21","E"
"GM000004204","1860","50.9267","11.5842","155.0","JENA STERNWARTE, GM","     27.6","","      27.6","E","       189","E","        72","E","         2","E","","","         0","E","       118","E","        34","E","        50","E","         0","E","  -15.9","E,0211, ","","","  37.0"," ,E,0730, ","   28.4","E,0626, ","-0.1","E,1013","-2.5","E,1030","-7.1","E,1102","-7.1","E,1102","-9.8","E,1122","0.0","E,0504","-2.4","E,0414","-9.3","E,0312","-9.3","E,0312","-9.3","E,0312","    3637.6","6","    3637.6","E","    606.6"," ,E","      7.60","E","     11.35","E","      3.84","E"
"GM000004204","1861","50.9267","11.5842","155.0","JENA STERNWARTE, GM","     81.2","","      81.2","E","       153","E","        52","E","         1","E","","","        11","E","        93","E","        34","E","        84","E","         1","E","  -25.8","E,0102, ","","","  36.6"," ,E,0629, ","   33.3","E,0622, ","-0.9","E,1020","-4.8","E,1026","-4.8","E,1026","-10.4","E,1119","-10.4","E,1119","0.0","E,0509","-4.5","E,0424","-4.5","E,0424","-9.9","E,0120","-9.9","E,0120","    4023.9","9","    4023.9","E","    482.5"," ,E","      8.49","E","     12.74","E","      4.23","E"
"GM000004204","1862","50.9267","11.5842","155.0","JENA STERNWARTE, GM","     35.7","","      35.7","E","       159","E","        67","E","         2","E","","","         2","E","        86","E","        28","E","        66","E","         0","E","  -21.8","E,0121, ","","","  38.0"," ,E,0716, ","   31.3","E,0608, ","-0.4","E,0923","-3.3","E,1118","-5.6","E,1119","-8.5","E,1121","-11.5","E,1122","-0.1","E,0417","-3.4","E,0413","-13.3","E,0306","-13.3","E,0306","-13.3","E,0306","    3358.6","6","    3358.6","E","    653.0"," ,E","      9.02","E","     13.24","E","      4.79","E"
"GM000004204","1863","50.9267","11.5842","155.0","JENA STERNWARTE, GM","     66.3","","      66.3","E","       149","E","        62","E","         2","E","","","         0","E","        66","E","         5","E","        66","E","         1","E","   -8.1","E,1231, ","","","  41.1"," ,E,0904, ","   33.0","E,0810, ","-1.0","E,1025","-4.3","E,1026","-4.4","E,1114","-7.3","E,1201","","","-0.1","E,0420","-3.0","E,0402","-4.6","E,0222","-7.1","E,0118","","","    3371.5","5","    3371.5","E","    581.3"," ,E","      9.55","E","     13.71","E","      5.40","E"
"GM000004204","1864","50.9267","11.5842","155.0","JENA STERNWARTE, GM","     23.8","","      23.8","E","       142","E","        58","E","         2","E","","","         9","E","       138","E","        49","E","        51","E","         0","E","  -20.4","E,0114,+","","","  26.8"," ,E,0802, ","   28.3","E,0806, ","-0.4","E,1004","-3.9","E,1005","-5.6","E,1102","-8.6","E,1108","-9.5","E,1214","0.0","E,0531","-3.0","E,0506","-6.4","E,0408","-7.9","E,0406","-15.4","E,0221","    3842.6","6","    3842.6","E","    493.7"," ,E","      6.47","E","     10.75","E","      2.18","E"
"GM000004204","1865","50.9267","11.5842","155.0","JENA STERNWARTE, GM","    114.4","","     114.4","E","       134","E","        53","E","         4","E","","","         7","E","       110","E","        33","E","        89","E","         2","E","  -27.4","E,0214, ","","","  75.0"," ,E,0721, ","   32.9","E,0720, ","-1.0","E,1004","-2.5","E,1113","-6.0","E,1114","-6.9","E,1213","-10.6","E,1228","0.0","E,0502","-2.5","E,0405","-5.6","E,0329","-7.9","E,0326","-12.4","E,0324","    4172.0","0","    4172.0","E","    579.5"," ,E","      8.46","E","     13.08","E","      3.84","E"
"GM000004204","1866","50.9267","11.5842","155.0","JENA STERNWARTE, GM","     50.2","","      50.2","E","       172","E","        69","E","         2","E","","","         0","E","        88","E","         5","E","        67","E","         0","E","  -11.9","E,0315, ","","","  33.1"," ,E,0602, ","   29.6","E,0628, ","-1.3","E,1008","-5.4","E,1018","-5.4","E,1018","-6.8","E,1019","","","-2.1","E,0523","-2.5","E,0330","-4.6","E,0317","-8.5","E,0316","-11.9","E,0315","    3240.8","8","    3240.8","E","    550.2"," ,E","      9.28","E","     13.61","E","      4.96","E"
"GM000004204","1867","50.9267","11.5842","155.0","JENA STERNWARTE, GM","     69.4","","      69.4","E","       198","E","        71","E","         0","E","","","         0","E","        84","E","        33","E","        82","E","         0","E","  -17.4","E,0106, ","","","  23.2"," ,E,1215, ","   31.4","E,0820, ","-1.1","E,0927","-3.5","E,1107","-16.8","E,1209","-16.8","E,1209","-16.8","E,1209","-0.4","E,0526","-7.1","E,0322","-7.1","E,0322","-7.1","E,0322","-12.3","E,0314","    3528.7","7","    3528.7","E","    574.6"," ,E","      8.61","E","     12.71","E","      4.51","E"
"GM000004204","1868","50.9267","11.5842","155.0","JENA STERNWARTE, GM","    175.0","","     175.0","E","       158","E","        57","E","         2","E","","","         1","E","        75","E","        17","E","       105","E","         3","E","  -18.0","E,0125, ","","","  32.8"," ,E,1109, ","   33.4","E,0723, ","0.0","E,1106","-3.3","E,1119","-6.1","E,1120","-8.3","E,1121","","","-2.1","E,0414","-3.1","E,0413","-5.0","E,0326","-7.9","E,0126","-18.0","E,0125","    3468.5","5","    3468.5","E","    575.2"," ,E","      9.88","E","     14.15","E","      5.62","E"
"GM000004204","1869","50.9267","11.5842","155.0","JENA STERNWARTE, GM","     62.9","","      62.9","E","       164","E","        56","E","         0","E","","","         2","E","       100","E","        27","E","        74","E","         0","E","  -19.5","E,0123, ","","","  18.6"," ,E,0522, ","   32.0","E,0724, ","0.0","E,0904","-2.6","E,1022","-4.5","E,1023","-11.3","E,1112","-11.3","E,1112","-0.8","E,0430","-2.8","E,0312","-4.4","E,0311","-6.8","E,0310","-16.0","E,0126","    3349.2","2","    3349.2","E","    482.3"," ,E","      8.70","E","     12.97","E","      4.43","E"
"GM000004204","1871","50.9267","11.5842","155.0","JENA STERNWARTE, GM","     81.8","","      81.8","E","","","","","","","","","        12","E","       128","E","        46","E","        65","E","         0","E","  -27.8","E,0102, ","","","","","   30.3","E,0903, ","-0.9","E,1014","-2.8","E,1015","-6.6","E,1106","-7.1","E,1201","-8.9","E,1203","-1.4","E,0518","-2.3","E,0412","-5.3","E,0319","-7.0","E,0302","-16.4","E,0213","","","","","","","      6.97","E","     11.29","E","      2.65","E"
"GM000004204","1872","50.9267","11.5842","155.0","JENA STERNWARTE, GM","     84.4","","      84.4","E","","","","","","","","","         0","E","        80","E","         4","E","        96","E","         5","E","  -11.8","E,0112, ","","","","","   33.4","E,0727, ","0.0","E,0924","-5.1","E,1114","-5.1","E,1114","","","","","-0.1","E,0328","-2.5","E,0327","-5.3","E,0322","-9.5","E,0113","-9.5","E,0113","    3612.3","3","    3612.3","E","","","     10.02","E","     14.42","E","      5.61","E"
"GM000004204","1873","50.9267","11.5842","155.0","JENA STERNWARTE, GM","    115.7","","     115.7","E","","","","","","","","","         0","E","        84","E","        18","E","        79","E","         0","E","  -14.0","E,1230, ","","","","","   30.3","E,0808, ","0.0","E,1104","-2.8","E,1111","-5.8","E,1112","-8.1","E,1208","-9.0","E,1209","-0.3","E,0428","-2.8","E,0424","-6.1","E,0220","-9.6","E,0213","-9.6","E,0213","    3334.7","7","    3334.7","E","","","      9.13","E","     13.25","E","      5.00","E"
"GM000004204","1874","50.9267","11.5842","155.0","JENA STERNWARTE, GM","     98.5","","      98.5","E","","","","","","","","","         0","E","       105","E","        22","E","        88","E","         1","E","  -16.8","E,0212, ","","","","","   33.5","E,0703, ","-0.3","E,1007","-3.6","E,1030","-6.3","E,1114","-7.3","E,1123","-12.6","E,1126","-0.6","E,0327","-4.6","E,0316","-4.6","E,0316","-7.3","E,0313","-16.8","E,0212","    3415.5","5","    3415.5","E","","","      8.81","E","     13.37","E","      4.25","E"
"GM000004204","1879","50.9267","11.5842","155.0","JENA STERNWARTE, GM","     64.1","","      64.1","E","       166","E","        66","E","         3","E","","","         8","E","       142","E","        42","E","        94","E","         2","E","  -24.5","E,1210, ","","","  35.6"," ,E,0617, ","   34.3","E,0804, ","-1.0","E,1016","-6.3","E,1017","-6.3","E,1017","-13.1","E,1121","-13.1","E,1121","-3.1","E,0512","-3.1","E,0512","-4.8","E,0502","-12.6","E,0203","-12.6","E,0203","    3652.8","8","    3652.8","E","    647.2"," ,E","      7.28","E","     12.61","E","      1.94","E"
"GM000004204","1880","50.9267","11.5842","155.0","JENA STERNWARTE, GM","     87.1","","      87.1","E","       143","E","        67","E","         1","E","","","         2","E","       111","E","        13","E","       113","E","         4","E","  -19.8","E,0127, ","","","  32.8"," ,E,0612, ","   36.0","E,0527, ","0.0","E,1017","-3.0","E,1023","-8.1","E,1024","-8.1","E,1024","","","-5.1","E,0520","-5.1","E,0520","-5.1","E,0520","-7.4","E,0328","-12.7","E,0208","    3987.2","2","    3987.2","E","    556.9"," ,E","      9.15","E","     14.96","E","      3.34","E"
"GM000004204","1881","50.9267","11.5842","155.0","JENA STERNWARTE, GM","    112.1","","     112.1","E","       145","E","        64","E","         0","E","","","        10","E","       138","E","        28","E","        87","E","        11","E","  -27.6","E,0116, ","","","  22.1"," ,E,0619, ","   37.0","E,0706, ","-0.3","E,0925","-3.0","E,1007","-5.2","E,1103","","","","","-1.0","E,0514","-4.5","E,0423","-4.5","E,0423","-7.9","E,0405","-11.2","E,0304","    3683.1","1","    3683.1","E","    552.5"," ,E","      7.75","E","     13.07","E","      2.42","E"
"GM000004204","1882","50.9267","11.5842","155.0","JENA STERNWARTE, GM","     59.1","","      59.1","E","       172","E","        83","E","         4","E","","","         0","E","        96","E","         7","E","        77","E","         2","E","  -17.1","E,1203, ","","","  50.9"," ,E,0727, ","   34.1","E,0715, ","0.0","E,1113","-2.5","E,1115","-5.0","E,1118","-6.8","E,1202","-17.1","E,1203","0.0","E,0517","-2.7","E,0413","-4.6","E,0412","-7.3","E,0213","-9.4","E,0211","    3493.8","8","    3493.8","E","    849.7"," ,E","      9.18","E","     14.07","E","      4.28","E"
"GM000004204","1883","50.9267","11.5842","155.0","JENA STERNWARTE, GM","     70.5","","      70.5","E","       132","E","        60","E","         0","E","","","         1","E","       115","E","        18","E","        83","E","         4","E","  -17.8","E,0310, ","","","  23.0"," ,E,0728, ","   34.6","E,0704, ","-1.0","E,1007","-3.0","E,1116","-4.6","E,1117","-11.0","E,1206","-11.0","E,1206","0.0","E,0502","-3.0","E,0415","-6.7","E,0329","-6.7","E,0329","-14.0","E,0324","    3695.8","8","    3695.8","E","    531.6"," ,E","      8.54","E","     13.40","E","      3.67","E"
"GM000004204","1884","50.9267","11.5842","155.0","JENA STERNWARTE, GM","     87.5","","      87.5","E","       161","E","        85","E","         0","E","","","         1","E","        94","E","         9","E","        90","E","         3","E","  -18.0","E,1202, ","","","  22.7"," ,E,0326, ","   34.8","E,0713, ","-2.5","E,1024","-2.5","E,1024","-13.5","E,1120","-13.5","E,1120","-13.5","E,1120","0.0","E,0530","-3.5","E,0424","-9.5","E,0229","-9.5","E,0229","-9.5","E,0229","    3365.3","3","    3365.3","E","    613.0"," ,E","      9.06","E","     14.01","E","      4.12","E"
"GM000004204","1885","50.9267","11.5842","155.0","JENA STERNWARTE, GM","     82.6","","      82.6","E","       150","E","        60","E","         1","E","","","         6","E","       122","E","        23","E","        84","E","         1","E","  -19.8","E,0121, ","","","  40.9"," ,E,0706, ","   32.5","E,0529, ","-3.0","E,1021","-3.0","E,1021","-6.0","E,1116","-9.0","E,1117","-9.0","E,1117","-0.3","E,0520","-3.2","E,0509","-6.7","E,0324","-6.7","E,0324","-11.0","E,0223","    3653.7","7","    3653.7","E","    500.4"," ,E","      8.18","E","     13.24","E","      3.12","E"
"GM000004204","1886","50.9267","11.5842","155.0","JENA STERNWARTE, GM","    100.0","","     100.0","E","       150","E","        57","E","         1","E","","","         5","E","       119","E","        33","E","        99","E","         1","E","  -22.4","E,0301, ","","","  29.0"," ,E,0710, ","   33.0","E,0719, ","0.0","E,0917","-2.3","E,1028","-5.0","E,1203","-7.0","E,1223","-9.0","E,1227","-0.2","E,0508","-3.5","E,0504","-6.4","E,0320","-9.3","E,0315","-9.3","E,0315","    3943.0","0","    3943.0","E","    493.1"," ,E","      8.54","E","     13.77","E","      3.32","E"
"GM000004204","1887","50.9267","11.5842","155.0","JENA STERNWARTE, GM","     95.8","","      95.8","E","       137","E","        54","E","         1","E","       16","","         5","E","       133","E","        37","E","        82","E","         4","E","  -21.1","E,0118, ","   120"," ,E,0318, ","  26.4"," ,E,0819, ","   34.1","E,0704, ","0.0","E,0922","-2.7","E,1014","-5.6","E,1026","-8.7","E,1027","-12.0","E,1116","-2.0","E,0422","-3.9","E,0418","-5.0","E,0417","-9.6","E,0320","-9.6","E,0320","    3753.7","7","    3753.7","E","    456.8"," ,E","      7.41","E","     12.30","E","      2.52","E"
"GM000004204","1888","50.9267","11.5842","155.0","JENA STERNWARTE, GM","     83.8","","      83.8","E","       145","E","        62","E","         2","E","       30","","         2","E","       125","E","        30","E","        82","E","         4","E","  -22.0","E,0202, ","   310"," ,E,0320, ","  51.2"," ,E,0628, ","   32.8","E,0519, ","0.0","E,1006","-2.3","E,1019","-5.2","E,1020","-9.7","E,1109","-9.7","E,1109","-1.2","E,0427","-2.8","E,0413","-5.0","E,0409","-7.0","E,0324","-9.8","E,0323","    3975.3","3","    3975.3","E","    554.6"," ,E","      7.81","E","     12.70","E","      2.91","E"
"GM000004204","1889","50.9267","11.5842","155.0","JENA STERNWARTE, GM","    110.1","","     110.1","E","       150","E","        64","E","         3","E","       45","","         2","E","       123","E","        43","E","       103","E","         4","E","  -20.0","E,0225, ","   270"," ,E,0224, ","  51.3"," ,E,1003, ","   34.1","E,0609, ","-0.8","E,0916","-3.2","E,1112","-5.0","E,1113","-7.6","E,1123","-14.0","E,1209","-1.5","E,0418","-2.6","E,0417","-4.5","E,0323","-9.4","E,0316","-9.4","E,0316","    3738.9","9","    3738.9","E","    601.7"," ,E","      8.12","E","     12.85","E","      3.40","E"
"GM000004204","1890","50.9267","11.5842","155.0","JENA STERNWARTE, GM","     46.7","","      46.7","E","       157","E","        72","E","         2","E","       28","","         3","E","       119","E","        47","E","        78","E","         1","E","  -20.9","E,0302, ","   150"," ,E,0306, ","  51.8"," ,E,1124, ","   32.3","E,0801, ","-3.1","E,1021","-3.1","E,1021","-4.5","E,1022","-12.2","E,1126","-12.2","E,1126","0.0","E,0428","-3.2","E,0415","-14.3","E,0305","-14.3","E,0305","-14.3","E,0305","    3823.0","0","    3823.0","E","    634.6"," ,E","      7.77","E","     12.74","E","      2.79","E"
"GM000004204","1891","50.9267","11.5842","155.0","JENA STERNWARTE, GM","     48.8","","      48.8","E","       167","E","        85","E","         1","E","       28","","         3","E","       116","E","        22","E","        94","E","         1","E","  -21.9","E,0116, ","   290"," ,E,0120, ","  26.3"," ,E,0628, ","   32.4","E,0701, ","-0.4","E,1019","-4.4","E,1029","-4.4","E,1029","-7.0","E,1106","-13.9","E,1221","-0.6","E,0518","-2.4","E,0426","-5.4","E,0403","-8.2","E,0323","-15.1","E,0214","    4015.9","9","    4015.9","E","    559.4"," ,E","      8.48","E","     13.56","E","      3.39","E"
"GM000004204","1892","50.9267","11.5842","155.0","JENA STERNWARTE, GM","    128.7","","     128.7","E","       127","E","        57","E","         1","E","       32","","         2","E","       140","E","        29","E","        99","E","        13","E","  -19.1","E,0121, ","   130"," ,E,0312, ","  27.7"," ,E,0329, ","   37.9","E,0817, ","-0.4","E,1012","-3.1","E,1021","-5.7","E,1027","-7.6","E,1120","-9.9","E,1122","-1.0","E,0509","-2.3","E,0508","-4.9","E,0416","-7.1","E,0316","-13.3","E,0313","    3564.3","3","    3564.3","E","    404.8"," ,E","      8.39","E","     14.10","E","      2.68","E"
"GM000004204","1893","50.9267","11.5842","155.0","JENA STERNWARTE, GM","     85.6","","      85.6","E","       139","E","        69","E","         1","E","       35","","        11","E","       123","E","        26","E","        98","E","         5","E","  -29.3","E,0119, ","   180"," ,E,0123, ","  41.3"," ,E,1002, ","   35.1","E,0709, ","-0.7","E,0912","-3.7","E,1110","-6.0","E,1111","-9.0","E,1203","-9.0","E,1203","-1.1","E,0506","-2.4","E,0419","-5.2","E,0418","-6.8","E,0414","-13.2","E,0207","    3746.5","5","    3746.5","E","    533.4"," ,E","      8.48","E","     14.12","E","      2.85","E"
"GM000004204","1894","50.9267","11.5842","155.0","JENA STERNWARTE, GM","     53.9","","      53.9","E","       136","E","        64","E","         2","E","        0","","         0","E","        88","E","        13","E","        77","E","         2","E","  -17.6","E,0105, ","    20"," ,E,1231,+","  27.9"," ,E,0801, ","   34.4","E,0724, ","-1.4","E,1018","-2.6","E,1110","-4.5","E,1203","-6.9","E,1210","-9.3","E,1212","-0.8","E,0506","-2.5","E,0402","-5.4","E,0326","-8.6","E,0223","-9.6","E,0222","    3466.5","5","    3466.5","E","    562.6"," ,E","      8.95","E","     13.91","E","      3.99","E"
"GM000004204","1895","50.9267","11.5842","155.0","JENA STERNWARTE, GM","    107.9","","     107.9","E","       160","E","        68","E","         4","E","       74","","         9","E","       133","E","        41","E","       113","E","         8","E","  -24.0","E,0211,+","   320"," ,E,0218, ","  42.8"," ,E,0603, ","   35.2","E,0904, ","-1.6","E,1018","-3.7","E,1019","-4.4","E,1020","-7.9","E,1122","-9.1","E,1226","-1.3","E,0417","-2.6","E,0416","-6.7","E,0313","-6.7","E,0313","-13.6","E,0309","    3864.4","4","    3864.4","E","    650.5"," ,E","      8.15","E","     13.66","E","      2.62","E"
"GM000004204","1896","50.9267","11.5842","155.0","JENA STERNWARTE, GM","     44.4","","      44.4","E","       164","E","        68","E","         2","E","        7","","         0","E","       102","E","        13","E","        85","E","         1","E","  -14.2","E,0111, ","    80"," ,E,1225, ","  37.2"," ,E,0607, ","   32.6","E,0710, ","-1.7","E,1031","-3.0","E,1105","-5.4","E,1106","-9.2","E,1129","-9.2","E,1129","-1.5","E,0425","-2.8","E,0329","-4.7","E,0228","-7.5","E,0225","-11.5","E,0217","    3410.3","3","    3410.3","E","    586.0"," ,E","      8.48","E","     13.15","E","      3.80","E"
"GM000004204","1897","50.9267","11.5842","155.0","JENA STERNWARTE, GM","     79.4","","      79.4","E","       158","E","        60","E","         3","E","       18","","         0","E","       105","E","        17","E","        90","E","         2","E","  -13.3","E,0130, ","   270"," ,E,0202, ","  34.3"," ,E,0731, ","   32.9","E,0630, ","-1.1","E,1006","-2.4","E,1029","-4.8","E,1110","-7.6","E,1126","","","0.0","E,0514","-2.8","E,0407","-4.5","E,0404","-11.6","E,0216","-11.6","E,0216","    3647.0","0","    3647.0","E","    545.8"," ,E","      9.00","E","     13.71","E","      4.28","E"
"GM000004204","1898","50.9267","11.5842","155.0","JENA STERNWARTE, GM","     71.6","","      71.6","E","       149","E","        71","E","         0","E","        6","","         0","E","        80","E","         5","E","        81","E","         4","E","   -9.4","E,0211, ","   150"," ,E,0206, ","  24.1"," ,E,0331, ","   33.1","E,0823,+","0.0","E,0927","-2.9","E,1119","-5.1","E,1120","-7.0","E,1221","-8.9","E,1222","-0.4","E,0415","-2.2","E,0406","-9.4","E,0211","-9.4","E,0211","-9.4","E,0211","    3381.4","4","    3381.4","E","    570.1"," ,E","      9.53","E","     14.26","E","      4.79","E"
"GM000004204","1899","50.9267","11.5842","155.0","JENA STERNWARTE, GM","     65.1","","      65.1","E","       149","E","        66","E","         4","E","       20","","         4","E","       104","E","        23","E","        76","E","         1","E","  -20.5","E,1215, ","   110"," ,E,1219,+","  34.1"," ,E,0914, ","   33.1","E,0806, ","-0.4","E,1008","-3.0","E,1009","-5.0","E,1204","-6.8","E,1209","-10.7","E,1211","-3.2","E,0424","-3.2","E,0424","-4.6","E,0401","-6.7","E,0326","-12.0","E,0325","    3297.7","7","    3297.7","E","    647.6"," ,E","      8.93","E","     14.09","E","      3.78","E"
"GM000004204","1900","50.9267","11.5842","155.0","JENA STERNWARTE, GM","    101.9","","     101.9","E","       162","E","        76","E","         1","E","       24","","         1","E","        96","E","        13","E","       104","E","         7","E","  -19.1","E,0115, ","   300"," ,E,0201, ","  28.7"," ,E,0824, ","   34.5","E,0721, ","0.0","E,1019","-4.0","E,1023","-6.8","E,1231","-6.8","E,1231","","","-1.7","E,0514","-3.0","E,0429","-6.4","E,0403","-7.5","E,0304","-9.8","E,0303","    3581.6","6","    3581.6","E","    673.9"," ,E","      9.31","E","     14.43","E","      4.20","E"
"GM000004204","1901","50.9267","11.5842","155.0","JENA STERNWARTE, GM","     73.5","","      73.5","E","       139","E","        66","E","         2","E","       49","","        11","E","       115","E","        31","E","       104","E","         2","E","  -24.1","E,0220, ","   230"," ,E,0222,+","  32.4"," ,E,0723, ","   32.6","E,0713, ","-0.7","E,1029","-3.5","E,1101","-4.4","E,1102","-6.7","E,1124","-13.0","E,1216","0.0","E,0519","-2.8","E,0406","-4.9","E,0330","-9.7","E,0329","-9.7","E,0329","    3652.8","8","    3652.8","E","    599.4"," ,E","      8.14","E","     13.52","E","      2.75","E"
"GM000004204","1902","50.9267","11.5842","155.0","JENA STERNWARTE, GM","     65.8","","      65.8","E","       171","E","        70","E","         1","E","       18","","         3","E","       113","E","        22","E","        67","E","         1","E","  -21.6","E,1206, ","   180"," ,E,1208,+","  30.5"," ,E,0720, ","   32.6","E,0904, ","-1.3","E,0923","-2.5","E,1025","-5.3","E,1105","-9.9","E,1118","-9.9","E,1118","-1.3","E,0516","-2.8","E,0429","-5.0","E,0314","-7.0","E,0225","-10.1","E,0216","    3458.6","6","    3458.6","E","    599.3"," ,E","      7.89","E","     12.95","E","      2.84","E"
"GM000004204","1903","50.9267","11.5842","155.0","JENA STERNWARTE, GM","     61.8","","      61.8","E","       130","E","        62","E","         2","E","        4","","         0","E","        80","E","        13","E","        99","E","         5","E","  -17.0","E,0118, ","    70"," ,E,1201, ","  29.2"," ,E,0724, ","   33.9","E,0906, ","-0.7","E,1020","-3.4","E,1021","-7.9","E,1203","-7.9","E,1203","-10.4","E,1204","-0.5","E,0420","-3.5","E,0315","-5.5","E,0313","-12.0","E,0217","-12.0","E,0217","    3700.8","8","    3700.8","E","    542.5"," ,E","      9.46","E","     14.66","E","      4.26","E"
"GM000004204","1904","50.9267","11.5842","155.0","JENA STERNWARTE, GM","    110.5","","     110.5","E","       127","E","        55","E","         1","E","       11","","         0","E","        98","E","        17","E","       112","E","        11","E","  -12.6","E,0127, ","    60"," ,E,0121,+","  27.6"," ,E,0702, ","   37.1","E,0716, ","-1.4","E,0919","-2.9","E,1117","-5.9","E,1128","-7.3","E,1129","-9.4","E,1228","-0.2","E,0521","-2.4","E,0427","-5.1","E,0229","-10.1","E,0128","-10.1","E,0128","    3350.3","3","    3350.3","E","    491.6"," ,E","      9.65","E","     14.86","E","      4.44","E"
"GM000004204","1905","50.9267","11.5842","155.0","JENA STERNWARTE, GM","    145.0","","     145.0","E","       158","E","        81","E","         2","E","        6","","         2","E","        91","E","        13","E","       103","E","         5","E","  -19.1","E,0103, ","    90"," ,E,0213, ","  48.1"," ,E,1109, ","   36.1","E,0804, ","-0.4","E,1019","-3.0","E,1020","-5.1","E,1021","-7.8","E,1218","","","-2.9","E,0409","-2.9","E,0409","-13.6","E,0214","-13.6","E,0214","-13.6","E,0214","    3274.2","2","    3274.2","E","    728.9"," ,E","      9.21","E","     14.06","E","      4.35","E"
"GM000004204","1906","50.9267","11.5842","155.0","JENA STERNWARTE, GM","    122.9","","     122.9","E","       153","E","        70","E","         3","E","       23","","         0","E","        92","E","        23","E","       111","E","        11","E","  -16.4","E,1223, ","   140"," ,E,0324, ","  68.6"," ,E,0711, ","   33.5","E,0903,+","-0.6","E,1012","-4.6","E,1111","-4.6","E,1111","-7.4","E,1208","-9.2","E,1221","-0.2","E,0503","-2.6","E,0426","-4.8","E,0404","-11.5","E,0328","-11.5","E,0328","    3411.9","9","    3411.9","E","    691.2"," ,E","      9.66","E","     14.93","E","      4.39","E"
"GM000004204","1907","50.9267","11.5842","155.0","JENA STERNWARTE, GM","     67.4","","      67.4","E","       145","E","        56","E","         1","E","       22","","         1","E","        99","E","        21","E","       102","E","         3","E","  -17.8","E,0123, ","   150"," ,E,0207, ","  28.9"," ,E,0914, ","   33.1","E,0805, ","-3.9","E,1104","-3.9","E,1104","-4.9","E,1105","-7.2","E,1201","-15.9","E,1231","-0.7","E,0519","-3.6","E,0429","-5.8","E,0313","-8.9","E,0212","-8.9","E,0212","    3442.9","9","    3442.9","E","    519.8"," ,E","      9.08","E","     14.26","E","      3.89","E"
"GM000004204","1908","50.9267","11.5842","155.0","JENA STERNWARTE, GM","    104.4","","     104.4","E","       138","E","        65","E","         4","E","       19","","         4","E","       111","E","        19","E","       106","E","         6","E","  -26.8","E,0103, ","   110"," ,E,0102,+","  44.1"," ,E,0718, ","   34.9","E,0712, ","-1.2","E,1007","-7.5","E,1020","-7.5","E,1020","-7.5","E,1020","-9.2","E,1024","-0.5","E,0421","-2.5","E,0414","-4.6","E,0326","-14.9","E,0204","-14.9","E,0204","    3442.4","4","    3442.4","E","    591.6"," ,E","      8.63","E","     13.88","E","      3.37","E"
"GM000004204","1909","50.9267","11.5842","155.0","JENA STERNWARTE, GM","     54.0","","      54.0","E","       157","E","        61","E","         4","E","       57","","         0","E","       115","E","        20","E","        96","E","         1","E","  -16.5","E,0101, ","   230"," ,E,1117,+","  60.2"," ,E,0911, ","   33.3","E,0602, ","-0.9","E,1026","-2.6","E,1027","-9.8","E,1119","-9.8","E,1119","-9.8","E,1119","-1.9","E,0508","-2.6","E,0416","-5.5","E,0403","-9.8","E,0315","-9.8","E,0315","    3786.1","1","    3786.1","E","    696.4"," ,E","      8.61","E","     13.85","E","      3.37","E"
"GM000004204","1910","50.9267","11.5842","155.0","JENA STERNWARTE, GM","     62.7","","      62.7","E","       141","E","        54","E","         1","E","        4","","         0","E","       106","E","         2","E","        96","E","         0","E","   -9.4","E,1229,+","    60"," ,E,0113, ","  28.2"," ,E,0614, ","   31.5","E,0605, ","-2.7","E,1015","-2.7","E,1015","-6.2","E,1125","-6.8","E,1228","-9.4","E,1229","-0.5","E,0502","-3.2","E,0412","-4.8","E,0321","-8.2","E,0305","-9.4","E,0124","    3141.1","1","    3141.1","E","    482.2"," ,E","      9.80","E","     15.04","E","      4.55","E"
"GM000004204","1911","50.9267","11.5842","155.0","JENA STERNWARTE, GM","    203.6","","     203.6","E","       125","E","        40","E","         2","E","       11","","         0","E","        93","E","         4","E","       121","E","        25","E","  -13.5","E,0115, ","    50"," ,E,0117,+","  40.7"," ,E,0527, ","   37.2","E,0723, ","-0.6","E,1004","-3.2","E,1017","","","","","","","0.0","E,0521","-2.5","E,0408","-5.9","E,0406","-8.2","E,0211","-10.0","E,0210","    3319.1","1","    3319.1","E","    379.4"," ,E","     10.26","E","     15.72","E","      4.81","E"
"GM000004204","1912","50.9267","11.5842","155.0","JENA STERNWARTE, GM","     48.8","","      48.8","E","       172","E","        72","E","         1","E","       20","","         3","E","        79","E","        13","E","        76","E","         0","E","  -20.4","E,0205, ","   110"," ,E,0108, ","  25.6"," ,E,0719, ","   32.0","E,0728,+","-0.9","E,0929","-2.3","E,1004","-4.7","E,1005","","","","","-4.0","E,0502","-4.0","E,0502","-5.5","E,0403","-20.4","E,0205","-20.4","E,0205","    3034.2","2","    3034.2","E","    595.1"," ,E","      9.31","E","     14.42","E","      4.19","E"
"GM000004204","1913","50.9267","11.5842","155.0","JENA STERNWARTE, GM","     32.8","","      32.8","E","       147","E","        66","E","         0","E","        8","","         0","E","        77","E","        13","E","        70","E","         0","E","  -12.9","E,0220, ","   200"," ,E,1231, ","  21.6"," ,E,0504, ","   29.5","E,0531, ","0.0","E,0926","-2.7","E,1014","-5.8","E,1219","-7.4","E,1220","","","-0.4","E,0424","-3.7","E,0416","-6.0","E,0415","-9.2","E,0302","-9.2","E,0302","    3455.1","1","    3455.1","E","    542.9"," ,E","      9.28","E","     14.05","E","      4.51","E"
"GM000004204","1914","50.9267","11.5842","155.0","JENA STERNWARTE, GM","     80.4","","      80.4","E","       171","E","        81","E","         3","E","       11","","         0","E","        77","E","        18","E","        92","E","         1","E","  -17.1","E,0124, ","   230"," ,E,0102, ","  57.5"," ,E,0704, ","   32.2","E,0811, ","-0.8","E,1118","-2.9","E,1121","-8.9","E,1122","-8.9","E,1122","-8.9","E,1122","-2.7","E,0503","-2.7","E,0503","-5.2","E,0207","-12.7","E,0125","-12.7","E,0125","    3335.5","5","    3335.5","E","    721.0"," ,E","      9.44","E","     14.11","E","      4.77","E"
"GM000004204","1915","50.9267","11.5842","155.0","JENA STERNWARTE, GM","     69.2","","      69.2","E","       166","E","        76","E","         1","E","       22","","         0","E","       101","E","        19","E","        98","E","         3","E","  -16.2","E,1128, ","   120"," ,E,0130, ","  26.7"," ,E,0628, ","   35.7","E,0610, ","-0.3","E,0920","-3.2","E,1027","-9.0","E,1123","-9.0","E,1123","-9.0","E,1123","-0.3","E,0511","-3.7","E,0402","-4.8","E,0401","-9.2","E,0311","-9.2","E,0311","    3336.9","9","    3336.9","E","    643.5"," ,E","      8.79","E","     13.56","E","      4.02","E"
"GM000004204","1916","50.9267","11.5842","155.0","JENA STERNWARTE, GM","     29.3","","      29.3","E","       173","E","        72","E","         2","E","        9","","         0","E","        66","E","         5","E","        75","E","         0","E","   -9.7","E,1221, ","    40"," ,E,1120,+","  51.9"," ,E,0624, ","   29.7","E,0810, ","-0.5","E,1001","-2.2","E,1023","-5.5","E,1118","-8.2","E,1220","-9.7","E,1221","-1.1","E,0402","-2.3","E,0331","-5.7","E,0228","-7.9","E,0227","-9.3","E,0212","    3373.8","8","    3373.8","E","    654.9"," ,E","      9.60","E","     14.06","E","      5.14","E"
"GM000004204","1917","50.9267","11.5842","155.0","JENA STERNWARTE, GM","    104.3","","     104.3","E","       150","E","        68","E","         1","E","       59","","         9","E","       118","E","        44","E","       124","E","         3","E","  -24.8","E,0207, ","   180"," ,E,0202,+","  30.3"," ,E,0529, ","   33.8","E,0620, ","-1.7","E,1017","-2.7","E,1030","-4.4","E,1204","-10.7","E,1205","-10.7","E,1205","-1.3","E,0507","-2.2","E,0414","-6.9","E,0323","-6.9","E,0323","-9.7","E,0316","    3728.1","1","    3728.1","E","    552.1"," ,E","      8.25","E","     13.12","E","      3.38","E"
"GM000004204","1918","50.9267","11.5842","155.0","JENA STERNWARTE, GM","     65.8","","      65.8","E","       161","E","        59","E","         0","E","       18","","         0","E","        81","E","         7","E","        82","E","         3","E","  -11.7","E,0104, ","   170"," ,E,0104, ","  22.9"," ,E,0702, ","   33.7","E,0822, ","-1.7","E,1030","-2.2","E,1031","-5.3","E,1122","-7.8","E,1227","","","-4.2","E,0328","-4.2","E,0328","-7.2","E,0327","-7.2","E,0327","-10.8","E,0220","    3286.3","3","    3286.3","E","    486.1"," ,E","      9.59","E","     14.40","E","      4.79","E"
"GM000004204","1919","50.9267","11.5842","155.0","JENA STERNWARTE, GM","     96.5","","      96.5","E","       147","E","        59","E","         0","E","       41","","         0","E","       111","E","        30","E","        97","E","         9","E","  -12.2","E,1118, ","   180"," ,E,1118, ","  25.3"," ,E,0408, ","   34.7","E,0612, ","-1.2","E,1012","-4.2","E,1030","-4.4","E,1102","-11.4","E,1117","-11.4","E,1117","-0.2","E,0504","-2.3","E,0423","-4.7","E,0317","-9.2","E,0214","-9.2","E,0214","    3476.6","6","    3476.6","E","    492.7"," ,E","      8.45","E","     13.33","E","      3.57","E"
"GM000004204","1920","50.9267","11.5842","155.0","JENA STERNWARTE, GM","     57.8","","      57.8","E","       129","E","        65","E","         1","E","        8","","         0","E","       109","E","        12","E","        90","E","         1","E","  -11.0","E,1101, ","    80"," ,E,1216, ","  43.8"," ,E,0927, ","   32.6","E,0718, ","-0.2","E,1012","-4.2","E,1020","-5.2","E,1021","-7.5","E,1022","-8.9","E,1030","-0.4","E,0331","-3.6","E,0314","-6.2","E,0312","-7.1","E,0209","","","    3247.8","8","    3247.8","E","    561.0"," ,E","      9.42","E","     14.36","E","      4.47","E"
"GM000004204","1921","50.9267","11.5842","155.0","JENA STERNWARTE, GM","    119.6","","     119.6","E","       113","E","        50","E","         2","E","        0","","         0","E","        96","E","        18","E","       110","E","         9","E","  -14.5","E,1205, ","    10"," ,E,0212,+","  31.8"," ,E,0812, ","   35.8","E,0802, ","-0.7","E,0920","-2.2","E,1001","-5.2","E,1111","-7.2","E,1114","-9.0","E,1125","-0.2","E,0506","-4.9","E,0420","-4.9","E,0420","-7.3","E,0222","-10.0","E,0117","    3399.3","3","    3399.3","E","    455.0"," ,E","      9.67","E","     15.13","E","      4.21","E"
"GM000004204","1922","50.9267","11.5842","155.0","JENA STERNWARTE, GM","","","","","       146","I","        83","I","         1","I","","","","","","","","","","","","","","","","","  27.5"," ,I,0416, ","","","","","","","","","","","","","","","","","","","","","","","    3749.5","5","    3749.5","E","    610.4"," ,I","","","","","",""
"GM000004204","1923","50.9267","11.5842","155.0","JENA STERNWARTE, GM","     79.5","","      79.5","E","       164","E","        70","E","         0","E","       25","","         2","E","        83","E","        20","E","        72","E","         3","E","  -19.7","E,1228, ","   200"," ,E,1231, ","  19.9"," ,E,1010, ","   35.3","E,0715,+","-0.4","E,1110","-3.4","E,1122","-5.8","E,1124","-7.2","E,1125","-14.0","E,1222","-0.7","E,0429","-4.4","E,0405","-4.4","E,0405","-10.2","E,0220","-10.2","E,0220","","","","","    495.4"," ,E","      8.84","E","     13.28","E","      4.41","E"
"GM000004204","1924","50.9267","11.5842","155.0","JENA STERNWARTE, GM","     49.2","","      49.2","E","       136","E","        68","E","         1","E","       26","","         1","E","       119","E","        29","E","        82","E","         1","E","  -18.4","E,0116, ","   200"," ,E,0106,+","  68.6"," ,E,0814, ","   33.1","E,0713, ","-1.0","E,1024","-2.2","E,1109","-5.0","E,1110","-8.4","E,1118","","","-0.7","E,0414","-3.0","E,0412","-7.6","E,0315","-7.6","E,0315","-13.7","E,0224","    3739.3","3","    3739.3","E","    573.5"," ,E","      8.35","E","     13.03","E","      3.66","E"
"GM000004204","1925","50.9267","11.5842","155.0","JENA STERNWARTE, GM","     73.6","","      73.6","E","       169","E","        69","E","         0","E","       10","","         1","E","        79","E","        13","E","        81","E","         3","E","  -20.2","E,1205, ","   130"," ,E,1204, ","  20.3"," ,E,0805, ","   34.5","E,0810, ","-0.3","E,1009","-3.0","E,1020","-5.2","E,1120","-8.1","E,1127","-16.7","E,1204","-0.5","E,0423","-2.7","E,0324","-5.4","E,0318","-7.2","E,0313","-9.2","E,0312","    3227.9","9","    3227.9","E","    533.6"," ,E","      9.40","E","     13.86","E","      4.93","E"
"GM000004204","1926","50.9267","11.5842","155.0","JENA STERNWARTE, GM","     62.5","","      62.5","E","       172","E","        74","E","         2","E","       10","","         0","E","        64","E","        16","E","        75","E","         0","E","  -13.6","E,1227, ","   100"," ,E,0121,+","  36.2"," ,E,0617, ","   31.1","E,0719, ","-2.7","E,1028","-2.7","E,1028","-6.0","E,1223","-8.7","E,1224","-10.5","E,1225","-0.1","E,0419","-2.5","E,0404","-6.7","E,0324","-6.7","E,0324","-10.1","E,0123","    3431.8","8","    3431.8","E","    648.1"," ,E","      9.58","E","     13.78","E","      5.37","E"
"GM000004204","1927","50.9267","11.5842","155.0","JENA STERNWARTE, GM","     66.3","","      66.3","E","       159","E","        71","E","         0","E","        9","","         2","E","        79","E","        23","E","        76","E","         2","E","  -28.8","E,1221, ","   240"," ,E,1218, ","  22.5"," ,E,0617, ","   33.3","E,0601, ","-0.4","E,1111","-3.3","E,1112","-6.1","E,1114","-7.4","E,1203","-11.3","E,1216","-0.2","E,0417","-3.5","E,0317","-4.5","E,0221","-10.9","E,0220","-10.9","E,0220","    3258.1","1","    3258.1","E","    558.5"," ,E","      8.98","E","     13.35","E","      4.61","E"
"GM000004204","1928","50.9267","11.5842","155.0","JENA STERNWARTE, GM","     79.8","","      79.8","E","       161","E","        69","E","         0","E","       13","","         0","E","        85","E","        15","E","        84","E","         4","E","  -15.0","E,1220, ","    80"," ,E,1213, ","  17.9"," ,E,0422, ","   34.5","E,0716, ","-0.6","E,1004","-3.4","E,1015","-4.6","E,1210","-8.4","E,1215","-15.0","E,1220","-0.4","E,0511","-3.0","E,0321","-5.7","E,0320","-10.0","E,0317","-10.0","E,0317","    3626.2","2","    3626.2","E","    511.8"," ,E","      9.02","E","     13.98","E","      4.06","E"
"GM000004204","1929","50.9267","11.5842","155.0","JENA STERNWARTE, GM","    114.2","","     114.2","E","       131","E","        57","E","         0","E","       68","","        21","E","       111","E","        53","E","       106","E","         8","E","  -28.0","E,0212, ","   230"," ,E,0304, ","  21.8"," ,E,1019, ","   35.2","E,0721, ","-1.2","E,1105","-3.2","E,1106","-7.0","E,1219","-7.0","E,1219","-10.5","E,1220","-0.6","E,0520","-5.4","E,0423","-5.4","E,0423","-11.5","E,0305","-11.5","E,0305","    4108.0","0","    4108.0","E","    426.5"," ,E","      7.90","E","     13.22","E","      2.58","E"
"GM000004204","1930","50.9267","11.5842","155.0","JENA STERNWARTE, GM","     74.5","","      74.5","E","       137","E","        64","E","         2","E","        0","","         0","E","        97","E","         9","E","        87","E","         3","E","  -11.1","E,0210, ","    20"," ,E,0314, ","  30.2"," ,E,0623, ","   34.1","E,0705, ","-2.3","E,1003","-2.3","E,1003","-5.5","E,1205","-9.0","E,1224","-9.0","E,1224","0.0","E,0404","-4.1","E,0313","-4.5","E,0303","-7.5","E,0217","-11.1","E,0210","    3090.3","3","    3090.3","E","    505.3"," ,E","      9.46","E","     14.20","E","      4.71","E"
"GM000004204","1931","50.9267","11.5842","155.0","JENA STERNWARTE, GM","     89.3","","      89.3","E","       173","E","        69","E","         2","E","       15","","         0","E","       114","E","        26","E","        74","E","         1","E","  -14.3","E,0206, ","    70"," ,E,0209,+","  31.1"," ,E,0618, ","   32.3","E,0528, ","-1.2","E,1017","-2.3","E,1023","-7.0","E,1201","-7.0","E,1201","-10.6","E,1220","0.0","E,0424","-2.3","E,0416","-4.7","E,0409","-7.0","E,0402","-11.8","E,0311","    3501.0","0","    3501.0","E","    559.0"," ,E","      8.50","E","     13.13","E","      3.87","E"
"GM000004204","1932","50.9267","11.5842","155.0","JENA STERNWARTE, GM","    140.6","","     140.6","E","       147","E","        60","E","         3","E","        8","","         0","E","       113","E","        15","E","       108","E","        10","E","  -16.5","E,0213, ","    40"," ,E,0310,+","  68.6"," ,E,0714, ","   35.8","E,0820, ","-0.8","E,1007","-4.0","E,1115","-5.1","E,1208","-10.1","E,1211","-10.1","E,1211","-1.0","E,0421","-3.0","E,0414","-6.1","E,0327","-7.5","E,0326","-9.1","E,0311","    3731.3","3","    3731.3","E","    557.2"," ,E","      9.08","E","     14.10","E","      4.07","E"
"GM000004204","1933","50.9267","11.5842","155.0","JENA STERNWARTE, GM","     80.2","","      80.2","E","       143","E","        56","E","         0","E","        1","","         8","E","       116","E","        37","E","        97","E","         3","E","  -22.5","E,1216, ","    30"," ,E,1128, ","  25.1"," ,E,0921, ","   35.2","E,0727, ","-0.8","E,1004","-4.4","E,1110","-4.4","E,1110","-10.9","E,1203","-10.9","E,1203","-0.4","E,0426","-4.0","E,0420","-4.5","E,0419","-7.5","E,0322","-9.5","E,0301","    3472.3","3","    3472.3","E","    477.6"," ,E","      8.25","E","     13.37","E","      3.12","E"
"GM000004204","1934","50.9267","11.5842","155.0","JENA STERNWARTE, GM","     99.1","","      99.1","E","       114","E","        47","E","         3","E","        6","","         0","E","        67","E","         7","E","       128","E","         2","E","  -16.0","E,0203, ","    70"," ,E,0202, ","  26.8"," ,E,0823, ","   33.5","E,0618, ","-1.8","E,1103","-3.7","E,1104","","","","","","","0.0","E,0516","-2.5","E,0406","-5.0","E,0215","-16.0","E,0203","-16.0","E,0203","    3405.3","3","    3405.3","E","    463.9"," ,E","     10.55","E","     15.77","E","      5.32","E"
"GM000004204","1935","50.9267","11.5842","155.0","JENA STERNWARTE, GM","    118.4","","     118.4","E","       142","E","        62","E","         1","E","       13","","         0","E","        87","E","        22","E","       100","E","         7","E","  -13.8","E,0307, ","   100"," ,E,1221, ","  39.2"," ,E,0813, ","   35.5","E,0626, ","-1.0","E,1014","-2.7","E,1115","-6.4","E,1209","-7.5","E,1223","-12.2","E,1224","-1.4","E,0514","-3.6","E,0502","-6.0","E,0311","-9.3","E,0310","-9.3","E,0310","    3135.9","9","    3135.9","E","    504.9"," ,E","      9.45","E","     14.30","E","      4.59","E"
"GM000004204","1936","50.9267","11.5842","155.0","JENA STERNWARTE, GM","     80.1","","      80.1","E","       170","E","        76","E","         1","E","        5","","         0","E","        86","E","        13","E","        97","E","         1","E","  -17.4","E,0212, ","    60"," ,E,0211,+","  30.6"," ,E,0511, ","   34.3","E,0718, ","-1.5","E,0930","-3.5","E,1012","-4.6","E,1123","-6.9","E,1228","","","-1.1","E,0422","-2.2","E,0412","-4.8","E,0215","-17.4","E,0212","-17.4","E,0212","    3198.5","5","    3198.5","E","    617.7"," ,E","      9.55","E","     14.07","E","      5.02","E"
"GM000004204","1937","50.9267","11.5842","155.0","JENA STERNWARTE, GM","    128.6","","     128.6","E","       165","E","        70","E","         0","E","       14","","         0","E","        79","E","        15","E","       103","E","         4","E","  -12.2","E,1222, ","   110"," ,E,0127,+","  24.0"," ,E,0518, ","   33.6","E,0610, ","-2.0","E,1111","-3.8","E,1122","-4.5","E,1208","-12.2","E,1222","-12.2","E,1222","-3.8","E,0330","-3.8","E,0330","-7.6","E,0201","-7.6","E,0201","-9.6","E,0130","    3292.4","4","    3292.4","E","    605.0"," ,E","      9.88","E","     14.42","E","      5.33","E"
"GM000004204","1938","50.9267","11.5842","155.0","JENA STERNWARTE, GM","    127.8","","     127.8","E","       128","E","        71","E","         1","E","       14","","         1","E","        73","E","        20","E","        87","E","         6","E","  -20.4","E,1223, ","   210"," ,E,1231, ","  35.7"," ,E,0806, ","   33.6","E,0708, ","-2.1","E,1023","-2.4","E,1128","-5.6","E,1216","-11.6","E,1217","-11.6","E,1217","-0.4","E,0512","-2.6","E,0422","-4.8","E,0420","-8.3","E,0226","-10.1","E,0225","    3243.9","9","    3243.9","E","    542.1"," ,E","      9.78","E","     14.63","E","      4.92","E"
"GM000004204","1939","50.9267","11.5842","155.0","JENA STERNWARTE, GM","     95.6","","      95.6","E","       159","E","        86","E","         3","E","       13","","         0","E","        91","E","        15","E","        92","E","         1","E","  -17.5","E,1230, ","   210"," ,E,0101, ","  27.9"," ,E,0806, ","   32.6","E,0730, ","-0.3","E,0929","-3.8","E,1009","-5.2","E,1122","-7.3","E,1123","-9.7","E,1221","-0.7","E,0411","-2.3","E,0402","-5.3","E,0319","-6.9","E,0208","-9.0","E,0108","    3274.9","9","    3274.9","E","    734.8"," ,E","      9.16","E","     13.58","E","      4.74","E"
"GM000004204","1940","50.9267","11.5842","155.0","JENA STERNWARTE, GM","     47.3","","      47.3","E","       142","E","        83","E","         1","E","       44","","        19","E","       105","E","        57","E","        81","E","         0","E","  -27.6","E,0119, ","   270"," ,E,0129, ","  36.9"," ,E,1104, ","   29.9","E,0526, ","-2.5","E,1028","-2.5","E,1028","-4.4","E,1031","-7.2","E,1202","-11.5","E,1215","-3.8","E,0414","-3.8","E,0414","-4.6","E,0408","-7.0","E,0309","-20.9","E,0221","    4012.1","1","    4012.1","E","    688.9"," ,E","      7.28","E","     11.95","E","      2.61","E"
"GM000004204","1941","50.9267","11.5842","155.0","JENA STERNWARTE, GM","     87.2","","      87.2","E","       178","E","        93","E","         0","E","       48","","         0","E","       111","E","        31","E","        82","E","         4","E","  -16.5","E,0130, ","   360"," ,E,0105,+","  24.3"," ,E,0716, ","   33.4","E,0625, ","0.0","E,1027","-5.0","E,1104","-5.0","E,1104","-8.5","E,1130","-9.1","E,1203","-0.2","E,0517","-3.2","E,0509","-5.9","E,0319","-10.1","E,0227","-10.1","E,0227","    3919.2","2","    3919.2","E","    791.0"," ,E","      8.13","E","     12.57","E","      3.69","E"
"GM000004204","1942","50.9267","11.5842","155.0","JENA STERNWARTE, GM","     86.2","","      86.2","E","       131","E","        53","E","         2","E","       53","","         9","E","       112","E","        45","E","        90","E","         3","E","  -22.4","E,0126, ","   360"," ,E,0217, ","  34.5"," ,E,0821, ","   33.0","E,0830, ","-0.2","E,1112","-4.4","E,1204","-4.4","E,1204","-9.9","E,1205","-9.9","E,1205","-1.5","E,0503","-4.0","E,0330","-5.4","E,0324","-12.5","E,0313","-12.5","E,0313","    4005.6","6","    4005.6","E","    516.0"," ,E","      8.11","E","     12.83","E","      3.39","E"
"GM000004204","1943","50.9267","11.5842","155.0","JENA STERNWARTE, GM","    149.6","","     149.6","E","       129","E","        56","E","         0","E","       10","","         1","E","       102","E","        16","E","        93","E","        12","E","  -20.1","E,0111, ","   140"," ,E,0109, ","  16.3"," ,E,0918, ","   38.5","E,0803, ","-1.2","E,1013","-2.4","E,1014","-4.4","E,1105","-7.2","E,1206","","","-0.4","E,0409","-2.7","E,0323","-5.0","E,0308","-8.8","E,0113","-15.6","E,0112","    3042.8","8","    3042.8","E","    412.7"," ,E","      9.96","E","     15.05","E","      4.86","E"
"GM000004204","1944","50.9267","11.5842","155.0","JENA STERNWARTE, GM","    137.3","","     137.3","E","       152","E","        84","E","         2","E","       31","","         0","E","        81","E","        18","E","        93","E","        10","E","  -16.1","E,0224, ","   310"," ,E,0212, ","  30.4"," ,E,0722, ","   34.5","E,0822, ","-0.1","E,1029","-3.5","E,1114","-5.2","E,1128","-7.6","E,1223","-9.0","E,1224","0.0","E,0510","-3.8","E,0402","-5.8","E,0306","-7.8","E,0227","-10.1","E,0226","    3429.0","0","    3429.0","E","    647.8"," ,E","      9.33","E","     13.74","E","      4.92","E"
"GM000004204","1945","50.9267","11.5842","155.0","JENA STERNWARTE, GM","","","","","       126","E","        61","E","         2","E","","","","","","","","","","","","","","","","","  64.4"," ,E,0716, ","","","","","","","","","","","","","","","","","","","","","","","","","","","    618.7"," ,E","","","","","",""
"GM000004204","1946","50.9267","11.5842","155.0","JENA STERNWARTE, GM","    122.0","","     122.0","E","       147","E","        66","E","         1","E","       16","","         7","E","        99","E","        24","E","       110","E","         6","E","  -22.6","E,1220, ","    50"," ,E,1225,+","  60.1"," ,E,0613, ","   35.3","E,0704, ","-0.3","E,1011","-5.6","E,1024","-5.6","E,1024","-11.7","E,1214","-11.7","E,1214","-0.1","E,0424","-2.9","E,0319","-7.0","E,0318","-7.0","E,0318","-9.0","E,0128","    3276.0","0","    3276.0","E","    561.1"," ,E","      9.27","E","     14.08","E","      4.46","E"
"GM000004204","1947","50.9267","11.5842","155.0","JENA STERNWARTE, GM","    240.9","","     240.9","E","       144","E","        66","E","         1","E","       69","","        12","E","       109","E","        50","E","       133","E","        22","E","  -24.5","E,0107, ","   270"," ,E,0220,+","  31.9"," ,E,0630, ","   38.0","E,0729, ","-1.7","E,1003","-4.0","E,1020","-6.3","E,1119","-7.5","E,1219","","","-0.3","E,0413","-2.5","E,0326","-5.0","E,0316","-9.6","E,0310","-9.6","E,0310","    3860.9","9","    3860.9","E","    558.9"," ,E","      9.03","E","     14.34","E","      3.73","E"
"GM000004204","1948","50.9267","11.5842","155.0","JENA STERNWARTE, GM","     94.4","","      94.4","E","       133","E","        62","E","         2","E","       12","","         0","E","        84","E","        13","E","        98","E","         5","E","  -14.3","E,0227, ","    80"," ,E,0225,+","  27.9"," ,E,0628, ","   33.2","E,0802, ","-0.8","E,0924","-3.7","E,1109","-6.7","E,1125","-6.7","E,1125","-10.0","E,1227","-1.9","E,0411","-4.3","E,0328","-4.5","E,0229","-7.9","E,0228","-14.3","E,0227","    2984.2","2","    2984.2","E","    465.1"," ,E","     10.09","E","     15.01","E","      5.16","E"
"GM000004204","1949","50.9267","11.5842","155.0","JENA STERNWARTE, GM","    127.2","","     127.2","E","       136","E","        63","E","         2","E","       13","","         0","E","        85","E","         7","E","       106","E","         5","E","  -12.7","E,0204, ","   100"," ,E,0201, ","  29.5"," ,E,0515, ","   35.5","E,0808, ","-2.0","E,1029","-2.3","E,1030","-6.7","E,1101","-6.7","E,1101","","","-0.3","E,0511","-2.7","E,0325","-5.1","E,0310","-12.6","E,0309","-12.6","E,0309","    3298.4","4","    3298.4","E","    583.1"," ,E","     10.14","E","     15.19","E","      5.09","E"
"GM000004204","1950","50.9267","11.5842","155.0","JENA STERNWARTE, GM","    128.9","","     128.9","E","       168","E","        96","E","         2","E","       33","","         2","E","        85","E","        25","E","       107","E","         4","E","  -21.5","E,1230, ","   320"," ,E,0227, ","  40.7"," ,E,0226, ","   34.1","E,0823, ","-0.8","E,1022","-2.2","E,1024","-4.8","E,1207","-9.8","E,1223","-9.8","E,1223","0.0","E,0418","-2.5","E,0329","-10.1","E,0304","-10.1","E,0304","-10.1","E,0304","    3060.0","0","    3060.0","E","    844.7"," ,E","      9.60","E","     14.31","E","      4.88","E"
"GM000004204","1951","50.9267","11.5842","155.0","JENA STERNWARTE, GM","    100.7","","     100.7","E","       130","E","        70","E","         2","E","       16","","         1","E","        81","E","         6","E","        96","E","         3","E","  -18.2","E,0101, ","   220"," ,E,0101, ","  33.7"," ,E,0801, ","   32.9","E,0801,+","-0.3","E,1007","-2.3","E,1009","-5.3","E,1214","","","","","-0.1","E,0512","-2.9","E,0423","-5.3","E,0311","-8.2","E,0304","-18.2","E,0101","    3388.9","9","    3388.9","E","    645.6"," ,E","      9.83","E","     14.48","E","      5.18","E"
"GM000004204","1952","50.9267","11.5842","155.0","JENA STERNWARTE, GM","    130.9","","     130.9","E","       169","E","        73","E","         2","E","       24","","         0","E","       100","E","        18","E","        90","E","         7","E","  -11.7","E,0215, ","   100"," ,E,0129,+","  68.6"," ,E,0912, ","   37.5","E,0702, ","-0.8","E,1013","-3.7","E,1116","-7.7","E,1117","-7.7","E,1117","","","0.0","E,0520","-2.7","E,0403","-7.3","E,0328","-7.3","E,0328","-11.7","E,0215","    3182.4","4","    3182.4","E","    685.6"," ,E","      9.01","E","     13.38","E","      4.63","E"
"GM000004204","1953","50.9267","11.5842","155.0","JENA STERNWARTE, GM","    114.8","","     114.8","E","       121","E","        58","E","         2","E","       35","","         0","E","        96","E","        14","E","       102","E","         2","E","  -13.3","E,0208, ","   370"," ,E,0107, ","  45.0"," ,E,0626, ","   32.8","E,0902, ","-0.6","E,1010","-2.5","E,1117","-6.2","E,1125","","","","","-1.2","E,0508","-2.2","E,0328","-7.7","E,0315","-7.7","E,0315","-9.1","E,0209","    3491.7","7","    3491.7","E","    541.6"," ,E","     10.00","E","     15.07","E","      4.93","E"
"GM000004204","1954","50.9267","11.5842","155.0","JENA STERNWARTE, GM","     67.9","","      67.9","E","       154","E","        74","E","         4","E","       11","","         3","E","        99","E","        30","E","        77","E","         3","E","  -19.2","E,0201, ","   220"," ,E,0111, ","  39.7"," ,E,0905, ","   33.2","E,0620, ","-1.0","E,1027","-4.0","E,1117","-4.4","E,1121","-7.1","E,1122","","","-0.6","E,0515","-3.6","E,0412","-4.6","E,0411","-7.1","E,0224","-12.6","E,0223","    3527.0","0","    3527.0","E","    666.8"," ,E","      8.68","E","     13.31","E","      4.05","E"
"GM000004204","1955","50.9267","11.5842","155.0","JENA STERNWARTE, GM","     71.6","","      71.6","E","       156","E","        77","E","         2","E","       43","","         0","E","       111","E","        25","E","        87","E","         0","E","  -15.4","E,0223, ","   150"," ,E,0221, ","  36.7"," ,E,0713, ","   31.6","E,0718, ","-1.6","E,1019","-3.5","E,1101","-5.8","E,1125","-7.1","E,1126","-9.3","E,1213","-0.2","E,0522","-2.7","E,0426","-7.2","E,0331","-7.2","E,0331","-9.3","E,0321","    3615.3","3","    3615.3","E","    689.5"," ,E","      8.47","E","     13.21","E","      3.72","E"
"GM000004204","1956","50.9267","11.5842","155.0","JENA STERNWARTE, GM","     39.3","","      39.3","E","       170","E","        86","E","         5","E","       49","","        14","E","       103","E","        42","E","        84","E","         0","E","  -23.1","E,0219, ","   230"," ,E,0223,+","  54.2"," ,E,0714, ","   29.9","E,0531, ","-0.6","E,1028","-4.3","E,1031","-7.7","E,1101","-7.7","E,1101","-9.5","E,1121","-0.3","E,0423","-7.6","E,0408","-7.6","E,0408","-7.6","E,0408","-16.0","E,0227","    3798.3","3","    3798.3","E","    842.0"," ,E","      7.72","E","     12.45","E","      3.00","E"
"GM000004204","1957","50.9267","11.5842","155.0","JENA STERNWARTE, GM","    129.0","","     129.0","E","       153","E","        59","E","         1","E","        4","","         0","E","        78","E","        10","E","        81","E","         8","E","  -13.8","E,1216, ","    50"," ,E,0102,+","  39.2"," ,E,0604, ","   37.2","E,0704, ","-0.6","E,1005","-3.4","E,1120","-7.3","E,1130","-7.3","E,1130","-13.8","E,1216","-0.1","E,0529","-2.3","E,0508","-4.5","E,0311","-9.2","E,0123","-9.2","E,0123","    3259.9","9","    3259.9","E","    496.7"," ,E","      9.68","E","     14.63","E","      4.73","E"
"GM000004204","1958","50.9267","11.5842","155.0","JENA STERNWARTE, GM","     73.0","","      73.0","E","       164","E","        77","E","         1","E","       17","","         0","E","        83","E","         8","E","        99","E","         2","E","  -12.7","E,0104, ","   150"," ,E,0321, ","  33.5"," ,E,0627, ","   33.2","E,0716, ","-0.7","E,1124","-4.5","E,1202","-4.5","E,1202","","","","","-0.1","E,0505","-2.2","E,0411","-5.4","E,0402","-7.5","E,0325","-10.5","E,0323","    3519.7","7","    3519.7","E","    656.7"," ,E","      9.46","E","     14.01","E","      4.91","E"
"GM000004204","1959","50.9267","11.5842","155.0","JENA STERNWARTE, GM","    137.7","","     137.7","E","        99","E","        39","E","         2","E","       23","","         0","E","        96","E","        14","E","       121","E","         3","E","  -13.7","E,0116, ","   150"," ,E,0110, ","  45.7"," ,E,1029, ","   37.3","E,0711, ","-0.2","E,0918","-3.4","E,1006","-5.0","E,1125","","","","","0.0","E,0425","-3.1","E,0314","-6.9","E,0215","-6.9","E,0215","-10.6","E,0213","    2984.8","8","    2984.8","E","    427.2"," ,E","     10.10","E","     15.66","E","      4.54","E"
"GM000004204","1960","50.9267","11.5842","155.0","JENA STERNWARTE, GM","     75.8","","      75.8","E","       155","E","        72","E","         3","E","       19","","         2","E","        80","E","        18","E","        89","E","         1","E","  -21.5","E,0115, ","   190"," ,E,0114, ","  28.1"," ,E,1016, ","   32.5","E,0730, ","-0.3","E,1015","-4.7","E,1110","-4.7","E,1110","","","","","-0.7","E,0503","-2.3","E,0324","-4.4","E,0308","-11.3","E,0210","-11.3","E,0210","    3313.9","9","    3313.9","E","    655.6"," ,E","      9.52","E","     13.97","E","      5.08","E"
"GM000004204","1961","50.9267","11.5842","155.0","JENA STERNWARTE, GM","     94.1","","      94.1","E","       164","E","        72","E","         1","E","        6","","         0","E","        61","E","        19","E","        92","E","         3","E","  -17.6","E,0119, ","    60"," ,E,0115, ","  30.9"," ,E,0609, ","   34.2","E,0702, ","-1.5","E,1111","-2.6","E,1120","-7.0","E,1121","-7.0","E,1121","-11.9","E,1215","-3.5","E,0322","-3.5","E,0322","-8.1","E,0128","-8.1","E,0128","-17.4","E,0127","    3021.1","1","    3021.1","E","    595.5"," ,E","     10.23","E","     14.94","E","      5.51","E"
"GM000004204","1962","50.9267","11.5842","155.0","JENA STERNWARTE, GM","     69.4","","      69.4","E","       146","E","        63","E","         0","E","       27","","         1","E","       102","E","        27","E","        81","E","         0","E","  -17.9","E,1227, ","   110"," ,E,1123,+","  17.4"," ,E,0212, ","   31.7","E,0812, ","-0.3","E,1022","-2.2","E,1103","-8.0","E,1121","-8.0","E,1121","-10.6","E,1124","-0.3","E,0411","-5.0","E,0326","-5.0","E,0326","-6.8","E,0323","-13.8","E,0314","    3422.7","7","    3422.7","E","    439.3"," ,E","      8.22","E","     12.96","E","      3.49","E"
"GM000004204","1963","50.9267","11.5842","155.0","JENA STERNWARTE, GM","     95.9","","      95.9","E","       137","E","        61","E","         0","E","       78","","         4","E","       118","E","        61","E","        94","E","         5","E","  -19.6","E,1224, ","   220"," ,E,0203,+","  22.6"," ,E,0411, ","   35.2","E,0803, ","-1.4","E,1016","-4.8","E,1203","-4.8","E,1203","-7.7","E,1209","-14.8","E,1214","-1.2","E,0427","-2.4","E,0405","-4.7","E,0323","-10.6","E,0305","-10.6","E,0305","    4079.1","1","    4079.1","E","    485.7"," ,E","      8.09","E","     12.92","E","      3.27","E"
"GM000004204","1964","50.9267","11.5842","155.0","JENA STERNWARTE, GM","    173.8","","     173.8","E","       123","E","        43","E","         1","E","       20","","         0","E","        94","E","        32","E","       112","E","        13","E","  -15.4","E,0118, ","    60"," ,E,1229,+","  26.0"," ,E,0520, ","   35.8","E,0827, ","0.0","E,0923","-2.4","E,1026","-5.8","E,1223","-8.6","E,1224","-9.9","E,1225","-9.6","E,0319","-9.6","E,0319","-9.6","E,0319","-9.6","E,0319","-9.6","E,0319","    3515.2","2","    3515.2","E","    416.7"," ,E","      9.20","E","     14.00","E","      4.40","E"
"GM000004204","1965","50.9267","11.5842","155.0","JENA STERNWARTE, GM","     56.2","","      56.2","E","       197","E","        85","E","         1","E","       45","","         1","E","        83","E","        18","E","        75","E","         1","E","  -18.0","E,0308, ","   220"," ,E,0304,+","  33.5"," ,E,0428, ","   32.4","E,0714, ","-1.6","E,1022","-3.4","E,1023","-4.6","E,1105","-7.0","E,1116","-8.9","E,1117","-0.5","E,0420","-4.2","E,0314","-7.2","E,0313","-7.2","E,0313","-9.8","E,0311","    3444.4","4","    3444.4","E","    688.5"," ,E","      8.80","E","     13.27","E","      4.33","E"
"GM000004204","1966","50.9267","11.5842","155.0","JENA STERNWARTE, GM","     94.4","","      94.4","E","       188","E","        87","E","         1","E","       25","","         3","E","        72","E","        20","E","        90","E","         3","E","  -20.7","E,0117, ","   210"," ,E,0115, ","  34.8"," ,E,0428, ","   35.9","E,0813, ","-4.2","E,1031","-4.2","E,1031","-5.1","E,1101","","","","","0.0","E,0330","-3.0","E,0321","-4.8","E,0320","-7.3","E,0210","-16.5","E,0121","    3340.9","9","    3340.9","E","    722.6"," ,E","      9.78","E","     14.24","E","      5.32","E"
"GM000004204","1967","50.9267","11.5842","155.0","JENA STERNWARTE, GM","    106.0","","     106.0","E","       160","E","        74","E","         2","E","       13","","         0","E","        75","E","        11","E","       111","E","         5","E","  -13.6","E,0110, ","   130"," ,E,0108,+","  34.3"," ,E,0530, ","   34.4","E,0625, ","-0.3","E,1019","-3.4","E,1108","-5.2","E,1121","-10.9","E,1210","-10.9","E,1210","-1.4","E,0425","-2.6","E,0225","-7.5","E,0216","-7.5","E,0216","-10.0","E,0215","    3168.8","8","    3168.8","E","    573.5"," ,E","     10.13","E","     15.09","E","      5.17","E"
"GM000004204","1968","50.9267","11.5842","155.0","JENA STERNWARTE, GM","     69.0","","      69.0","E","       169","E","        72","E","         1","E","       26","","         0","E","       101","E","        27","E","        85","E","         1","E","  -16.9","E,1230, ","   150"," ,E,0111, ","  37.2"," ,E,0706, ","   32.5","E,0422, ","0.0","E,1020","-4.5","E,1114","-4.5","E,1114","-7.8","E,1210","-10.6","E,1211","-0.3","E,0415","-2.3","E,0414","-4.8","E,0412","-7.7","E,0303","-11.1","E,0226","    3213.1","1","    3213.1","E","    650.0"," ,E","      9.18","E","     13.74","E","      4.62","E"
"GM000004204","1969","50.9267","11.5842","155.0","JENA STERNWARTE, GM","    150.3","","     150.3","E","       145","E","        71","E","         2","E","       53","","         3","E","       117","E","        39","E","       101","E","         5","E","  -23.5","E,1221, ","   210"," ,E,1220,+","  28.2"," ,E,0506, ","   33.9","E,0729,+","-2.2","E,1106","-2.2","E,1106","-5.1","E,1107","-7.8","E,1204","-9.4","E,1205","-3.5","E,0421","-3.5","E,0421","-6.0","E,0321","-7.6","E,0307","-8.9","E,0304","    3618.9","9","    3618.9","E","    616.6"," ,E","      8.78","E","     13.46","E","      4.10","E"
"GM000004204","1970","50.9267","11.5842","155.0","JENA STERNWARTE, GM","    118.0","","     118.0","E","       169","E","        82","E","         1","E","       70","","         0","E","        95","E","        26","E","        90","E","         1","E","  -15.1","E,0202, ","   370"," ,E,0106, ","  30.8"," ,E,0820, ","   33.7","E,0622, ","-0.3","E,1016","-2.2","E,1125","-4.4","E,1225","-7.8","E,1227","-11.3","E,1231","-2.8","E,0408","-2.8","E,0408","-6.8","E,0311","-6.8","E,0311","-9.5","E,0308","    3644.5","5","    3644.5","E","    668.9"," ,E","      9.09","E","     13.46","E","      4.71","E"
"GM000004204","1971","50.9267","11.5842","155.0","JENA STERNWARTE, GM","    150.9","","     150.9","E","       123","E","        52","E","         2","E","       38","","         1","E","        89","E","        20","E","       103","E","        11","E","  -19.3","E,0106, ","   210"," ,E,0101, ","  35.2"," ,E,1118, ","   36.8","E,0727, ","-0.2","E,1005","-3.8","E,1017","-9.5","E,1120","-9.5","E,1120","-9.5","E,1120","-1.4","E,0430","-2.5","E,0329","-8.2","E,0312","-8.2","E,0312","-16.8","E,0306","    3314.8","8","    3314.8","E","    508.2"," ,E","      9.65","E","     14.66","E","      4.62","E"
"GM000004204","1972","50.9267","11.5842","155.0","JENA STERNWARTE, GM","     99.7","","      99.7","E","       128","E","        61","E","         0","E","        8","","         0","E","        90","E","        17","E","        73","E","         6","E","  -14.7","E,0117, ","    40"," ,E,1118, ","  21.1"," ,E,0815, ","   33.1","E,0720, ","-0.9","E,1002","-2.5","E,1004","-6.8","E,1126","-6.8","E,1126","-9.2","E,1223","-3.6","E,0426","-3.6","E,0426","-4.7","E,0313","-7.0","E,0312","-10.5","E,0202","    3305.8","8","    3305.8","E","    499.6"," ,E","      8.93","E","     13.49","E","      4.38","E"
"GM000004204","1973","50.9267","11.5842","155.0","JENA STERNWARTE, GM","    121.6","","     121.6","E","       143","E","        57","E","         0","E","        8","","         0","E","        89","E","         9","E","       102","E","         4","E","  -15.8","E,1201, ","    90"," ,E,1202, ","  18.1"," ,E,0715, ","   33.5","E,0905, ","-0.3","E,1012","-2.3","E,1028","-11.3","E,1130","-11.3","E,1130","-11.3","E,1130","-0.2","E,0426","-2.2","E,0414","-7.2","E,0228","-7.2","E,0228","-9.8","E,0103","    3455.5","5","    3455.5","E","    479.2"," ,E","      9.49","E","     14.20","E","      4.78","E"
"GM000004204","1974","50.9267","11.5842","155.0","JENA STERNWARTE, GM","     63.8","","      63.8","E","       169","E","        91","E","         1","E","        2","","         0","E","        36","E","         0","E","        82","E","         5","E","   -4.7","E,0221, ","    30"," ,E,1213,+","  38.3"," ,E,1022, ","   35.9","E,0816, ","-0.6","E,1106","-2.4","E,1108","","","","","","","-0.2","E,0418","-3.1","E,0312","-4.7","E,0221","","","","","    3116.0","0","    3116.0","E","    727.4"," ,E","     10.14","E","     14.49","E","      5.79","E"
"GM000004204","1975","50.9267","11.5842","155.0","JENA STERNWARTE, GM","    158.0","","     158.0","E","       130","E","        59","E","         0","E","        0","","         0","E","        62","E","         5","E","       105","E","         4","E","  -12.3","E,1219, ","    10"," ,E,1220,+","  22.8"," ,E,0618, ","   33.2","E,0811,+","-0.4","E,1011","-7.4","E,1123","-7.4","E,1123","-7.4","E,1123","-10.1","E,1124","-0.2","E,0406","-2.8","E,0401","-5.3","E,0322","-7.8","E,0217","","","    3111.5","5","    3111.5","E","    499.1"," ,E","     10.17","E","     14.68","E","      5.67","E"
"GM000004204","1976","50.9267","11.5842","155.0","JENA STERNWARTE, GM","    127.4","","     127.4","E","       125","E","        57","E","         2","E","       24","","         0","E","        88","E","        18","E","       102","E","         8","E","  -15.2","E,1230, ","    70"," ,E,0127,+","  30.9"," ,E,0720, ","   35.4","E,0704, ","-1.2","E,1106","-2.2","E,1122","-5.1","E,1214","-10.3","E,1229","-10.3","E,1229","-0.2","E,0501","-2.2","E,0430","-5.8","E,0324","-7.2","E,0320","-9.3","E,0311","    3295.9","9","    3295.9","E","    447.8"," ,E","      9.55","E","     14.48","E","      4.62","E"
"GM000004204","1977","50.9267","11.5842","155.0","JENA STERNWARTE, GM","     66.7","","      66.7","E","       152","E","        76","E","         3","E","       14","","         0","E","        54","E","         6","E","        81","E","         0","E","  -10.7","E,0114, ","   160"," ,E,0113, ","  59.6"," ,E,0821, ","   31.4","E,0610, ","-2.5","E,1128","-2.5","E,1128","-5.3","E,1129","-7.4","E,1205","","","-1.6","E,0420","-4.2","E,0401","-4.7","E,0331","-8.7","E,0203","-10.7","E,0114","    3186.4","4","    3186.4","E","    800.0"," ,E","      9.95","E","     14.10","E","      5.81","E"
"GM000004204","1978","50.9267","11.5842","155.0","JENA STERNWARTE, GM","     65.4","","      65.4","E","       153","E","        65","E","         2","E","       19","","         0","E","        81","E","        19","E","        66","E","         0","E","  -16.6","E,1231, ","   160"," ,E,1231, ","  31.7"," ,E,0807,+","   31.3","E,0729,+","-0.2","E,1103","-2.8","E,1108","-4.4","E,1111","-9.7","E,1205","-9.7","E,1205","-0.5","E,0512","-2.3","E,0417","-4.5","E,0407","-15.6","E,0221","-15.6","E,0221","    3228.3","3","    3228.3","E","    562.3"," ,E","      9.07","E","     13.21","E","      4.93","E"
"GM000004204","1979","50.9267","11.5842","155.0","JENA STERNWARTE, GM","     85.9","","      85.9","E","       159","E","        77","E","         2","E","       63","","         2","E","        95","E","        19","E","        90","E","         1","E","  -19.2","E,0107, ","   180"," ,E,0102, ","  29.1"," ,E,0416, ","   33.0","E,0603, ","-0.4","E,1003","-3.2","E,1024","-5.5","E,1026","","","","","-0.1","E,0511","-2.2","E,0325","-8.0","E,0227","-8.0","E,0227","-9.7","E,0226","    3616.9","9","    3616.9","E","    648.6"," ,E","      8.95","E","     13.28","E","      4.62","E"
"GM000004204","1980","50.9267","11.5842","155.0","JENA STERNWARTE, GM","     65.1","","      65.1","E","       172","E","        72","E","         3","E","       46","","         0","E","        90","E","        25","E","        67","E","         2","E","  -14.8","E,0114, ","   120"," ,E,1108, ","  53.1"," ,E,0424, ","   33.5","E,0803, ","-0.6","E,1011","-4.7","E,1102","-4.7","E,1102","-7.2","E,1201","","","0.0","E,0506","-3.2","E,0323","-5.5","E,0321","-13.4","E,0128","-13.4","E,0128","    3471.9","9","    3471.9","E","    698.6"," ,E","      8.83","E","     12.96","E","      4.69","E"
"GM000004204","1981","50.9267","11.5842","155.0","JENA STERNWARTE, GM","    110.7","","     110.7","E","       198","E","        95","E","         5","E","       60","","         1","E","        87","E","        22","E","        91","E","         1","E","  -18.5","E,1221, ","   180"," ,E,1226, ","  49.8"," ,E,0427, ","   32.2","E,0807, ","-0.3","E,1025","-3.2","E,1117","-4.8","E,1211","-10.4","E,1213","-10.4","E,1213","0.0","E,0425","-2.2","E,0424","-9.4","E,0228","-9.4","E,0228","-9.4","E,0228","    3258.8","8","    3258.8","E","    843.1"," ,E","      9.57","E","     13.83","E","      5.31","E"
"GM000004204","1982","50.9267","11.5842","155.0","JENA STERNWARTE, GM","    183.7","","     183.7","E","       122","E","        56","E","         0","E","       16","","         2","E","        76","E","        13","E","       118","E","         4","E","  -18.9","E,0111, ","    40"," ,E,0121,+","  21.1"," ,E,0510, ","   34.8","E,0715,+","-3.6","E,1106","-3.6","E,1106","-5.1","E,1107","","","","","-0.9","E,0423","-2.4","E,0414","-7.0","E,0227","-7.0","E,0227","-8.9","E,0121","    3453.3","3","    3453.3","E","    388.7"," ,E","     10.28","E","     15.19","E","      5.37","E"
"GM000004204","1983","50.9267","11.5842","155.0","JENA STERNWARTE, GM","    195.6","","     195.6","E","       150","E","        64","E","         2","E","       22","","         0","E","        73","E","        17","E","       100","E","         6","E","  -14.8","E,0216, ","   120"," ,E,0213, ","  30.4"," ,E,0626, ","   35.0","E,0801, ","-1.2","E,1023","-2.4","E,1024","-5.7","E,1113","-9.8","E,1114","-9.8","E,1114","-1.6","E,0404","-5.1","E,0313","-5.1","E,0313","-8.4","E,0225","-10.2","E,0224","    2856.3","3","    2856.3","E","    585.0"," ,E","     10.37","E","     15.03","E","      5.71","E"
"GM000004204","1984","50.9267","11.5842","155.0","JENA STERNWARTE, GM","     76.6","","      76.6","E","       157","E","        78","E","         2","E","       12","","         0","E","        79","E","         8","E","        71","E","         3","E","  -11.4","E,0218,+","   100"," ,E,0403, ","  27.0"," ,E,1122, ","   37.7","E,0711, ","-3.9","E,1114","-3.9","E,1114","-5.1","E,1225","","","","","-1.8","E,0429","-4.3","E,0324","-5.2","E,0322","-10.7","E,0219","-10.7","E,0219","    3392.2","2","    3392.2","E","    663.8"," ,E","      9.25","E","     13.34","E","      5.16","E"
"GM000004204","1985","50.9267","11.5842","155.0","JENA STERNWARTE, GM","     95.4","","      95.4","E","       151","E","        57","E","         0","E","       65","","         2","E","        99","E","        37","E","        96","E","         2","E","  -20.9","E,0212, ","   270"," ,E,0113, ","  20.8"," ,E,0620, ","   34.5","E,0814, ","-0.7","E,1023","-4.2","E,1104","-5.7","E,1117","-12.1","E,1231","-12.1","E,1231","-0.1","E,0504","-2.8","E,0314","-9.1","E,0223","-9.1","E,0223","-9.1","E,0223","    3521.2","2","    3521.2","E","    467.5"," ,E","      8.86","E","     13.39","E","      4.34","E"
"GM000004204","1986","50.9267","11.5842","155.0","JENA STERNWARTE, GM","    142.5","","     142.5","E","       153","E","        70","E","         1","E","       45","","         2","E","        78","E","        33","E","        83","E","         4","E","  -18.4","E,0209, ","   150"," ,E,0221,+","  40.9"," ,E,1022, ","   35.1","E,0803, ","-0.5","E,1103","-2.2","E,1108","-4.7","E,1129","","","","","-3.4","E,0414","-3.4","E,0414","-7.4","E,0413","-7.4","E,0413","-18.2","E,0228","    3440.6","6","    3440.6","E","    670.8"," ,E","      9.28","E","     13.77","E","      4.80","E"
"GM000004204","1987","50.9267","11.5842","155.0","JENA STERNWARTE, GM","     87.6","","      87.6","E","       165","E","        83","E","         2","E","       62","","         6","E","        95","E","        36","E","        87","E","         1","E","  -23.5","E,0114, ","   220"," ,E,0117, ","  29.3"," ,E,0708, ","   33.5","E,0630, ","-0.2","E,1109","-4.0","E,1204","-6.2","E,1205","-9.1","E,1208","-9.1","E,1208","-0.1","E,0413","-11.2","E,0315","-11.2","E,0315","-11.2","E,0315","-11.2","E,0315","    3666.5","5","    3666.5","E","    720.7"," ,E","      8.50","E","     12.89","E","      4.10","E"
"GM000004204","1988","50.9267","11.5842","155.0","JENA STERNWARTE, GM","     95.2","","      95.2","E","       171","E","        73","E","         0","E","       15","","         0","E","        65","E","         2","E","        97","E","         4","E","   -8.9","E,1122, ","   200"," ,E,0302,+","  20.5"," ,E,1130, ","   33.5","E,0723, ","-1.2","E,1030","-3.2","E,1103","-6.2","E,1104","-8.9","E,1122","-8.9","E,1122","-0.8","E,0427","-2.7","E,0425","-6.4","E,0310","","","","","    3022.3","3","    3022.3","E","    575.3"," ,E","     10.43","E","     14.91","E","      5.95","E"
"GM000004204","1989","50.9267","11.5842","155.0","JENA STERNWARTE, GM","    142.9","","     142.9","E","       137","E","        63","E","         0","E","        0","","         0","E","        69","E","         6","E","       110","E","         5","E","   -9.9","E,1201, ","    20"," ,E,1125,+","  23.0"," ,E,0422, ","   36.0","E,0816, ","-0.8","E,1108","-3.3","E,1113","-7.1","E,1118","-7.1","E,1118","-9.9","E,1201","-0.4","E,0402","-3.8","E,0222","-4.9","E,0204","","","","","    2870.2","2","    2870.2","E","    445.9"," ,E","     10.79","E","     15.87","E","      5.72","E"
"GM000004204","1990","50.9267","11.5842","155.0","JENA STERNWARTE, GM","    121.7","","     121.7","E","       147","E","        64","E","         1","E","        0","","         0","E","        55","E","         2","E","       101","E","         5","E","   -7.6","E,0108, ","    20"," ,E,1219,+","  42.0"," ,E,0610, ","   35.6","E,0804, ","-2.4","E,1022","-2.4","E,1022","-6.4","E,1201","-6.9","E,1208","","","-3.9","E,0410","-3.9","E,0410","-7.6","E,0108","-7.6","E,0108","","","    2778.8","8","    2778.8","E","    508.5"," ,E","     10.81","E","     15.74","E","      5.87","E"
"GM000004204","1991","50.9267","11.5842","155.0","JENA STERNWARTE, GM","    148.2","","     148.2","E","       140","E","        52","E","         0","E","       14","","         0","E","        88","E","        13","E","        94","E","         4","E","  -15.5","E,0206, ","   160"," ,E,0217, ","  21.4"," ,E,0617, ","   36.2","E,0712, ","-1.3","E,1021","-4.4","E,1027","-4.4","E,1027","-9.9","E,1210","-9.9","E,1210","0.0","E,0508","-3.3","E,0421","-6.6","E,0219","-8.2","E,0218","-10.6","E,0209","    3353.9","9","    3353.9","E","    390.6"," ,E","      9.53","E","     14.46","E","      4.60","E"
"GM000004204","1992","50.9267","11.5842","155.0","JENA STERNWARTE, GM","    215.0","","     215.0","E","       150","E","        65","E","         2","E","        5","","         0","E","        60","E","        10","E","       114","E","         7","E","  -10.7","E,1230, ","    90"," ,E,0219, ","  36.7"," ,E,0705, ","   37.9","E,0809, ","-2.9","E,1013","-2.9","E,1013","-5.2","E,1225","-8.1","E,1226","-10.7","E,1230","-1.4","E,0421","-3.1","E,0219","-6.6","E,0218","-7.0","E,0126","-8.9","E,0123","    2999.1","1","    2999.1","E","    555.2"," ,E","     10.64","E","     15.31","E","      5.97","E"
"GM000004204","1993","50.9267","11.5842","155.0","JENA STERNWARTE, GM","     77.4","","      77.4","E","       165","E","        70","E","         3","E","       29","","         0","E","        80","E","        27","E","       103","E","         0","E","  -16.1","E,0103, ","   120"," ,E,0129, ","  65.9"," ,E,0705, ","   31.8","E,0730, ","-1.9","E,1018","-3.0","E,1019","-5.9","E,1119","-7.9","E,1121","-11.6","E,1124","-0.5","E,0411","-5.5","E,0331","-5.5","E,0331","-8.1","E,0205","-9.9","E,0203","    3077.0","0","    3077.0","E","    716.1"," ,E","      9.58","E","     14.13","E","      5.03","E"
"GM000004204","1994","50.9267","11.5842","155.0","JENA STERNWARTE, GM","    225.7","","     225.7","E","       152","E","        79","E","         1","E","        2","","         0","E","        45","E","         6","E","        99","E","        13","E","  -11.5","E,0218, ","    40"," ,E,0224,+","  57.6"," ,E,0412, ","   35.9","E,0805, ","-0.6","E,1007","-3.7","E,1018","-4.4","E,1225","","","","","-0.4","E,0415","-2.2","E,0328","-8.1","E,0222","-8.1","E,0222","-8.9","E,0220","    3205.5","5","    3205.5","E","    721.9"," ,E","     11.02","E","     15.51","E","      6.54","E"
"GM000004204","1995","50.9267","11.5842","155.0","JENA STERNWARTE, GM","    188.2","","     188.2","E","       170","E","        79","E","         4","E","       24","","         0","E","        78","E","        24","E","        98","E","         6","E","  -14.8","E,1230, ","   100"," ,E,0209,+","  37.3"," ,E,0530, ","   35.2","E,0721, ","-0.2","E,1022","-3.5","E,1106","-5.5","E,1121","-7.0","E,1206","-9.2","E,1228","-0.5","E,0331","-6.6","E,0330","-6.6","E,0330","-8.3","E,0114","-11.6","E,0108","    2974.1","1","    2974.1","E","    759.3"," ,E","     10.21","E","     14.54","E","      5.87","E"
"GM000004204","1996","50.9267","11.5842","155.0","JENA STERNWARTE, GM","     94.3","","      94.3","E","       163","E","        63","E","         3","E","       31","","         1","E","       104","E","        46","E","        80","E","         1","E","  -20.9","E,1229, ","    90"," ,E,1231, ","  31.9"," ,E,0807,+","   33.6","E,0607, ","-0.1","E,1025","-3.6","E,1210","-6.0","E,1214","-6.7","E,1215","-11.1","E,1221","-1.4","E,0415","-2.2","E,0402","-5.0","E,0328","-13.0","E,0224","-13.0","E,0224","    3584.4","4","    3584.4","E","    609.3"," ,E","      8.30","E","     12.29","E","      4.30","E"
"GM000004204","1997","50.9267","11.5842","155.0","JENA STERNWARTE, GM","    159.5","","     159.5","E","       148","E","        62","E","         1","E","       26","","         0","E","        67","E","        14","E","       101","E","         0","E","  -17.1","E,0102, ","   190"," ,E,1204, "," 110.0"," ,E,0718, ","   32.1","E,0825, ","-0.4","E,1021","-3.3","E,1022","-6.0","E,1028","-7.2","E,1120","-9.4","E,1216","-2.0","E,0422","-3.8","E,0421","-5.3","E,0203","-7.2","E,0202","-9.3","E,0109","    3365.5","5","    3365.5","E","    620.1"," ,E","     10.08","E","     14.60","E","      5.56","E"
"GM000004204","1998","50.9267","11.5842","155.0","JENA STERNWARTE, GM","    140.9","","     140.9","E","       177","E","        71","E","         0","E","       22","","         0","E","        68","E","        16","E","        93","E","         7","E","  -16.7","E,0201, ","    80"," ,E,1119, ","  24.4"," ,E,1001, ","   36.4","E,0811, ","-0.6","E,1108","-2.7","E,1113","-5.0","E,1121","-8.1","E,1122","-11.5","E,1209","-1.0","E,0415","-4.1","E,0326","-4.9","E,0325","-9.4","E,0205","-9.4","E,0205","    2853.3","3","    2853.3","E","    586.4"," ,E","     10.60","E","     14.79","E","      6.40","E"
"GM000004204","1999","50.9267","11.5842","155.0","JENA STERNWARTE, GM","    146.1","","     146.1","E","       156","E","        64","E","         1","E","       16","","         0","E","        58","E","         5","E","       109","E","         3","E","  -12.1","E,0212, ","    80"," ,E,0217,+","  44.3"," ,E,0706, ","   34.1","E,0705, ","-0.6","E,1017","-3.0","E,1115","-4.8","E,1116","","","","","0.0","E,0421","-2.8","E,0318","-10.7","E,0215","-10.7","E,0215","-10.7","E,0215","    3079.1","1","    3079.1","E","    589.9"," ,E","     10.84","E","     15.26","E","      6.41","E"
"GM000004204","2000","50.9267","11.5842","155.0","JENA STERNWARTE, GM","    132.9","","     132.9","E","       150","E","        65","E","         0","E","        4","","         0","E","        41","E","         5","E","       109","E","         5","E","  -11.6","E,0125, ","    60"," ,E,1227, ","  23.8"," ,E,0707, ","   35.4","E,0620, ","-0.5","E,1106","-3.5","E,1220","-7.4","E,1221","-7.4","E,1221","-10.4","E,1222","-0.5","E,0406","-3.0","E,0227","-8.2","E,0126","-8.2","E,0126","-11.6","E,0125","    2760.4","4","    2760.4","E","    544.0"," ,E","     11.37","E","     15.88","E","      6.85","E"
"GM000004204","2001","50.9267","11.5842","155.0","JENA STERNWARTE, GM","    161.0","","     161.0","E","       169","E","        79","E","         2","E","       19","","         0","E","        67","E","        11","E","       107","E","         5","E","  -12.3","E,1224, ","   130"," ,E,1223, ","  59.6"," ,E,0707, ","   35.9","E,0815, ","-2.8","E,1110","-2.8","E,1110","-8.9","E,1213","-8.9","E,1213","-8.9","E,1213","-2.0","E,0420","-4.0","E,0327","-4.9","E,0307","-8.2","E,0227","-8.9","E,0117","    2895.9","9","    2895.9","E","    639.0"," ,E","     10.40","E","     14.64","E","      6.16","E"
"GM000004204","2002","50.9267","11.5842","155.0","JENA STERNWARTE, GM","    190.3","","     190.3","E","       153","E","        86","E","         3","E","        9","","         0","E","        53","E","        13","E","       100","E","         4","E","  -15.1","E,0104, ","   100"," ,E,0101, ","  29.0"," ,E,0827, ","   35.8","E,0709, ","-2.6","E,1106","-2.6","E,1106","-4.5","E,1207","-6.8","E,1208","-13.1","E,1210","-0.3","E,0412","-2.2","E,0409","-4.6","E,0216","-9.0","E,0116","-9.0","E,0116","    2858.8","8","    2858.8","E","    759.6"," ,E","     10.81","E","     15.07","E","      6.55","E"
"GM000004204","2003","50.9267","11.5842","155.0","JENA STERNWARTE, GM","    286.8","","     286.8","E","       119","E","        50","E","         3","E","        9","","         0","E","        91","E","        19","E","       124","E","        16","E","  -14.7","E,0109, ","    70"," ,E,1223, ","  40.5"," ,E,0911, ","   37.1","E,0813, ","-0.2","E,1014","-4.7","E,1018","-4.7","E,1018","-8.5","E,1223","","","-0.9","E,0413","-2.2","E,0412","-5.8","E,0409","-7.1","E,0222","-9.5","E,0218","    3122.1","1","    3122.1","E","    482.7"," ,E","     10.56","E","     15.57","E","      5.54","E"
"GM000004204","2004","50.9267","11.5842","155.0","JENA STERNWARTE, GM","    127.0","","     127.0","E","       154","E","        62","E","         2","E","       13","","         0","E","        77","E","         7","E","       103","E","         0","E","   -9.9","E,0104, ","    60"," ,E,0310,+","  37.6"," ,E,0720, ","   32.0","E,0812, ","-2.3","E,1012","-2.3","E,1012","-5.1","E,1211","-7.8","E,1221","","","0.0","E,0412","-2.2","E,0328","-4.4","E,0327","-8.0","E,0123","-9.4","E,0106","    3129.3","3","    3129.3","E","    580.5"," ,E","     10.14","E","     14.67","E","      5.61","E"
"GM000004204","2005","50.9267","11.5842","155.0","JENA STERNWARTE, GM","    162.5","","     162.5","E","       155","E","        59","E","         0","E","       40","","         0","E","        80","E","        15","E","       101","E","         6","E","  -11.4","E,0224, ","   170"," ,E,0227, ","  23.8"," ,E,0729, ","   34.8","E,0528, ","-1.5","E,1019","-2.4","E,1119","-4.6","E,1127","-8.4","E,1230","","","-1.4","E,0422","-2.4","E,0322","-5.4","E,0310","-8.7","E,0307","-10.5","E,0303","    3156.8","8","    3156.8","E","    486.0"," ,E","     10.17","E","     15.09","E","      5.24","E"
"GM000004204","2006","50.9267","11.5842","155.0","JENA STERNWARTE, GM","    238.5","","     238.5","E","       150","E","        74","E","         2","E","       21","","         0","E","        79","E","        14","E","       119","E","        13","E","  -13.5","E,0124, ","   110"," ,E,0313,+","  40.6"," ,E,0806, ","   37.6","E,0720, ","-1.1","E,1102","-4.2","E,1227","","","","","","","-1.0","E,0406","-4.7","E,0324","-4.7","E,0324","-9.0","E,0314","-9.0","E,0314","    3335.1","1","    3335.1","E","    595.6"," ,E","     10.71","E","     15.56","E","      5.86","E"
"GM000004204","2007","50.9267","11.5842","155.0","JENA STERNWARTE, GM","    159.9","","     159.9","E","       155","E","        72","E","         5","E","        1","","         0","E","        50","E","         9","E","       109","E","         6","E","  -10.7","E,0126, ","    40"," ,E,0127, ","  59.3"," ,E,0928, ","   37.3","E,0716, ","-1.7","E,1116","-2.4","E,1216","-4.8","E,1220","-7.4","E,1222","","","-0.2","E,0421","-3.0","E,0207","-10.7","E,0126","-10.7","E,0126","-10.7","E,0126","    2333.2","2","    2333.2","E","    736.7"," ,E","     11.08","E","     15.94","E","      6.21","E"
"GM000004204","2008","50.9267","11.5842","155.0","JENA STERNWARTE, GM","    175.0","","     175.0","E","       145","E","        65","E","         0","E","        2","","         0","E","        66","E","         5","E","       114","E","        10","E","  -10.0","E,1230, ","    50"," ,E,0323, ","  18.8"," ,E,1201,+","   35.2","E,0702, ","-0.2","E,1024","-3.6","E,1125","-6.5","E,1228","-8.3","E,1229","-10.0","E,1230","-1.6","E,0417","-6.5","E,0324","-6.5","E,0324","-7.2","E,0217","","","    3003.4","4","    3003.4","E","    531.1"," ,E","     10.71","E","     15.56","E","      5.87","E"
"GM000004204","2009","50.9267","11.5842","155.0","JENA STERNWARTE, GM","    144.3","","     144.3","E","       164","E","        80","E","         2","E","       23","","         2","E","        85","E","        16","E","       119","E","         3","E","  -20.7","E,0107, ","   100"," ,E,0106,+","  28.9"," ,E,0428, ","   35.1","E,0820, ","-0.7","E,1019","-2.9","E,1021","-6.5","E,1216","-13.2","E,1218","-13.2","E,1218","-1.0","E,0401","-2.8","E,0325","-9.0","E,0219","-9.0","E,0219","-9.0","E,0219","    3193.2","2","    3193.2","E","    698.0"," ,E","     10.22","E","     15.09","E","      5.35","E"
"GM000004204","2010","50.9267","11.5842","155.0","JENA STERNWARTE, GM","    187.5","","     187.5","E","       155","E","        87","E","         3","E","       94","","         0","E","       104","E","        54","E","        94","E","         9","E","  -16.3","E,0127, ","   400"," ,E,1227, ","  32.6"," ,E,0723, ","   36.6","E,0711, ","0.0","E,1023","-3.7","E,1126","-6.7","E,1127","-6.7","E,1127","-10.2","E,1201","-1.1","E,0423","-2.7","E,0312","-5.3","E,0311","-9.5","E,0310","-9.5","E,0310","    3312.5","5","    3312.5","E","    773.2"," ,E","      8.90","E","     13.46","E","      4.34","E"
"GM000004204","2011","50.9267","11.5842","155.0","JENA STERNWARTE, GM","    155.5","","     155.5","E","       131","E","        58","E","         1","E","        9","","         0","E","        85","E","        10","E","       128","E","         2","E","  -13.1","E,0223, ","   290"," ,E,0101, ","  32.2"," ,E,0710, ","   35.4","E,0826, ","-0.5","E,1015","-2.5","E,1112","","","","","","","-1.4","E,0329","-2.2","E,0320","-4.9","E,0308","-7.4","E,0307","-9.6","E,0224","    3198.7","7","    3198.7","E","    526.5"," ,E","     10.92","E","     16.24","E","      5.60","E"
"GM000004204","2012","50.9267","11.5842","155.0","JENA STERNWARTE, GM","    190.3","","     190.3","E","       144","E","        66","E","         1","E","","","         7","E","        64","E","        19","E","       118","E","        10","E","  -20.4","E,0207, ","","","  27.3"," ,E,0620, ","   37.6","E,0820, ","-2.1","E,1028","-4.2","E,1029","-4.6","E,1206","-8.4","E,1207","-11.7","E,1208","-1.3","E,0417","-2.4","E,0409","-7.3","E,0213","-7.3","E,0213","-18.8","E,0212","    2992.5","5","    2992.5","E","    557.4"," ,E","     10.43","E","     15.41","E","      5.45","E"
"GM000004204","2013","50.9267","11.5842","155.0","JENA STERNWARTE, GM","    189.4","","     189.4","E","       155","E","        64","E","         3","E","","","         0","E","        88","E","        23","E","       104","E","        11","E","  -12.6","E,0314, ","","","  36.5"," ,E,0530, ","   36.7","E,0727, ","-1.2","E,1003","-2.3","E,1125","-4.9","E,1127","","","","","-3.8","E,0408","-3.8","E,0408","-5.2","E,0326","-8.3","E,0324","-9.6","E,0316","    3345.4","4","    3345.4","E","    641.7"," ,E","      9.88","E","     14.16","E","      5.59","E"
"GM000004204","2014","50.9267","11.5842","155.0","JENA STERNWARTE, GM","    167.9","","     167.9","E","       137","E","        64","E","         1","E","","","         0","E","        59","E","         7","E","       111","E","         7","E","   -8.8","E,0126, ","","","  51.1"," ,E,0708, ","   35.3","E,0608, ","-0.3","E,1029","-2.2","E,1203","-5.1","E,1227","-6.9","E,1228","","","-1.0","E,0417","-2.4","E,0224","-8.8","E,0126","-8.8","E,0126","","","    2692.6","6","    2692.6","E","    585.2"," ,E","     11.59","E","     16.39","E","      6.79","E"
"GM000004204","2015","50.9267","11.5842","155.0","JENA STERNWARTE, GM","    271.7","","     271.7","E","       140","E","        60","E","         1","E","","","         0","E","        64","E","         2","E","       105","E","        21","E","   -5.8","E,0207, ","","","  39.5"," ,E,0816, ","   38.7","E,0807,+","-0.3","E,1011","-2.7","E,1012","","","","","","","-0.3","E,0419","-3.6","E,0323","-5.3","E,0215","","","","","    2844.7","7","    2844.7","E","    504.4"," ,E","     11.29","E","     16.36","E","      6.22","E"
"GM000004204","2016","50.9267","11.5842","155.0","JENA STERNWARTE, GM","    236.9","","     236.9","E","       160","E","        54","E","         1","E","","","         0","E","        72","E","         6","E","       124","E","        10","E","  -13.5","E,0122, ","","","  41.7"," ,E,0916, ","   36.4","E,0826, ","-0.3","E,1108","-4.3","E,1113","-5.7","E,1114","-6.7","E,1130","","","-0.6","E,0429","-2.3","E,0317","-4.7","E,0228","-13.5","E,0122","-13.5","E,0122","    2792.1","1","    2792.1","E","    530.7"," ,E","     10.90","E","     15.58","E","      6.22","E"
"GM000004204","2017","50.9267","11.5842","155.0","JENA STERNWARTE, GM","    204.5","","     204.5","E","       156","E","        79","E","         2","E","","","         0","E","        60","E","        12","E","       122","E","         6","E","  -12.4","E,0107, ","","","  53.9"," ,E,0519, ","   35.2","E,0622, ","-2.3","E,1129","-2.3","E,1129","","","","","","","-1.2","E,0420","-2.2","E,0313","-5.9","E,0214","-8.0","E,0128","-10.9","E,0123","    2940.0","0","    2940.0","E","    647.9"," ,E","     11.08","E","     15.79","E","      6.37","E"
"GM000004204","2018","50.9267","11.5842","155.0","JENA STERNWARTE, GM","    332.3","","     332.3","E","       111","E","        49","E","         2","E","","","         0","E","        70","E","        10","E","       149","E","        17","E","  -13.9","E,0227, ","","","  33.3"," ,E,0923, ","   37.8","E,0731, ","-1.8","E,1116","-4.0","E,1117","","","","","","","-0.8","E,0407","-8.7","E,0321","-8.7","E,0321","-8.7","E,0321","-10.6","E,0302","    2774.8","8","    2774.8","E","    415.1"," ,E","     11.66","E","     16.85","E","      6.46","E"
"GM000004204","2019","50.9267","11.5842","155.0","JENA STERNWARTE, GM","    281.0","","     281.0","E","       136","E","        58","E","         0","E","","","         0","E","        59","E","         5","E","       127","E","        16","E","  -10.2","E,0123, ","","","  21.5"," ,E,0909, ","   38.8","E,0630, ","-1.5","E,1031","-3.2","E,1101","-4.7","E,1229","","","","","-0.7","E,0416","-3.2","E,0224","-5.0","E,0201","-10.2","E,0123","-10.2","E,0123","    2720.2","2","    2720.2","E","    485.4"," ,E","     11.59","E","     16.83","E","      6.34","E"
"GM000004204","2020","50.9267","11.5842","155.0","JENA STERNWARTE, GM","    217.5","","     217.5","E","       132","E","        65","E","         2","E","","","         0","E","        54","E","         0","E","       120","E","         7","E","   -6.1","E,0324,+","","","  52.3"," ,E,0830, ","   36.3","E,0821,+","-0.2","E,1105","-3.0","E,1226","","","","","","","-0.8","E,0512","-3.2","E,0402","-5.1","E,0401","","","","","    2684.4","4","    2684.4","E","    595.0"," ,E","     11.53","E","     16.73","E","      6.34","E"
"GM000004204","2021","50.9267","11.5842","155.0","JENA STERNWARTE, GM","    172.8","","     172.8","E","       147","E","        74","E","         5","E","","","         2","E","        73","E","        11","E","       103","E","         3","E","  -19.4","E,0210, ","","","  44.4"," ,E,0822, ","   35.0","E,0618, ","-0.9","E,1110","-2.4","E,1123","-4.4","E,1211","-8.4","E,1225","-9.9","E,1226","-1.8","E,0427","-2.2","E,0426","-4.7","E,0307","-13.3","E,0215","-13.3","E,0215","    3011.7","7","    3011.7","E","    691.7"," ,E","     10.27","E","     14.92","E","      5.61","E"
"GM000004204","2022","50.9267","11.5842","155.0","JENA STERNWARTE, GM","    267.3","","     267.3","E","       132","E","        59","E","         1","E","","","         0","E","        63","E","         9","E","       128","E","        13","E","  -12.8","E,1218, ","","","  28.4"," ,E,0826, ","   39.1","E,0720, ","0.0","E,1114","-5.5","E,1119","-5.5","E,1119","-8.3","E,1120","-9.1","E,1212","-1.3","E,0417","-2.9","E,0403","-4.9","E,0308","","","","","    2812.4","4","    2812.4","E","    460.6"," ,E","     11.46","E","     16.82","E","      6.10","E"
"GM000004204","2023","50.9267","11.5842","155.0","JENA STERNWARTE, GM","    254.8","","     254.8","E","       174","E","        84","E","         2","E","","","         0","E","        53","E","         2","E","       125","E","         8","E","   -7.0","E,0209, ","","","  29.1"," ,E,1223, ","   36.3","E,0715, ","-0.7","E,1018","-2.4","E,1128","-4.4","E,1129","","","","","-0.9","E,0407","-2.9","E,0405","-5.9","E,0301","-7.0","E,0209","","","    2787.6","6","    2787.6","E","    646.0"," ,E","     11.79","E","     16.68","E","      6.89","E"
"GM000004204","2024","50.9267","11.5842","155.0","JENA STERNWARTE, GM","    277.1","","     277.1","E","       147","E","        69","E","         2","E","","","         0","E","        47","E","         5","E","       129","E","        14","E","  -13.3","E,0110, ","","","  44.0"," ,E,0908, ","   35.4","E,0813, ","0.0","E,1103","-2.9","E,1130","","","","","","","-3.1","E,0423","-3.1","E,0423","-10.0","E,0121","-10.0","E,0121","-10.0","E,0121","    2420.7","7","    2420.7","E","    624.7"," ,E","     12.17","E","     17.18","E","      7.15","E"
