"STATION","DATE","LATITUDE","LONGITUDE","ELEVATION","NAME","CDSD","CDSD_ATTRIBUTES","CLDD","CLDD_ATTRIBUTES","DP01","DP01_ATTRIBUTES","DP10","DP10_ATTRIBUTES","DP1X","DP1X_ATTRIBUTES","DSND","DSND_ATTRIBUTES","DSNW","DSNW_ATTRIBUTES","DT00","DT00_ATTRIBUTES","DT32","DT32_ATTRIBUTES","DX32","DX32_ATTRIBUTES","DX70","DX70_ATTRIBUTES","DX90","DX90_ATTRIBUTES","DYFG","DYFG_ATTRIBUTES","DYTS","DYTS_ATTRIBUTES","EMNT","EMNT_ATTRIBUTES","EMSD","EMSD_ATTRIBUTES","EMSN","EMSN_ATTRIBUTES","EMXP","EMXP_ATTRIBUTES","EMXT","EMXT_ATTRIBUTES","FZF0","FZF0_ATTRIBUTES","FZF1","FZF1_ATTRIBUTES","FZF2","FZF2_ATTRIBUTES","FZF3","FZF3_ATTRIBUTES","FZF4","FZF4_ATTRIBUTES","FZF5","FZF5_ATTRIBUTES","FZF6","FZF6_ATTRIBUTES","FZF7","FZF7_ATTRIBUTES","FZF8","FZF8_ATTRIBUTES","FZF9","FZF9_ATTRIBUTES","HDSD","HDSD_ATTRIBUTES","HN01","HN01_ATTRIBUTES","HN02","HN02_ATTRIBUTES","HN03","HN03_ATTRIBUTES","HN04","HN04_ATTRIBUTES","HTDD","HTDD_ATTRIBUTES","HX01","HX01_ATTRIBUTES","HX02","HX02_ATTRIBUTES","HX03","HX03_ATTRIBUTES","HX04","HX04_ATTRIBUTES","LN01","LN01_ATTRIBUTES","LN02","LN02_ATTRIBUTES","LN03","LN03_ATTRIBUTES","LN04","LN04_ATTRIBUTES","LX01","LX01_ATTRIBUTES","LX02","LX02_ATTRIBUTES","LX03","LX03_ATTRIBUTES","LX04","LX04_ATTRIBUTES","MN01","MN01_ATTRIBUTES","MN02","MN02_ATTRIBUTES","MN03","MN03_ATTRIBUTES","MN04","MN04_ATTRIBUTES","MX01","MX01_ATTRIBUTES","MX02","MX02_ATTRIBUTES","MX03","MX03_ATTRIBUTES","MX04","MX04_ATTRIBUTES","PRCP","PRCP_ATTRIBUTES","SNOW","SNOW_ATTRIBUTES","TAVG","TAVG_ATTRIBUTES","TMAX","TMAX_ATTRIBUTES","TMIN","TMIN_ATTRIBUTES"
"USC00129430","1901","40.475","-86.9919","215.8","WEST LAFAYETTE 6 NW, IN US","    700.8","","     700.8","0","       109","0","        69","0","         6","0","       30","","         7","0","        11","0","       132","0","        46","0","       155","0","        45","0","         2"," ","","","  -23.9","0,1215, ","    51"," ,0,0214,+","    58"," ,0,0202, ","  75.7"," ,0,1012, ","   40.0","0,0724,+","-1.7","0,1005","-7.2","0,1104","-7.2","0,1104","-7.2","0,1104","-9.4","0,1205","0.0","0,0421","-2.8","0,0404","-6.1","0,0322","-6.7","0,0316","-16.1","0,0306","","","","","","","","","","","","","","","","","","","","","","","","","","","","","","","","","","","","","","","","","","","","","","","","","","","","","    825.5"," ,0","      431"," ,0","     10.52","0","     16.34","0","      4.69","0"
"USC00129430","1902","40.475","-86.9919","215.8","WEST LAFAYETTE 6 NW, IN US","    444.0","","     444.0","0","       132","0","        88","0","         8","0","       44","","        15","0","        11","0","       117","0","        50","0","       161","0","        12","0","         5"," ","","","  -24.4","0,0203, ","   178"," ,0,0205,+","    97"," ,0,0202, ","  65.0"," ,0,0628, ","   33.3","0,0717,+","-2.8","0,1028","-2.8","0,1028","-4.4","0,1029","-7.2","0,1128","-9.4","0,1207","-0.6","0,0420","-3.9","0,0408","-5.6","0,0319","-11.7","0,0318","-11.7","0,0318","    3421.0","0","","","","","","","","","    3421.0","0","","","","","","","","","","","","","","","","","","","","","","","","","","","","","","","","","","","","","","","","","   1161.0"," ,0","      902"," ,0","     10.57","0","     15.91","0","      5.24","0"
"USC00129430","1903","40.475","-86.9919","215.8","WEST LAFAYETTE 6 NW, IN US","","","","","       119","0","        70","0","         8","0","       55","","        12","0","        16","0","       127","0","        45","0","       160","0","        17","0","         6"," ","","","  -25.0","0,0217, ","   203"," ,0,0208, ","   152"," ,0,0208, ","  81.3"," ,0,0804, ","   37.8","0,0710, ","-2.8","0,1018","-2.8","0,1018","-5.0","0,1027","-10.0","0,1118","-10.0","0,1118","-1.7","0,0501","-2.2","0,0423","-6.7","0,0404","-6.7","0,0404","-8.9","0,0301","    3017.9","9","","","","","","","","","    3017.9","0","","","","","","","","","","","","","","","","","","","","","","","","","","","","","","","","","","","","","","","","","    855.9"," ,0","      906"," ,0","     10.13","0","     16.21","0","      4.05","0"
"USC00129430","1904","40.475","-86.9919","215.8","WEST LAFAYETTE 6 NW, IN US","","","","","       111","0","        76","0","        10","0","       48","","        18","0","        20","0","       146","0","        48","0","       151","0","        10","0","         9"," ","","","  -26.7","0,0104,+","   254"," ,0,0126, ","   165"," ,0,0126, ","  55.4"," ,0,0326, ","   33.3","0,0717, ","-0.6","0,1023","-3.3","0,1028","-4.4","0,1111","-7.8","0,1126","-8.9","0,1130","-1.7","0,0421","-3.3","0,0420","-5.0","0,0417","-6.7","0,0327","-10.0","0,0226","","","","","","","","","","","","","","","","","","","","","","","","","","","","","","","","","","","","","","","","","","","","","","","","","","","","","    992.7"," ,0","     1069"," ,0","      9.01","0","     15.24","0","      2.79","0"
"USC00129430","1905","40.475","-86.9919","215.8","WEST LAFAYETTE 6 NW, IN US","    502.8","","     502.8","0","       122","0","        71","0","        13","0","       45","","        15","0","        17","0","       136","0","        38","0","       163","0","        13","0","         1"," ","","","  -30.0","0,0214, ","   203"," ,0,0212, ","   127"," ,0,0215, ","  56.6"," ,0,1129, ","   35.0","0,0812, ","-1.7","0,1012","-2.2","0,1026","-6.1","0,1102","-7.8","0,1114","-12.2","0,1203","-1.1","0,0422","-2.2","0,0408","-5.0","0,0313","-10.0","0,0220","-10.0","0,0220","    3220.2","2","","","","","","","","","    3220.2","0","","","","","","","","","","","","","","","","","","","","","","","","","","","","","","","","","","","","","","","","","   1108.4"," ,0","      939"," ,0","     10.12","0","     16.01","0","      4.22","0"
"USC00129430","1906","40.475","-86.9919","215.8","WEST LAFAYETTE 6 NW, IN US","    579.3","","     579.3","0","       118","0","        87","0","        10","0","       27","","         8","0","         3","0","       134","0","        28","0","       168","0","        27","0","         9"," ","","","  -24.4","0,0207, ","   229"," ,0,0320,+","   140"," ,0,0319,+","  43.4"," ,0,0609, ","   35.0","0,0629, ","-1.1","0,1010","-6.7","0,1011","-6.7","0,1011","-6.7","0,1011","-10.0","0,1207","-0.6","0,0507","-2.2","0,0402","-5.0","0,0326","-7.8","0,0325","-9.4","0,0324","    2961.9","9","","","","","","","","","    2961.9","0","","","","","","","","","","","","","","","","","","","","","","","","","","","","","","","","","","","","","","","","","   1051.8"," ,0","      685"," ,0","     10.85","0","     16.84","0","      4.85","0"
"USC00129430","1907","40.475","-86.9919","215.8","WEST LAFAYETTE 6 NW, IN US","","","","","       117","0","        85","0","        13","0","       14","","         9","0","","","","","","","","","","","         7"," ","","","","","   178"," ,0,0310, ","   185"," ,0,0310, ","  69.9"," ,0,0601, ","","","","","","","","","","","","","","","","","","","","","","","","","","","","","","","","","","","","","","","","","","","","","","","","","","","","","","","","","","","","","","","","","","","","","","","","","","","   1154.3"," ,0","      705"," ,0","","","","","",""
"USC00129430","1908","40.475","-86.9919","215.8","WEST LAFAYETTE 6 NW, IN US","","","","","        93","0","        68","0","         7","0","       20","","         3","0","         2","0","       126","0","        26","0","       164","0","        37","0","         4"," ","","","  -18.9","0,0202, ","   254"," ,0,0221,+","   127"," ,0,0215, ","  44.5"," ,0,0507, ","   36.7","0,0816, ","0.0","0,1002","-2.2","0,1012","-6.1","0,1031","-8.3","0,1105","-8.9","0,1112","0.0","0,0502","-2.2","0,0404","-5.0","0,0403","-8.3","0,0229","-12.2","0,0228","","","","","","","","","","","","","","","","","","","","","","","","","","","","","","","","","","","","","","","","","","","","","","","","","","","","","    823.1"," ,0","      368"," ,0","     11.16","0","     17.38","0","      4.94","0"
"USC00129430","1909","40.475","-86.9919","215.8","WEST LAFAYETTE 6 NW, IN US","","","","","       122","0","        91","0","        10","0","       19","","        10","0","","","","","","","","","","","         2"," ","","","","","   127"," ,0,0113,+","   152"," ,0,1226, "," 102.4"," ,0,0812, ","","","","","","","","","","","","","","","","","","","","","","","","","","","","","","","","","","","","","","","","","","","","","","","","","","","","","","","","","","","","","","","","","","","","","","","","","","","   1386.8"," ,0","      836"," ,0","","","","","",""
"USC00129430","1910","40.475","-86.9919","215.8","WEST LAFAYETTE 6 NW, IN US","","","","","       118","0","        72","0","         7","0","        5","","         6","0","         5","0","       124","0","        37","0","       162","0","        25","0","         4"," ","         1"," ","  -23.3","0,0218, ","    25"," ,0,1214,+","   122"," ,0,0217, ","  49.8"," ,0,0716, ","   35.6","0,0626,+","0.0","0,1023","-4.4","0,1029","-4.4","0,1029","-6.7","0,1106","-9.4","0,1119","-1.1","0,0425","-3.3","0,0424","-6.7","0,0315","-6.7","0,0315","-10.0","0,0226","","","","","","","","","","","","","","","","","","","","","","","","","","","","","","","","","","","","","","","","","","","","","","","","","","","","","    826.8"," ,0","      426"," ,0","     10.27","0","     16.36","0","      4.17","0"
"USC00129430","1911","40.475","-86.9919","215.8","WEST LAFAYETTE 6 NW, IN US","","","","","       132","0","        82","0","         2","0","       15","","         8","0","","","","","","","","","","","         9"," ","","","","","   127"," ,0,0118, ","   102"," ,0,0117, ","  36.6"," ,0,0717, ","","","","","","","","","","","","","","","","","","","","","","","","","","","","","","","","","","","","","","","","","","","","","","","","","","","","","","","","","","","","","","","","","","","","","","","","","","","    848.6"," ,0","      441"," ,0","","","","","",""
"USC00129430","1912","40.475","-86.9919","215.8","WEST LAFAYETTE 6 NW, IN US","","","","","       123","0","        79","0","         3","0","","","        11","0","        19","0","       132","0","        49","0","       154","0","        14","0","         5"," ","","","  -28.3","0,0113, ","","","    81"," ,0,0311, ","  33.0"," ,0,0614, ","   35.0","0,0906, ","0.0","0,0930","-4.4","0,1102","-4.4","0,1102","-7.2","0,1128","-11.7","0,1209","0.0","0,0423","-2.8","0,0403","-5.0","0,0326","-7.2","0,0323","-11.1","0,0311","","","","","","","","","","","","","","","","","","","","","","","","","","","","","","","","","","","","","","","","","","","","","","","","","","","","","    894.1"," ,0","      508"," ,0","      9.51","0","     15.03","0","      3.99","0"
"USC00129430","1913","40.475","-86.9919","215.8","WEST LAFAYETTE 6 NW, IN US","","","","","       115","0","        79","0","         7","0","        6","","         6","0","        10","0","       111","0","        31","0","       154","0","        47","0","        13"," ","","","  -20.6","0,0207,+","   152"," ,0,0326,+","   152"," ,0,0326, ","  51.3"," ,0,0323, ","   38.9","0,0730, ","-2.2","0,1021","-2.2","0,1021","-5.0","0,1101","-8.9","0,1111","-8.9","0,1111","0.0","0,0408","-4.4","0,0329","-4.4","0,0329","-7.8","0,0322","-10.0","0,0318","","","","","","","","","","","","","","","","","","","","","","","","","","","","","","","","","","","","","","","","","","","","","","","","","","","","","    934.2"," ,0","      498"," ,0","     11.41","0","     17.09","0","      5.74","0"
"USC00129430","1914","40.475","-86.9919","215.8","WEST LAFAYETTE 6 NW, IN US","","","","","        96","0","        51","0","         4","0","       41","","         8","0","","","","","","","","","","","         7"," ","","","","","   254"," ,0,1214,+","   114"," ,0,1209, ","  38.6"," ,0,0820,+","","","","","","","","","","","","","","","","","","","","","","","","","","","","","","","","","","","","","","","","","","","","","","","","","","","","","","","","","","","","","","","","","","","","","","","","","","","    652.4"," ,0","      631"," ,0","","","","","",""
"USC00129430","1915","40.475","-86.9919","215.8","WEST LAFAYETTE 6 NW, IN US","","","","","       118","0","        66","0","         8","0","       26","","         6","0","","","","","","","","","","","         3"," ","","","","","   305"," ,0,1228, ","   203"," ,0,1225, ","  48.3"," ,0,0821, ","","","","","","","","","","","","","","","","","","","","","","","","","","","","","","","","","","","","","","","","","","","","","","","","","","","","","","","","","","","","","","","","","","","","","","","","","","","    879.1"," ,0","      620"," ,0","","","","","",""
"USC00129430","1916","40.475","-86.9919","215.8","WEST LAFAYETTE 6 NW, IN US","","","","","       114","0","        83","0","        10","0","       32","","         7","0","        11","0","       120","0","","","","","","","","","","","  -20.6","0,1223,+","   127"," ,0,1222,+","   102"," ,0,0206, ","  49.5"," ,0,1205, ","","","0.0","0,1021","-8.9","0,1114","-8.9","0,1114","-8.9","0,1114","-8.9","0,1114","-0.6","0,0410","-2.8","0,0409","-4.4","0,0323","-10.0","0,0317","-10.0","0,0317","","","","","","","","","","","","","","","","","","","","","","","","","","","","","","","","","","","","","","","","","","","","","","","","","","","","","    995.1"," ,0","      421"," ,0","","","","","      5.00","0"
"USC00129430","1917","40.475","-86.9919","215.8","WEST LAFAYETTE 6 NW, IN US","","","","","       108","0","        65","0","        10","0","       40","","        14","0","        22","0","       129","0","","","","","","","","","","","  -24.4","0,1216,+","   127"," ,0,1217,+","    76"," ,0,0205,+","  41.9"," ,0,0313, ","","","-1.1","0,1009","-3.3","0,1023","-5.6","0,1030","-7.2","0,1206","-12.8","0,1207","-1.7","0,0415","-3.9","0,0414","-4.4","0,0319","-10.0","0,0306","-10.0","0,0306","","","","","","","","","","","","","","","","","","","","","","","","","","","","","","","","","","","","","","","","","","","","","","","","","","","","","    863.1"," ,0","      610"," ,0","","","","","      3.45","0"
"USC00129430","1918","40.475","-86.9919","215.8","WEST LAFAYETTE 6 NW, IN US","","","","","       108","0","        75","0","         7","0","       36","","         7","0","        19","0","       106","0","","","","","","","         1"," ","","","  -28.9","0,0113,+","   254"," ,0,0125,+","    89"," ,0,0111, ","  79.2"," ,0,0905, ","","","-1.7","0,1102","-3.3","0,1123","-5.6","0,1124","-6.7","0,1125","-8.9","0,1226","0.0","0,0414","-3.9","0,0411","-4.4","0,0410","-7.2","0,0311","-16.1","0,0222","","","","","","","","","","","","","","","","","","","","","","","","","","","","","","","","","","","","","","","","","","","","","","","","","","","","","   1003.9"," ,0","      391"," ,0","","","","","      5.18","0"
"USC00129430","1919","40.475","-86.9919","215.8","WEST LAFAYETTE 6 NW, IN US","    723.7","","     723.7","0","       111","0","        73","0","         8","0","       14","","         3","0","         4","0","       110","0","        30","0","       162","0","        46","0","","","","","  -21.1","0,0104, ","    76"," ,0,1219, ","    76"," ,0,0309, ","  43.7"," ,0,0315, ","   36.1","0,0713, ","0.0","0,1029","-3.3","0,1105","-8.3","0,1113","-8.3","0,1113","-12.8","0,1203","-1.1","0,0426","-2.8","0,0425","-8.3","0,0306","-8.3","0,0306","-11.1","0,0301","    2797.8","8","","","","","","","","","    2797.8","0","","","","","","","","","","","","","","","","","","","","","","","","","","","","","","","","","","","","","","","","","    855.1"," ,0","      203"," ,0","     12.10","0","     17.50","0","      6.69","0"
"USC00129430","1920","40.475","-86.9919","215.8","WEST LAFAYETTE 6 NW, IN US","    564.5","","     564.5","0","       109","0","        64","0","         8","0","       37","","         9","0","         7","0","       123","0","        42","0","       166","0","        17","0","","","","","  -23.3","0,1228, ","   152"," ,0,1227,+","   127"," ,0,0109, ","  56.4"," ,0,0714, ","   36.1","0,0723, ","-1.1","0,1029","-4.4","0,1111","-4.4","0,1111","-10.0","0,1112","-10.0","0,1112","-0.6","0,0414","-3.9","0,0413","-4.4","0,0407","-6.7","0,0406","-11.7","0,0308","    3362.8","8","","","","","","","","","    3362.8","0","","","","","","","","","","","","","","","","","","","","","","","","","","","","","","","","","","","","","","","","","    825.5"," ,0","      640"," ,0","     11.01","0","     16.36","0","      5.66","0"
"USC00129430","1921","40.475","-86.9919","215.8","WEST LAFAYETTE 6 NW, IN US","    816.9","","     816.9","0","       121","0","        85","0","         9","0","       14","","         2","0","         0","0","        92","0","        12","0","       172","0","        41","0","         2"," ","","","  -13.3","0,0117, ","   127"," ,0,1113, ","   102"," ,0,1112, ","  55.9"," ,0,0802, ","   36.7","0,0706,+","0.0","0,1013","-5.6","0,1112","-5.6","0,1112","-7.2","0,1218","","","-1.7","0,0418","-2.8","0,0411","-7.2","0,0329","-7.2","0,0329","-9.4","0,0218","    2568.9","9","","","","","","","","","    2568.9","0","","","","","","","","","","","","","","","","","","","","","","","","","","","","","","","","","","","","","","","","","   1142.4"," ,0","      200"," ,0","     13.56","0","     18.69","0","      8.43","0"
"USC00129430","1922","40.475","-86.9919","215.8","WEST LAFAYETTE 6 NW, IN US","    694.8","","     694.8","0","       103","0","        75","0","         7","0","       24","","         5","0","         3","0","       102","0","        25","0","       173","0","        27","0","         1"," ","","","  -21.7","0,1218, ","   127"," ,0,0122,+","    89"," ,0,0118, ","  35.3"," ,0,0824, ","   37.2","0,0903, ","-1.1","0,1018","-3.9","0,1121","-7.2","0,1125","-7.2","0,1125","-12.2","0,1212","0.0","0,0420","-3.9","0,0322","-7.8","0,0303","-7.8","0,0303","-10.6","0,0217","    2807.7","7","","","","","","","","","    2807.7","0","","","","","","","","","","","","","","","","","","","","","","","","","","","","","","","","","","","","","","","","","    828.9"," ,0","      397"," ,0","     12.49","0","     18.09","0","      6.89","0"
"USC00129430","1923","40.475","-86.9919","215.8","WEST LAFAYETTE 6 NW, IN US","    561.4","","     561.4","0","       119","0","        77","0","        10","0","       20","","        10","0","         2","0","       112","0","        16","0","       151","0","        17","0","         1"," ","","","  -19.4","0,0204, ","   178"," ,0,0107, ","   152"," ,0,0106, ","  59.4"," ,0,0512, ","   37.8","0,0622, ","0.0","0,1021","-5.6","0,1031","-5.6","0,1031","-7.8","0,1214","","","-0.6","0,0509","-2.2","0,0409","-7.2","0,0401","-7.2","0,0401","-10.0","0,0331","    3013.6","6","","","","","","","","","    3013.6","0","","","","","","","","","","","","","","","","","","","","","","","","","","","","","","","","","","","","","","","","","   1036.3"," ,0","      514"," ,0","     11.53","0","     16.94","0","      6.13","0"
"USC00129430","1924","40.475","-86.9919","215.8","WEST LAFAYETTE 6 NW, IN US","    436.7","","     436.7","0","       130","0","        80","0","        10","0","       42","","        10","0","        11","0","       123","0","        45","0","       157","0","        16","0","","","","","  -28.9","0,1228, ","   178"," ,0,0120, ","   165"," ,0,0120, ","  68.6"," ,0,0809, ","   35.6","0,0805,+","0.0","0,1022","-3.3","0,1109","-7.2","0,1125","-7.2","0,1125","-10.6","0,1129","0.0","0,0411","-3.9","0,0402","-5.6","0,0401","-6.7","0,0308","-9.4","0,0225","    3166.6","6","","","","","","","","","    3166.6","0","","","","","","","","","","","","","","","","","","","","","","","","","","","","","","","","","","","","","","","","","   1115.4"," ,0","      779"," ,0","     10.33","0","     15.78","0","      4.89","0"
"USC00129430","1925","40.475","-86.9919","215.8","WEST LAFAYETTE 6 NW, IN US","    742.6","","     742.6","0","       104","0","        74","0","         6","0","       36","","         7","0","         4","0","       118","0","        30","0","       163","0","        43","0","","","","","  -21.7","0,1227, ","   203"," ,0,0104,+","    64"," ,0,1222,+","  72.4"," ,0,0710, ","   37.8","0,0702, ","-1.1","0,1010","-3.3","0,1027","-5.0","0,1028","-6.7","0,1029","-10.6","0,1218","-0.6","0,0525","-5.6","0,0315","-5.6","0,0315","-15.6","0,0303","-15.6","0,0303","    2922.4","4","","","","","","","","","    2922.4","0","","","","","","","","","","","","","","","","","","","","","","","","","","","","","","","","","","","","","","","","","    843.5"," ,0","      390"," ,0","     11.88","0","     17.42","0","      6.33","0"
"USC00129430","1926","40.475","-86.9919","215.8","WEST LAFAYETTE 6 NW, IN US","    620.0","","     620.0","0","       137","0","        91","0","        10","0","       29","","        15","0","         4","0","       129","0","        38","0","       149","0","        29","0","","","","","  -18.9","0,0129,+","   178"," ,0,1228,+","   165"," ,0,0418, "," 104.4"," ,0,0814, ","   36.1","0,0721, ","0.0","0,1025","-2.2","0,1102","-5.0","0,1110","-7.8","0,1111","-8.9","0,1121","-0.6","0,0504","-2.8","0,0419","-4.4","0,0401","-10.0","0,0314","-10.0","0,0314","    3382.7","7","","","","","","","","","    3382.7","0","","","","","","","","","","","","","","","","","","","","","","","","","","","","","","","","","","","","","","","","","   1200.3"," ,0","      964"," ,0","     10.91","0","     15.94","0","      5.88","0"
"USC00129430","1927","40.475","-86.9919","215.8","WEST LAFAYETTE 6 NW, IN US","    460.5","","     460.5","0","       129","0","        83","0","        21","0","       28","","         5","0","         2","0","        89","0","        17","0","       163","0","        18","0","         4"," ","","","  -26.7","0,0115, ","   279"," ,0,0116,+","   229"," ,0,0113, ","  85.1"," ,0,1130, ","   35.6","0,0915, ","0.0","0,1104","-5.0","0,1106","-5.0","0,1106","-6.7","0,1119","-16.1","0,1208","-2.2","0,0424","-2.2","0,0424","-8.3","0,0304","-8.3","0,0304","-17.2","0,0127","    2989.8","8","","","","","","","","","    2989.8","0","","","","","","","","","","","","","","","","","","","","","","","","","","","","","","","","","","","","","","","","","   1412.0"," ,0","      414"," ,0","     12.00","0","     17.30","0","      6.69","0"
"USC00129430","1928","40.475","-86.9919","215.8","WEST LAFAYETTE 6 NW, IN US","    499.1","","     499.1","0","       116","0","        76","0","         5","0","       23","","         3","0","         4","0","       115","0","        19","0","       151","0","        15","0","         1"," ","","","  -22.2","0,0101, ","    76"," ,0,0218,+","    71"," ,0,0218, ","  85.9"," ,0,0619, ","   33.3","0,0816,+","-0.6","0,0924","-3.3","0,1030","-5.0","0,1123","-6.7","0,1125","-8.9","0,1126","-0.6","0,0428","-2.2","0,0416","-4.4","0,0415","-9.4","0,0305","-9.4","0,0305","    2986.4","4","","","","","","","","","    2986.4","0","","","","","","","","","","","","","","","","","","","","","","","","","","","","","","","","","","","","","","","","","    886.8"," ,0","      213"," ,0","     11.23","0","     16.41","0","      6.05","0"
"USC00129430","1929","40.475","-86.9919","215.8","WEST LAFAYETTE 6 NW, IN US","    532.5","","     532.5","0","       137","0","        80","0","        13","0","       51","","        13","0","        12","0","       100","0","        43","0","       147","0","         9","0","","","","","  -22.8","0,0201, ","   533"," ,0,1219, ","   356"," ,0,1218, ","  98.8"," ,0,0612, ","   34.4","0,0728, ","0.0","0,1025","-2.8","0,1120","-6.7","0,1121","-6.7","0,1121","-12.2","0,1122","0.0","0,0402","-10.0","0,0310","-10.0","0,0310","-10.0","0,0310","-10.0","0,0310","    3058.8","8","","","","","","","","","    3058.8","0","","","","","","","","","","","","","","","","","","","","","","","","","","","","","","","","","","","","","","","","","   1280.6"," ,0","     1196"," ,0","     10.78","0","     16.11","0","      5.45","0"
"USC00129430","1930","40.475","-86.9919","215.8","WEST LAFAYETTE 6 NW, IN US","    712.8","","     712.8","0","       112","0","        63","0","         7","0","       31","","         7","0","         8","0","       110","0","        35","0","       167","0","        37","0","","","","","  -27.8","0,0118, ","   152"," ,0,0126,+","    89"," ,0,0117, ","  40.6"," ,0,0706, ","   37.8","0,0728,+","-1.1","0,1018","-2.2","0,1019","-6.1","0,1020","-7.8","0,1125","-10.6","0,1126","-0.6","0,0425","-2.2","0,0408","-5.6","0,0326","-8.9","0,0303","-8.9","0,0303","    3051.3","3","","","","","","","","","    3051.3","0","","","","","","","","","","","","","","","","","","","","","","","","","","","","","","","","","","","","","","","","","    776.0"," ,0","      504"," ,0","     12.17","0","     17.78","0","      6.55","0"
"USC00129430","1931","40.475","-86.9919","215.8","WEST LAFAYETTE 6 NW, IN US","    839.4","","     839.4","0","       116","0","        70","0","         8","0","       14","","         5","0","         0","0","        89","0","         8","0","       172","0","        53","0","         1"," ","","","  -15.0","0,0101, ","   178"," ,0,0307, ","   165"," ,0,0307, ","  39.6"," ,0,1011, ","   39.4","0,0702, ","0.0","0,1018","-2.2","0,1125","-4.4","0,1126","-7.2","0,1128","","","-0.6","0,0407","-2.8","0,0402","-6.1","0,0312","-7.2","0,0310","-11.1","0,0214","    2917.4","4","","","","","","","","","    2917.4","0","","","","","","","","","","","","","","","","","","","","","","","","","","","","","","","","","","","","","","","","","    903.0"," ,0","      466"," ,0","     13.63","0","     18.97","0","      8.29","0"
"USC00129430","1932","40.475","-86.9919","215.8","WEST LAFAYETTE 6 NW, IN US","    640.2","","     640.2","0","       116","0","        72","0","         3","0","       31","","         7","0","         2","0","       111","0","        30","0","       161","0","        26","0","","","","","  -22.8","0,1216, ","   178"," ,0,1116, ","   198"," ,0,1116, ","  80.5"," ,0,0904, ","   38.3","0,0720, ","0.0","0,1006","-2.2","0,1030","-4.4","0,1112","-6.7","0,1113","-8.9","0,1117","0.0","0,0427","-2.2","0,0413","-4.4","0,0323","-8.3","0,0315","-11.1","0,0314","    2489.6","6","","","","","","","","","    2489.6","0","","","","","","","","","","","","","","","","","","","","","","","","","","","","","","","","","","","","","","","","","    924.9"," ,0","      516"," ,0","     11.99","0","     17.61","0","      6.36","0"
"USC00129430","1933","40.475","-86.9919","215.8","WEST LAFAYETTE 6 NW, IN US","    845.4","","     845.4","0","       103","0","        64","0","         3","0","       15","","         4","0","         5","0","       101","0","        18","0","       168","0","        60","0","","","","","  -25.0","0,0209, ","    51"," ,0,0325,+","   102"," ,0,0325, ","  55.4"," ,0,0927, ","   38.9","0,0722, ","-0.6","0,1104","-2.8","0,1108","-7.8","0,1110","-7.8","0,1110","-11.7","0,1115","0.0","0,0407","-3.3","0,0324","-7.2","0,0311","-7.2","0,0311","-12.8","0,0310","    2942.0","0","","","","","","","","","    2942.0","0","","","","","","","","","","","","","","","","","","","","","","","","","","","","","","","","","","","","","","","","","    775.3"," ,0","      305"," ,0","     12.97","0","     18.75","0","      7.20","0"
"USC00129430","1934","40.475","-86.9919","215.8","WEST LAFAYETTE 6 NW, IN US","    842.3","","     842.3","0","       108","0","        63","0","         4","0","       34","","        10","0","         5","0","       119","0","        29","0","       172","0","        62","0","         1"," ","","","  -22.8","0,0227, ","   254"," ,0,1225,+","   203"," ,0,1224, ","  50.3"," ,0,0816, ","   43.3","0,0725,+","-1.1","0,1028","-3.9","0,1102","-5.6","0,1205","-7.2","0,1208","-13.9","0,1211","-0.6","0,0428","-2.2","0,0425","-10.6","0,0328","-10.6","0,0328","-10.6","0,0328","    2930.5","5","","","","","","","","","    2930.5","0","","","","","","","","","","","","","","","","","","","","","","","","","","","","","","","","","","","","","","","","","    732.5"," ,0","      986"," ,0","     12.52","0","     18.27","0","      6.77","0"
"USC00129430","1935","40.475","-86.9919","215.8","WEST LAFAYETTE 6 NW, IN US","    620.3","","     620.3","0","       130","0","        76","0","         9","0","       20","","         2","0","         5","0","       102","0","        30","0","       157","0","        33","0","         4"," ","","","  -23.9","0,1227, ","   203"," ,0,1227,+","   102"," ,0,1225,+","  47.8"," ,0,0927, ","   36.7","0,0731, ","-1.1","0,1004","-3.9","0,1106","-7.8","0,1122","-7.8","0,1122","-9.4","0,1202","-2.2","0,0417","-2.2","0,0417","-6.1","0,0228","-12.2","0,0227","-12.2","0,0227","    2850.2","2","","","","","","","","","    2850.2","0","","","","","","","","","","","","","","","","","","","","","","","","","","","","","","","","","","","","","","","","","   1006.4"," ,0","      262"," ,0","     11.58","0","     16.78","0","      6.38","0"
"USC00129430","1936","40.475","-86.9919","215.8","WEST LAFAYETTE 6 NW, IN US","    921.3","","     921.3","0","       106","0","        67","0","         8","0","       51","","         7","0","        18","0","       126","0","        36","0","       167","0","        64","0","","","","","  -28.9","0,0123, ","   152"," ,0,0129,+","   140"," ,0,0116, "," 103.4"," ,0,1103, ","   43.9","0,0714, ","-0.6","0,1024","-3.9","0,1027","-5.6","0,1116","-6.7","0,1126","-14.4","0,1207","-2.2","0,0423","-2.2","0,0423","-5.0","0,0408","-7.2","0,0306","-10.0","0,0222","    3405.5","5","","","","","","","","","    3405.5","0","","","","","","","","","","","","","","","","","","","","","","","","","","","","","","","","","","","","","","","","","    935.5"," ,0","      555"," ,0","     11.87","0","     17.82","0","      5.91","0"
"USC00129430","1937","40.475","-86.9919","215.8","WEST LAFAYETTE 6 NW, IN US","    646.8","","     646.8","0","       124","0","        81","0","        10","0","       40","","        11","0","         1","0","       127","0","        34","0","       157","0","        32","0","         1"," ","","","  -18.3","0,0123, ","   178"," ,0,0122, ","    97"," ,0,1213,+","  56.6"," ,0,1018, ","   36.1","0,0817,+","-1.1","0,1014","-2.8","0,1015","-5.0","0,1104","-6.7","0,1118","-9.4","0,1120","-1.1","0,0411","-2.2","0,0329","-4.4","0,0328","-6.7","0,0327","-12.8","0,0225","    3013.3","3","","","","","","","","","    3013.3","0","","","","","","","","","","","","","","","","","","","","","","","","","","","","","","","","","","","","","","","","","   1021.4"," ,0","      701"," ,0","     11.17","0","     16.64","0","      5.71","0"
"USC00129430","1938","40.475","-86.9919","215.8","WEST LAFAYETTE 6 NW, IN US","    700.9","","     700.9","0","       124","0","        85","0","         9","0","       37","","         8","0","         0","0","       113","0","        17","0","       181","0","        36","0","","","","","  -16.7","0,0128, ","   127"," ,0,0111,+","   127"," ,0,0110, ","  50.0"," ,0,0913, ","   35.0","0,0809,+","-0.6","0,1024","-3.9","0,1109","-4.4","0,1123","-12.2","0,1125","-12.2","0,1125","0.0","0,0513","-3.3","0,0403","-4.4","0,0306","-7.8","0,0228","-11.1","0,0201","    2947.8","8","","","","","","","","","    2947.8","0","","","","","","","","","","","","","","","","","","","","","","","","","","","","","","","","","","","","","","","","","   1056.9"," ,0","      565"," ,0","     12.95","0","     18.73","0","      7.17","0"
"USC00129430","1939","40.475","-86.9919","215.8","WEST LAFAYETTE 6 NW, IN US","","","","","       103","0","        64","0","         9","0","       30","","         7","0","         1","0","       109","0","","","","","","","","","","","  -18.3","0,1231, ","   152"," ,0,0227, ","   102"," ,0,0226,+"," 123.2"," ,0,0718, ","","","-0.6","0,1014","-2.8","0,1105","-5.6","0,1128","-8.9","0,1222","-8.9","0,1222","-3.3","0,0413","-3.3","0,0413","-5.6","0,0412","-7.2","0,0318","-9.4","0,0317","","","","","","","","","","","","","","","","","","","","","","","","","","","","","","","","","","","","","","","","","","","","","","","","","","","","","    960.6"," ,0","      543"," ,0","","","","","      7.08","0"
"USC00129430","1940","40.475","-86.9919","215.8","WEST LAFAYETTE 6 NW, IN US","    666.2","","     666.2","0","       108","0","        59","0","         5","0","       36","","         4","0","        12","0","       116","0","        35","0","       168","0","        39","0","","","","","  -24.4","0,0119, ","   203"," ,0,0107, ","   114"," ,0,0107, ","  38.4"," ,0,0612, ","   38.3","0,0730, ","-2.2","0,1107","-2.2","0,1107","-5.6","0,1112","-8.3","0,1113","-9.4","0,1114","-2.2","0,0414","-2.2","0,0414","-4.4","0,0413","-11.1","0,0325","-11.1","0,0325","","","","","","","","","","","","","","","","","","","","","","","","","","","","","","","","","","","","","","","","","","","","","","","","","","","","","    730.2"," ,0","      344"," ,0","     11.30","0","     16.59","0","      6.01","0"
"USC00129430","1941","40.475","-86.9919","215.8","WEST LAFAYETTE 6 NW, IN US","    775.4","","     775.4","0","       130","0","        69","0","         6","0","       14","","         6","0","         0","0","       105","0","        26","0","       176","0","        49","0","","","","","  -17.2","0,0219, ","   102"," ,0,0129,+","    76"," ,0,0124, ","  60.5"," ,0,0731, ","   37.8","0,0808, ","-0.6","0,1028","-2.8","0,1123","-9.4","0,1124","-9.4","0,1124","-9.4","0,1124","-1.7","0,0330","-3.9","0,0325","-13.9","0,0318","-13.9","0,0318","-13.9","0,0318","    2858.0","0","","","","","","","","","    2858.0","0","","","","","","","","","","","","","","","","","","","","","","","","","","","","","","","","","","","","","","","","","    879.2"," ,0","      371"," ,0","     12.86","0","     18.14","0","      7.59","0"
"USC00129430","1942","40.475","-86.9919","215.8","WEST LAFAYETTE 6 NW, IN US","    683.8","","     683.8","0","       134","0","        68","0","         8","0","       41","","         9","0","         6","0","       104","0","        35","0","       177","0","        22","0","        13"," ","         1"," ","  -22.8","0,0108, ","   127"," ,0,1215,+","    76"," ,0,1129, ","  52.6"," ,0,0206, ","   35.6","0,0717, ","0.0","0,0928","-4.4","0,1026","-4.4","0,1026","-7.2","0,1127","-16.7","0,1202","-1.1","0,0411","-2.8","0,0331","-5.0","0,0225","-9.4","0,0221","-9.4","0,0221","    2661.8","8","","","","","","","","","    2661.8","0","","","","","","","","","","","","","","","","","","","","","","","","","","","","","","","","","","","","","","","","","    965.4"," ,0","      488"," ,0","     11.98","0","     17.05","0","      6.90","0"
"USC00129430","1943","40.475","-86.9919","215.8","WEST LAFAYETTE 6 NW, IN US","    634.9","","     634.9","0","       121","0","        74","0","         8","0","","","        10","0","        10","0","       121","0","        28","0","       146","0","        32","0","         2"," ","         5"," ","  -20.6","0,0120, ","","","    89"," ,0,1210,+","  68.6"," ,0,0517, ","   36.1","0,0824,+","-1.1","0,1017","-2.8","0,1109","-7.2","0,1111","-7.2","0,1111","-12.8","0,1213","0.0","0,0501","-2.8","0,0415","-5.6","0,0414","-8.3","0,0309","-19.4","0,0308","    3057.6","6","","","","","","","","","    3057.6","0","","","","","","","","","","","","","","","","","","","","","","","","","","","","","","","","","","","","","","","","","    951.5"," ,0","      708"," ,0","     11.35","0","     17.07","0","      5.64","0"
"USC00129430","1944","40.475","-86.9919","215.8","WEST LAFAYETTE 6 NW, IN US","    782.5","","     782.5","0","","","","","","","","","         9","0","         3","0","       108","0","        25","0","       163","0","        50","0","","","","","  -20.6","0,1226,+","","","   114"," ,0,0210, ","","","   38.3","0,0710, ","-2.2","0,1106","-2.2","0,1106","-6.1","0,1130","-6.7","0,1201","-8.9","0,1202","-1.1","0,0406","-5.0","0,0405","-5.0","0,0405","-6.7","0,0320","-9.4","0,0310","    3059.7","7","","","","","","","","","    3059.7","0","","","","","","","","","","","","","","","","","","","","","","","","","","","","","","","","","","","","","","","","","","","      663"," ,0","     12.32","0","     17.70","0","      6.94","0"
"USC00129430","1945","40.475","-86.9919","215.8","WEST LAFAYETTE 6 NW, IN US","    515.1","","     515.1","0","","","","","","","","","","","         8","0","       101","0","        37","0","       159","0","        22","0","","","","","  -20.6","0,1220, ","","","","","","","   36.7","0,0724,+","-6.1","0,1104","-6.1","0,1104","-6.1","0,1104","-7.8","0,1122","-9.4","0,1210","0.0","0,0419","-2.8","0,0308","-4.4","0,0301","-9.4","0,0219","-9.4","0,0219","    2959.5","5","","","","","","","","","    2959.5","0","","","","","","","","","","","","","","","","","","","","","","","","","","","","","","","","","","","","","","","","","","","","","     11.37","0","     16.55","0","      6.20","0"
"USC00129430","1946","40.475","-86.9919","215.8","WEST LAFAYETTE 6 NW, IN US","    499.1","","     499.1","0","","","","","","","","","         3","0","         1","0","        89","0","        13","0","       168","0","        24","0","         2"," ","","","  -18.3","0,0122, ","","","    64"," ,0,0111, ","","","   37.2","0,0719, ","-1.7","0,1113","-3.3","0,1117","-4.4","0,1118","-6.7","0,1202","-11.1","0,1218","-1.1","0,0427","-2.8","0,0311","-5.0","0,0228","-17.2","0,0215","-17.2","0,0215","    2814.4","4","","","","","","","","","    2814.4","0","","","","","","","","","","","","","","","","","","","","","","","","","","","","","","","","","","","","","","","","","","","      252"," ,0","     12.82","0","     18.60","0","      7.04","0"
"USC00129430","1947","40.475","-86.9919","215.8","WEST LAFAYETTE 6 NW, IN US","    587.3","","     587.3","0","","","","","","","","","         7","0","         2","0","       124","0","        39","0","       156","0","        30","0","","","","","  -18.3","0,0208, ","","","   165"," ,0,0301, ","","","   38.3","0,0822, ","-2.2","0,1108","-2.2","0,1108","-6.1","0,1112","-7.2","0,1113","-9.4","0,1126","-1.1","0,0509","-2.2","0,0413","-5.0","0,0330","-8.9","0,0326","-8.9","0,0326","    3035.7","7","","","","","","","","","    3035.7","0","","","","","","","","","","","","","","","","","","","","","","","","","","","","","","","","","","","","","","","","","","","      623"," ,0","     10.82","0","     16.29","0","      5.34","0"
"USC00129430","1948","40.475","-86.9919","215.8","WEST LAFAYETTE 6 NW, IN US","","","","","","","","","","","","","","","","","","","","","","","","","         6"," ","","","","","","","","","","","","","","","","","","","","","","","","","","","","","","","","","","","","","","","","","","","","","","","","","","","","","","","","","","","","","","","","","","","","","","","","","","","","","","","","","","","","","","","","","","","","","",""
"USC00129430","1949","40.475","-86.9919","215.8","WEST LAFAYETTE 6 NW, IN US","","","","","","","","","","","","","","","","","","","","","","","","","","","","","","","","","","","","","","","","","","","","","","","","","","","","","","","","","","","","","","","","","","","","","","","","","","","","","","","","","","","","","","","","","","","","","","","","","","","","","","","","","","","","","","","    961.9"," ,0","","","","","","","",""
"USC00129430","1950","40.475","-86.9919","215.8","WEST LAFAYETTE 6 NW, IN US","","","","","       128","0","        73","0","        13","0","","","","","","","","","","","","","","","","","","","","","","","","","  53.6"," ,0,0103, ","","","","","","","","","","","","","","","","","","","","","","","","","","","","","","","","","","","","","","","","","","","","","","","","","","","","","","","","","","","","","","","","","","","","","","","","","","","   1125.8"," ,0","","","","","","","",""
"USC00129430","1951","40.475","-86.9919","215.8","WEST LAFAYETTE 6 NW, IN US","","","","","       128","0","        69","0","         8","0","","","","","","","","","","","","","","","","","","","","","","","","","  49.5"," ,0,0708, ","","","","","","","","","","","","","","","","","","","","","","","","","","","","","","","","","","","","","","","","","","","","","","","","","","","","","","","","","","","","","","","","","","","","","","","","","","","    946.1"," ,0","","","","","","","",""
"USC00129430","1952","40.475","-86.9919","215.8","WEST LAFAYETTE 6 NW, IN US","","","","","       114","0","        76","0","        10","0","","","","","","","","","","","","","","","","","","","","","","","","","  67.3"," ,0,0613, ","","","","","","","","","","","","","","","","","","","","","","","","","","","","","","","","","","","","","","","","","","","","","","","","","","","","","","","","","","","","","","","","","","","","","","","","","","","   1078.6"," ,0","","","","","","","",""
"USC00129430","1953","40.475","-86.9919","215.8","WEST LAFAYETTE 6 NW, IN US","","","","","        91","0","        49","0","         8","0","","","","","","","","","","","","","","","","","","","","","","","","","  85.6"," ,0,0803, ","","","","","","","","","","","","","","","","","","","","","","","","","","","","","","","","","","","","","","","","","","","","","","","","","","","","","","","","","","","","","","","","","","","","","","","","","","","    844.2"," ,0","","","","","","","",""
"USC00129430","1954","40.475","-86.9919","215.8","WEST LAFAYETTE 6 NW, IN US","    638.4","","     638.4","0","       115","0","        64","0","         6","0","       15","","         2","0","         1","0","       126","0","        27","0","       158","0","        39","0","         2"," ","","","  -17.8","0,0112, ","   102"," ,0,0305,+","   112"," ,0,0105, ","  50.5"," ,0,1004, ","   41.1","0,0715, ","-1.1","0,1019","-2.2","0,1031","-4.4","0,1102","-8.3","0,1206","-10.6","0,1207","0.0","0,0510","-2.2","0,0409","-4.4","0,0404","-9.4","0,0307","-9.4","0,0307","","","","","","","","","","","","","","","","","","","","","","","","","","","","","","","","","","","","","","","","","","","","","","","","","","","","","    830.6"," ,0","      327"," ,0","     11.42","0","     16.82","0","      6.04","0"
"USC00129430","1955","40.475","-86.9919","215.8","WEST LAFAYETTE 6 NW, IN US","    572.5","","     572.5","0","       107","0","        63","0","        10","0","       38","","        11","0","        12","0","       121","0","        44","0","       159","0","        35","0","         1"," ","","","  -23.3","0,0127, ","   102"," ,0,1120,+","    97"," ,0,1119, ","  51.3"," ,0,0715, ","   35.6","0,0822,+","-1.7","0,1025","-3.9","0,1103","-6.1","0,1104","-7.8","0,1117","-12.2","0,1120","-1.1","0,0408","-2.8","0,0329","-6.1","0,0328","-12.2","0,0327","-12.2","0,0327","    3157.0","0","","","","","","","","","    3157.0","0","","","","","","","","","","","","","","","","","","","","","","","","","","","","","","","","","","","","","","","","","    967.1"," ,0","      571"," ,0","     10.63","0","     16.10","0","      5.16","0"
"USC00129430","1956","40.475","-86.9919","215.8","WEST LAFAYETTE 6 NW, IN US","    445.8","","     445.8","0","        94","0","        62","0","         6","0","       33","","        10","0","         3","0","       139","0","        33","0","       164","0","        12","0","         1"," ","","","  -23.3","0,0123, ","   127"," ,0,0203,+","    89"," ,0,0228, ","  71.1"," ,0,0813, ","   35.6","0,0702, ","0.0","0,0920","-3.3","0,1010","-8.9","0,1117","-8.9","0,1117","-8.9","0,1117","0.0","0,0524","-2.2","0,0424","-4.4","0,0423","-6.7","0,0320","-8.9","0,0309","    3551.6","6","","","","","","","","","    3551.6","0","","","","","","","","","","","","","","","","","","","","","","","","","","","","","","","","","","","","","","","","","    709.9"," ,0","      529"," ,0","     10.47","0","     16.42","0","      4.53","0"
"USC00129430","1957","40.475","-86.9919","215.8","WEST LAFAYETTE 6 NW, IN US","    447.7","","     447.7","0","       112","0","        84","0","        14","0","       26","","         6","0","         5","0","       131","0","        31","0","       148","0","         8","0","","","","","  -24.4","0,0114, ","    76"," ,0,0131,+","    76"," ,0,0409,+","  90.7"," ,0,0723, ","   33.3","0,0618, ","-1.1","0,1011","-3.9","0,1106","-5.0","0,1109","-8.9","0,1110","-8.9","0,1110","0.0","0,0505","-2.8","0,0415","-5.6","0,0412","-6.7","0,0309","-10.0","0,0303","    3242.6","6","","","","","","","","","    3242.6","0","","","","","","","","","","","","","","","","","","","","","","","","","","","","","","","","","","","","","","","","","   1281.5"," ,0","      345"," ,0","     10.15","0","     15.43","0","      4.87","0"
"USC00129430","1958","40.475","-86.9919","215.8","WEST LAFAYETTE 6 NW, IN US","    346.1","","     346.1","0","        94","0","        62","0","        13","0","       27","","         6","0","        16","0","       137","0","        55","0","       154","0","         2","0","","","","","  -25.6","0,1209, ","    51"," ,0,1217,+","    48"," ,0,0311, ","  95.3"," ,0,0610, ","   32.2","0,0906,+","-1.7","0,1002","-4.4","0,1107","-4.4","0,1107","-10.0","0,1127","-10.0","0,1127","0.0","0,0507","-2.2","0,0331","-5.0","0,0323","-7.8","0,0221","-12.2","0,0220","    3539.1","1","","","","","","","","","    3539.1","0","","","","","","","","","","","","","","","","","","","","","","","","","","","","","","","","","","","","","","","","","   1078.8"," ,0","      228"," ,0","      9.32","0","     14.73","0","      3.91","0"
"USC00129430","1959","40.475","-86.9919","215.8","WEST LAFAYETTE 6 NW, IN US","    606.4","","     606.4","0","       108","0","        68","0","        11","0","","","         8","0","         7","0","       137","0","        40","0","       158","0","        25","0","","","","","  -23.9","0,0105, ","","","    76"," ,0,1113, ","  60.2"," ,0,0427, ","   35.6","0,0630, ","0.0","0,0918","-3.3","0,1028","-6.1","0,1107","-9.4","0,1115","-9.4","0,1115","-1.1","0,0422","-5.0","0,0328","-5.0","0,0328","-8.9","0,0322","-8.9","0,0322","    3500.6","6","","","","","","","","","    3500.6","0","","","","","","","","","","","","","","","","","","","","","","","","","","","","","","","","","","","","","","","","","   1054.1"," ,0","      435"," ,0","     10.53","0","     16.04","0","      5.03","0"
"USC00129430","1960","40.475","-86.9919","215.8","WEST LAFAYETTE 6 NW, IN US","    438.5","","     438.5","0","       110","0","        66","0","        12","0","       57","","        15","0","        11","0","       140","0","        60","0","       159","0","         7","0","","","","","  -25.0","0,1223, ","   406"," ,0,0310, ","   203"," ,0,0226, ","  49.0"," ,0,0623, ","   34.4","0,0908, ","-3.3","0,1020","-3.3","0,1020","-4.4","0,1021","-6.7","0,1130","-12.2","0,1209","-0.6","0,0513","-5.0","0,0410","-5.0","0,0410","-6.7","0,0327","-11.7","0,0326","    3665.3","3","","","","","","","","","    3665.3","0","","","","","","","","","","","","","","","","","","","","","","","","","","","","","","","","","","","","","","","","","    865.4"," ,0","      849"," ,0","      9.47","0","     14.74","0","      4.20","0"
"USC00129430","1961","40.475","-86.9919","215.8","WEST LAFAYETTE 6 NW, IN US","    468.8","","     468.8","0","       109","0","        74","0","         8","0","       37","","         9","0","        11","0","       131","0","        36","0","       144","0","        11","0","","","","","  -22.2","0,0125, ","   127"," ,0,0417,+","   102"," ,0,0225,+","  79.8"," ,0,0802, ","   33.3","0,0701, ","0.0","0,1003","-2.8","0,1027","-4.4","0,1104","-6.7","0,1129","-11.1","0,1208","-1.1","0,0527","-3.3","0,0417","-5.0","0,0408","-6.7","0,0317","-10.6","0,0208","    3476.2","2","","","","","","","","","    3476.2","0","","","","","","","","","","","","","","","","","","","","","","","","","","","","","","","","","","","","","","","","","    937.2"," ,0","      660"," ,0","     10.05","0","     15.64","0","      4.45","0"
"USC00129430","1962","40.475","-86.9919","215.8","WEST LAFAYETTE 6 NW, IN US","    464.5","","     464.5","0","       102","0","        60","0","        10","0","       31","","        10","0","        12","0","       145","0","        48","0","       160","0","         8","0","","","","","  -23.9","0,0111,+","   102"," ,0,0121,+","    76"," ,0,0224, ","  91.4"," ,0,0703, ","   35.0","0,0821,+","-2.8","0,1024","-2.8","0,1024","-6.7","0,1026","-6.7","0,1026","-8.9","0,1209","-3.3","0,0420","-3.3","0,0420","-4.4","0,0416","-7.2","0,0316","-8.9","0,0304","    3526.1","1","","","","","","","","","    3526.1","0","","","","","","","","","","","","","","","","","","","","","","","","","","","","","","","","","","","","","","","","","    905.0"," ,0","      456"," ,0","      9.64","0","     15.40","0","      3.87","0"
"USC00129430","1963","40.475","-86.9919","215.8","WEST LAFAYETTE 6 NW, IN US","    405.4","","     405.4","0","        99","0","        56","0","         5","0","","","         9","0","        39","0","       143","0","        65","0","       171","0","        18","0","","","","","  -30.6","0,0226, ","","","   203"," ,0,0224, ","  47.8"," ,0,0720, ","   35.6","0,0702, ","0.0","0,1014","-2.2","0,1030","-6.1","0,1103","-9.4","0,1201","-9.4","0,1201","-1.1","0,0523","-2.2","0,0414","-5.0","0,0410","-14.4","0,0303","-14.4","0,0303","    3781.7","7","","","","","","","","","    3781.7","0","","","","","","","","","","","","","","","","","","","","","","","","","","","","","","","","","","","","","","","","","    647.2"," ,0","      696"," ,0","      9.05","0","     15.64","0","      2.45","0"
"USC00129430","1964","40.475","-86.9919","215.8","WEST LAFAYETTE 6 NW, IN US","    453.7","","     453.7","0","        89","0","        54","0","         7","0","       38","","        13","0","         6","0","       147","0","        34","0","       159","0","        27","0","","","","","  -20.6","0,0114,+","   152"," ,0,0117,+","   152"," ,0,0113, ","  50.5"," ,0,0621, ","   35.6","0,0803, ","-0.6","0,1006","-3.3","0,1007","-4.4","0,1010","-8.3","0,1120","-13.3","0,1121","-1.1","0,0410","-2.8","0,0409","-4.4","0,0404","-8.3","0,0331","-9.4","0,0330","    3476.4","4","","","","","","","","","    3476.4","0","","","","","","","","","","","","","","","","","","","","","","","","","","","","","","","","","","","","","","","","","    734.8"," ,0","      762"," ,0","     10.13","0","     16.61","0","      3.64","0"
"USC00129430","1965","40.475","-86.9919","215.8","WEST LAFAYETTE 6 NW, IN US","    410.5","","     410.5","0","       113","0","        68","0","         7","0","       25","","         7","0","         9","0","       134","0","        37","0","       157","0","         9","0","","","","","  -23.3","0,0203,+","   152"," ,0,0226,+","   152"," ,0,0225, ","  97.8"," ,0,0915, ","   34.4","0,0817, ","0.0","0,1004","-5.0","0,1029","-5.0","0,1029","-8.3","0,1129","-9.4","0,1227","-1.7","0,0404","-2.8","0,0403","-8.9","0,0328","-8.9","0,0328","-8.9","0,0328","    3541.6","6","","","","","","","","","    3541.6","0","","","","","","","","","","","","","","","","","","","","","","","","","","","","","","","","","","","","","","","","","    971.7"," ,0","      460"," ,0","     10.18","0","     15.94","0","      4.42","0"
"USC00129430","1966","40.475","-86.9919","215.8","WEST LAFAYETTE 6 NW, IN US","    431.5","","     431.5","0","        99","0","        64","0","         6","0","       12","","         6","0","         5","0","       146","0","        49","0","       136","0","        27","0","","","","","  -24.4","0,0131,+","   152"," ,0,0205,+","   152"," ,0,0202, ","  53.1"," ,0,1127, ","   37.2","0,0713,+","-1.1","0,1006","-2.2","0,1025","-5.6","0,1030","-6.7","0,1103","-14.4","0,1202","-1.1","0,0511","-3.3","0,0510","-5.0","0,0331","-7.2","0,0328","-8.9","0,0325","    3443.7","7","","","","","","","","","    3443.7","0","","","","","","","","","","","","","","","","","","","","","","","","","","","","","","","","","","","","","","","","","    797.6"," ,0","      345"," ,0","      9.48","0","     15.56","0","      3.40","0"
"USC00129430","1967","40.475","-86.9919","215.8","WEST LAFAYETTE 6 NW, IN US","    347.8","","     347.8","0","       121","0","        75","0","         5","0","       32","","        12","0","         8","0","       132","0","        42","0","       136","0","         5","0","","","","","  -22.2","0,0208, ","   127"," ,0,0209,+","   127"," ,0,0206, ","  38.1"," ,0,0803, ","   33.3","0,0616, ","-1.7","0,1012","-3.9","0,1104","-6.1","0,1108","-8.3","0,1128","-9.4","0,1129","-0.6","0,0503","-2.2","0,0425","-4.4","0,0320","-6.7","0,0319","-8.9","0,0318","    3552.3","3","","","","","","","","","    3552.3","0","","","","","","","","","","","","","","","","","","","","","","","","","","","","","","","","","","","","","","","","","    832.1"," ,0","      645"," ,0","      9.26","0","     14.69","0","      3.82","0"
"USC00129430","1968","40.475","-86.9919","215.8","WEST LAFAYETTE 6 NW, IN US","    459.1","","     459.1","0","       117","0","        74","0","         9","0","       22","","         5","0","        10","0","       131","0","        52","0","       146","0","        19","0","","","","","  -28.3","0,0101, ","   330"," ,0,0117,+","    76"," ,0,0313, "," 102.4"," ,0,0516, ","   33.9","0,0822, ","0.0","0,1004","-2.2","0,1005","-4.4","0,1030","-6.7","0,1113","-10.6","0,1208","-3.3","0,0506","-3.3","0,0506","-4.4","0,0324","-11.1","0,0314","-11.1","0,0314","    3700.0","0","","","","","","","","","    3700.0","0","","","","","","","","","","","","","","","","","","","","","","","","","","","","","","","","","","","","","","","","","    973.3"," ,0","      281"," ,0","      9.74","0","     15.25","0","      4.23","0"
"USC00129430","1969","40.475","-86.9919","215.8","WEST LAFAYETTE 6 NW, IN US","    424.1","","     424.1","0","       106","0","        64","0","         8","0","       33","","         8","0","         9","0","       144","0","        47","0","       149","0","        11","0","","","","","  -21.1","0,0105,+","   178"," ,0,1231, ","   152"," ,0,1231, ","  69.1"," ,0,0917, ","   33.9","0,0717,+","0.0","0,1015","-5.0","0,1023","-5.0","0,1023","-7.2","0,1114","-10.0","0,1120","-1.1","0,0430","-6.7","0,0401","-6.7","0,0401","-6.7","0,0401","-9.4","0,0331","    3573.2","2","","","","","","","","","    3573.2","0","","","","","","","","","","","","","","","","","","","","","","","","","","","","","","","","","","","","","","","","","    965.4"," ,0","      657"," ,0","      9.45","0","     15.01","0","      3.89","0"
"USC00129430","1970","40.475","-86.9919","215.8","WEST LAFAYETTE 6 NW, IN US","    472.3","","     472.3","0","       113","0","        62","0","         9","0","       30","","         7","0","        14","0","       136","0","        42","0","       150","0","        11","0","","","","","  -27.8","0,0120, ","   203"," ,0,0124,+","    76"," ,0,0402, ","  64.8"," ,0,0419, ","   36.7","0,0703,+","-1.1","0,1016","-6.1","0,1116","-6.1","0,1116","-12.8","0,1123","-12.8","0,1123","-1.1","0,0410","-2.8","0,0407","-4.4","0,0330","-8.3","0,0317","-9.4","0,0316","    3652.8","8","","","","","","","","","    3652.8","0","","","","","","","","","","","","","","","","","","","","","","","","","","","","","","","","","","","","","","","","","    946.4"," ,0","      423"," ,0","      9.91","0","     15.58","0","      4.25","0"
"USC00129430","1971","40.475","-86.9919","215.8","WEST LAFAYETTE 6 NW, IN US","    474.9","","     474.9","0","       109","0","        63","0","         8","0","       10","","         6","0","        12","0","       134","0","        34","0","       165","0","        15","0","","","","","  -21.7","0,0203,+","    76"," ,0,0312,+","    76"," ,0,0312,+","  70.4"," ,0,0709, ","   34.4","0,0628, ","-2.8","0,1104","-2.8","0,1104","-8.3","0,1107","-8.3","0,1107","-11.7","0,1218","-1.7","0,0503","-2.8","0,0430","-4.4","0,0407","-6.7","0,0324","-13.3","0,0215","    3487.2","2","","","","","","","","","    3487.2","0","","","","","","","","","","","","","","","","","","","","","","","","","","","","","","","","","","","","","","","","","    904.6"," ,0","      340"," ,0","     10.51","0","     16.25","0","      4.76","0"
"USC00129430","1972","40.475","-86.9919","215.8","WEST LAFAYETTE 6 NW, IN US","    421.0","","     421.0","0","       126","0","        82","0","        12","0","       30","","        14","0","        17","0","       143","0","        37","0","       141","0","         7","0","","","","","  -28.9","0,0116, ","    76"," ,0,0131,+","    76"," ,0,0128, ","  56.4"," ,0,0908, ","   32.8","0,0819,+","0.0","0,1015","-4.4","0,1019","-4.4","0,1019","-9.4","0,1206","-9.4","0,1206","-1.1","0,0426","-5.0","0,0409","-5.0","0,0409","-7.8","0,0408","-11.1","0,0310","    3288.8","8","","","","","","","","","    3288.8","0","","","","","","","","","","","","","","","","","","","","","","","","","","","","","","","","","","","","","","","","","   1095.3"," ,0","      527"," ,0","      9.34","0","     14.65","0","      4.03","0"
"USC00129430","1973","40.475","-86.9919","215.8","WEST LAFAYETTE 6 NW, IN US","    508.7","","     508.7","0","       126","0","        79","0","         7","0","       14","","         4","0","         2","0","       115","0","        32","0","       152","0","        13","0","","","","","  -20.6","0,1222, ","   432"," ,0,1221,+","   279"," ,0,1220, ","  48.8"," ,0,0721, ","   33.9","0,0828,+","0.0","0,1029","-2.2","0,1104","-6.7","0,1106","-6.7","0,1106","-13.9","0,1211","-1.1","0,0517","-3.3","0,0413","-5.6","0,0322","-7.2","0,0227","-17.2","0,0218","    3343.6","6","","","","","","","","","    3343.6","0","","","","","","","","","","","","","","","","","","","","","","","","","","","","","","","","","","","","","","","","","   1060.3"," ,0","      636"," ,0","     11.21","0","     16.47","0","      5.96","0"
"USC00129430","1974","40.475","-86.9919","215.8","WEST LAFAYETTE 6 NW, IN US","    391.5","","     391.5","0","       137","0","        83","0","         7","0","       36","","         9","0","         8","0","       127","0","        33","0","       140","0","        10","0","","","","","  -25.6","0,0113, ","   229"," ,0,0110, ","   114"," ,0,0110, ","  79.8"," ,0,0615, ","   36.7","0,0715, ","-0.6","0,0923","-2.8","0,1003","-4.4","0,1021","-6.7","0,1126","-12.2","0,1210","-2.2","0,0507","-2.2","0,0507","-12.2","0,0326","-12.2","0,0326","-12.2","0,0326","    3227.7","7","","","","","","","","","    3227.7","0","","","","","","","","","","","","","","","","","","","","","","","","","","","","","","","","","","","","","","","","","   1085.6"," ,0","      774"," ,0","     10.09","0","     15.35","0","      4.83","0"
"USC00129430","1975","40.475","-86.9919","215.8","WEST LAFAYETTE 6 NW, IN US","    482.9","","     482.9","0","       124","0","        81","0","         8","0","       30","","         9","0","         3","0","       131","0","        30","0","       156","0","         9","0","","","","","  -25.6","0,0210, ","   102"," ,0,1229,+","   102"," ,0,1226, ","  58.4"," ,0,0522, ","   33.3","0,0621, ","-0.6","0,1026","-2.8","0,1114","-5.6","0,1123","-6.7","0,1128","-15.0","0,1218","-1.7","0,0421","-5.0","0,0413","-5.0","0,0413","-8.9","0,0309","-8.9","0,0309","    3460.9","9","","","","","","","","","    3460.9","0","","","","","","","","","","","","","","","","","","","","","","","","","","","","","","","","","","","","","","","","","    982.5"," ,0","      599"," ,0","     10.48","0","     15.73","0","      5.22","0"
"USC00129430","1976","40.475","-86.9919","215.8","WEST LAFAYETTE 6 NW, IN US","    340.9","","     340.9","0","        97","0","        56","0","         5","0","       26","","         7","0","         8","0","       152","0","        42","0","       147","0","         9","0","","","","","  -24.4","0,1231, ","    76"," ,0,1231,+","    76"," ,0,0316, ","  45.2"," ,0,0628, ","   34.4","0,0715, ","0.0","0,1016","-5.6","0,1018","-5.6","0,1018","-8.9","0,1108","-8.9","0,1108","-1.7","0,0508","-2.2","0,0413","-5.6","0,0412","-7.2","0,0318","-13.9","0,0208","    3132.3","3","","","","","","","","","    3132.3","0","","","","","","","","","","","","","","","","","","","","","","","","","","","","","","","","","","","","","","","","","    708.3"," ,0","      435"," ,0","      9.33","0","     15.56","0","      3.09","0"
"USC00129430","1977","40.475","-86.9919","215.8","WEST LAFAYETTE 6 NW, IN US","    560.2","","     560.2","0","       131","0","        74","0","        10","0","       70","","        17","0","        29","0","       127","0","        61","0","       164","0","        18","0","","","","","  -28.3","0,0118,+","   330"," ,0,1212,+","   152"," ,0,0110, ","  64.0"," ,0,0914, ","   36.7","0,0707, ","-2.8","0,1013","-2.8","0,1013","-5.6","0,1113","-15.0","0,1126","-15.0","0,1126","0.0","0,0510","-2.8","0,0429","-4.4","0,0324","-10.0","0,0303","-10.0","0,0303","    3893.8","8","","","","","","","","","    3893.8","0","","","","","","","","","","","","","","","","","","","","","","","","","","","","","","","","","","","","","","","","","   1043.5"," ,0","     1058"," ,0","      9.97","0","     15.59","0","      4.34","0"
"USC00129430","1978","40.475","-86.9919","215.8","WEST LAFAYETTE 6 NW, IN US","    500.9","","     500.9","0","       126","0","        68","0","         6","0","       68","","        15","0","        28","0","       140","0","        68","0","       150","0","        14","0","","","","","  -25.0","0,0208,+","   508"," ,0,0207,+","   152"," ,0,0214,+"," 108.5"," ,0,0626, ","   34.4","0,0628, ","-1.1","0,1008","-3.9","0,1024","-5.0","0,1129","-6.7","0,1201","-10.6","0,1209","-1.7","0,0503","-2.8","0,0422","-4.4","0,0319","-6.7","0,0318","-12.8","0,0310","    4031.2","2","","","","","","","","","    4031.2","0","","","","","","","","","","","","","","","","","","","","","","","","","","","","","","","","","","","","","","","","","    864.2"," ,0","     1015"," ,0","      8.87","0","     14.42","0","      3.33","0"
"USC00129430","1979","40.475","-86.9919","215.8","WEST LAFAYETTE 6 NW, IN US","    397.7","","     397.7","0","       120","0","        65","0","        10","0","       70","","        12","0","        26","0","       139","0","        58","0","       150","0","         2","0","","","","","  -26.7","0,0210,+","   356"," ,0,0219, ","   127"," ,0,0128, ","  85.3"," ,0,0704, ","   32.2","0,0810,+","-1.1","0,1010","-3.9","0,1014","-4.4","0,1026","-12.2","0,1202","-12.2","0,1202","0.0","0,0501","-2.2","0,0410","-5.0","0,0407","-6.7","0,0326","-8.9","0,0316","    3797.2","2","","","","","","","","","    3797.2","0","","","","","","","","","","","","","","","","","","","","","","","","","","","","","","","","","","","","","","","","","    963.7"," ,0","      694"," ,0","      8.75","0","     14.22","0","      3.28","0"
"USC00129430","1980","40.475","-86.9919","215.8","WEST LAFAYETTE 6 NW, IN US","    549.7","","     549.7","0","       108","0","        67","0","         8","0","       47","","        12","0","         8","0","       138","0","        50","0","       149","0","        21","0","","","","","  -22.2","0,1225, ","   127"," ,0,0218,+","   102"," ,0,1127,+","  47.5"," ,0,0603, ","   37.8","0,0716, ","-2.8","0,1005","-2.8","0,1005","-5.0","0,1029","-8.9","0,1126","-8.9","0,1126","-2.8","0,0425","-2.8","0,0425","-5.0","0,0314","-10.6","0,0312","-10.6","0,0312","    3625.7","7","","","","","","","","","    3625.7","0","","","","","","","","","","","","","","","","","","","","","","","","","","","","","","","","","","","","","","","","","    789.2"," ,0","      596"," ,0","      9.68","0","     15.15","0","      4.20","0"
"USC00129430","1981","40.475","-86.9919","215.8","WEST LAFAYETTE 6 NW, IN US","    425.2","","     425.2","0","       112","0","        74","0","         8","0","       43","","        10","0","        17","0","       138","0","        41","0","       149","0","         9","0","","","","","  -22.8","0,1221,+","   152"," ,0,1230,+","    76"," ,0,1217,+","  97.8"," ,0,0830, ","   33.9","0,0714, ","-1.1","0,1003","-7.2","0,1024","-7.2","0,1024","-7.2","0,1024","-12.2","0,1218","0.0","0,0512","-5.6","0,0325","-5.6","0,0325","-8.9","0,0318","-8.9","0,0318","    3427.8","8","","","","","","","","","    3427.8","0","","","","","","","","","","","","","","","","","","","","","","","","","","","","","","","","","","","","","","","","","   1098.6"," ,0","      456"," ,0","      9.88","0","     15.33","0","      4.43","0"
"USC00129430","1982","40.475","-86.9919","215.8","WEST LAFAYETTE 6 NW, IN US","    396.8","","     396.8","0","       126","0","        80","0","         9","0","       59","","        17","0","        14","0","       124","0","        50","0","       152","0","         5","0","","","","","  -28.9","0,0111, ","   381"," ,0,0211,+","   127"," ,0,0406,+","  55.4"," ,0,0130, ","   33.9","0,0804, ","-0.6","0,1017","-2.8","0,1022","-5.6","0,1113","-8.3","0,1115","-17.2","0,1212","0.0","0,0428","-2.8","0,0412","-4.4","0,0410","-9.4","0,0408","-9.4","0,0408","    3787.6","6","      24.4","0,1,2","      25.0","0,3,1","      24.4","0,3,2","      25.6","0,3,3","    3787.6","0","      26.7","0,1,2","      38.9","0,3,1","      34.4","0,3,2","      30.0","0,3,3","      -1.7","0,1,2","      -7.8","0,3,1","      -7.8","0,3,2","      -1.7","0,3,3","      -1.7","0,1,2","      -6.7","0,3,1","      -5.6","0,3,2","      -1.7","0,3,3","      11.3","0,1,2","       8.7","0,3,1","       8.6","0,3,2","      10.5","0,3,3","      12.8","0,1,2","      16.6","0,3,1","      14.5","0,3,2","      12.9","0,3,3","   1027.7"," ,0","     1053"," ,0","      9.54","0","     14.99","0","      4.09","0"
"USC00129430","1983","40.475","-86.9919","215.8","WEST LAFAYETTE 6 NW, IN US","    631.0","","     631.0","0","       113","0","        75","0","         4","0","       38","","        16","0","        11","0","       121","0","        45","0","       142","0","        43","0","","","","","  -27.8","0,1225,+","   254"," ,0,1231,+","   152"," ,0,1222, ","  79.2"," ,0,1022, ","   37.8","0,0723, ","-0.6","0,1027","-2.2","0,1104","-6.1","0,1130","-10.0","0,1203","-10.0","0,1203","0.0","0,0509","-4.4","0,0420","-4.4","0,0420","-10.6","0,0326","-10.6","0,0326","    3174.3","3","      26.7","0,1,2","      28.3","0,3,1","      27.2","0,3,2","      28.9","0,3,3","    3174.3","0","      30.6","0,1,2","      42.8","0,3,1","      38.9","0,3,2","      33.3","0,3,3","       1.7","0,1,2","      -4.4","0,3,1","      -3.3","0,3,2","       0.6","0,3,3","       1.7","0,1,2","      -2.2","0,3,1","      -1.1","0,3,2","       0.6","0,3,3","      11.8","0,1,2","       9.3","0,3,1","       9.5","0,3,2","      11.4","0,3,3","      13.8","0,1,2","      18.1","0,3,1","      16.0","0,3,2","      14.0","0,3,3","    847.6"," ,0","      733"," ,0","     10.53","0","     15.90","0","      5.15","0"
"USC00129430","1984","40.475","-86.9919","215.8","WEST LAFAYETTE 6 NW, IN US","    465.7","","     465.7","0","       113","0","        71","0","         6","0","       65","","         9","0","         7","0","       127","0","        45","0","       140","0","        17","0","","","","","  -27.8","0,0121, ","   229"," ,0,0101, ","   127"," ,0,0228, ","  54.9"," ,0,0520, ","   33.9","0,0903,+","-0.6","0,1001","-2.8","0,1102","-4.4","0,1113","-6.7","0,1120","-13.3","0,1206","-0.6","0,0516","-2.8","0,0407","-4.4","0,0314","-10.6","0,0313","-10.6","0,0313","    3706.5","5","      24.4","0,1,2","      23.9","0,3,1","      25.0","0,3,2","      24.4","0,3,3","    3706.5","0","      27.2","0,1,2","      37.8","0,3,1","      32.2","0,3,2","      27.8","0,3,3","       0.0","0,1,2","      -8.9","0,3,1","      -8.3","0,3,2","      -2.8","0,3,3","       0.0","0,1,2","      -7.2","0,3,1","      -6.7","0,3,2","      -2.2","0,3,3","      11.3","0,1,2","       8.9","0,3,1","       9.0","0,3,2","      10.6","0,3,3","      12.8","0,1,2","      16.2","0,3,1","      14.1","0,3,2","      12.6","0,3,3","    837.6"," ,0","      528"," ,0","     10.07","0","     15.29","0","      4.84","0"
"USC00129430","1985","40.475","-86.9919","215.8","WEST LAFAYETTE 6 NW, IN US","    444.3","","     444.3","0","       131","0","        73","0","        10","0","       66","","        13","0","        23","0","       111","0","        58","0","       164","0","         9","0","","","","","  -31.1","0,0121,+","   178"," ,0,0215,+","    76"," ,0,1205,+","  55.4"," ,0,0805, ","   33.3","0,0710,+","-1.7","0,1002","-4.4","0,1120","-4.4","0,1120","-7.2","0,1121","-11.7","0,1202","-2.2","0,0410","-2.2","0,0410","-6.1","0,0409","-6.7","0,0318","-10.0","0,0220","    3200.0","0","      24.4","0,1,2","      23.9","0,3,1","      23.3","0,3,2","","","    3200.0","0","      27.2","0,1,2","      40.6","0,3,1","      35.6","0,3,2","","","      -1.1","0,1,2","      -8.9","0,3,1","      -7.8","0,3,2","","","       0.0","0,1,2","      -5.0","0,3,1","      -3.9","0,3,2","","","      11.8","0,1,2","       9.1","0,3,1","       9.1","0,3,2","","","      13.5","0,1,2","      17.5","0,3,1","      15.3","0,3,2","","","    980.3"," ,0","      552"," ,0","      9.91","0","     15.50","0","      4.33","0"
"USC00129430","1986","40.475","-86.9919","215.8","WEST LAFAYETTE 6 NW, IN US","    517.9","","     517.9","0","","","","","","","","","","","         8","0","       121","0","        40","0","       159","0","        12","0","","","","","  -21.7","0,0128, ","","","","","","","   34.4","0,0726,+","0.0","0,1016","-3.3","0,1103","-6.7","0,1110","-6.7","0,1110","-12.8","0,1113","-5.6","0,0423","-5.6","0,0423","-5.6","0,0423","-8.3","0,0322","-10.6","0,0321","    3303.3","3","      26.7","0,1,2","      31.7","0,3,1","      25.6","0,3,2","      26.1","0,3,3","    3303.3","0","      29.4","0,1,2","      42.8","0,3,1","      37.8","0,3,2","      31.1","0,3,3","      -0.6","0,1,2","      -8.9","0,3,1","      -7.8","0,3,2","      -2.2","0,3,3","       0.0","0,1,2","      -3.9","0,3,1","      -3.9","0,3,2","      -2.2","0,3,3","      11.7","0,1,2","       9.3","0,3,1","       8.8","0,3,2","      10.6","0,3,3","      13.5","0,1,2","      18.0","0,3,1","      15.4","0,3,2","      13.4","0,3,3","","","","","     10.69","0","     16.01","0","      5.38","0"
"USC00129430","1987","40.475","-86.9919","215.8","WEST LAFAYETTE 6 NW, IN US","    582.2","","     582.2","0","       112","0","        64","0","         9","0","","","         6","0","         5","0","       127","0","        24","0","       163","0","        19","0","","","","","  -26.1","0,0125, ","","","   152"," ,0,0120,+","  88.9"," ,0,0827, ","   34.4","0,0803, ","0.0","0,1004","-3.9","0,1012","-7.2","0,1111","-7.2","0,1111","-9.4","0,1121","-4.4","0,0409","-4.4","0,0409","-4.4","0,0409","-7.8","0,0403","-10.0","0,0311","    3198.7","7","      26.1","0,1,2","      27.2","0,3,1","      28.3","0,3,2","      27.2","0,3,3","    3198.7","0","      31.7","0,1,2","      36.7","0,3,1","      35.6","0,3,2","      31.7","0,3,3","       1.1","0,1,2","      -2.8","0,3,1","      -1.7","0,3,2","       0.0","0,3,3","       1.7","0,1,2","       0.6","0,3,1","      -0.6","0,3,2","       0.6","0,3,3","      11.8","0,1,2","      10.8","0,3,1","      12.1","0,3,2","      11.7","0,3,3","      14.8","0,1,2","      16.7","0,3,1","      16.3","0,3,2","      13.7","0,3,3","    954.0"," ,0","      562"," ,0","     11.29","0","     16.80","0","      5.78","0"
"USC00129430","1988","40.475","-86.9919","215.8","WEST LAFAYETTE 6 NW, IN US","    631.9","","     631.9","0","","","","","","","","","","","        13","0","       141","0","        44","0","       158","0","        45","0","","","","","  -22.8","0,0213, ","","","","","","","   39.4","0,0626, ","-0.6","0,1006","-2.2","0,1012","-6.1","0,1013","-7.2","0,1202","-8.9","0,1209","0.0","0,0429","-2.8","0,0419","-5.0","0,0319","-7.2","0,0316","-12.2","0,0306","    3381.7","7","","","","","","","","","    3381.7","0","","","","","","","","","","","","","","","","","","","","","","","","","","","","","","","","","","","","","","","","","","","","","     10.39","0","     16.67","0","      4.12","0"
"USC00129430","1989","40.475","-86.9919","215.8","WEST LAFAYETTE 6 NW, IN US","    432.1","","     432.1","0","       116","0","        62","0","         9","0","       36","","        11","0","        17","0","       139","0","        47","0","       153","0","        10","0","","","","","  -30.0","0,1222, ","   152"," ,0,0208,+","   127"," ,0,1020, ","  58.9"," ,0,0520, ","   35.0","0,0712, ","-1.1","0,0924","-2.8","0,1009","-5.0","0,1103","-8.3","0,1117","-8.9","0,1203","-0.6","0,0507","-4.4","0,0413","-4.4","0,0413","-6.7","0,0319","-9.4","0,0308","    3359.7","7","      26.1","0,1,2","      26.7","0,3,1","      26.7","0,3,2","      26.1","0,3,3","    3359.7","0","      31.7","0,1,2","      36.1","0,3,1","      32.8","0,3,2","      33.9","0,3,3","      -2.2","0,1,2","      -6.7","0,3,1","      -5.6","0,3,2","      -3.3","0,3,3","      -2.2","0,1,2","      -5.6","0,3,1","      -5.0","0,3,2","      -2.8","0,3,3","      10.5","0,1,2","       9.2","0,3,1","       9.6","0,3,2","      10.2","0,3,3","      13.5","0,1,2","      15.4","0,3,1","      13.9","0,3,2","      12.4","0,3,3","    810.7"," ,0","      480"," ,0","      9.61","0","     15.19","0","      4.04","0"
"USC00129430","1990","40.475","-86.9919","215.8","WEST LAFAYETTE 6 NW, IN US","    423.4","","     423.4","0","       126","0","        85","0","        13","0","        8","","         4","0","         4","0","       121","0","        17","0","       152","0","        11","0","","","","","  -22.8","0,1227,+","   127"," ,0,1228,+","    76"," ,0,1223, ","  97.8"," ,0,0311, ","   34.4","0,0710,+","0.0","0,1011","-2.2","0,1023","-5.6","0,1108","-8.9","0,1205","-8.9","0,1205","-3.3","0,0418","-3.3","0,0418","-5.6","0,0408","-7.2","0,0320","-13.3","0,0226","    3290.9","9","","","","","","","","","    3290.9","0","","","","","","","","","","","","","","","","","","","","","","","","","","","","","","","","","","","","","","","","","   1252.7"," ,0","      177"," ,0","     11.21","0","     16.54","0","      5.88","0"
"USC00129430","1991","40.475","-86.9919","215.8","WEST LAFAYETTE 6 NW, IN US","    630.1","","     630.1","0","       106","0","        69","0","         5","0","       23","","         7","0","         2","0","       127","0","        40","0","       160","0","        29","0","","","","","  -18.9","0,0123,+","    51"," ,0,0131,+","    51"," ,0,0130, ","  61.0"," ,0,0809, ","   36.1","0,0803, ","-1.1","0,0920","-3.9","0,1016","-9.4","0,1103","-9.4","0,1103","-9.4","0,1103","-1.1","0,0422","-2.8","0,0402","-5.6","0,0331","-7.2","0,0308","-9.4","0,0227","    3136.4","4","      27.2","0,1,2","      28.9","0,3,1","      29.4","0,3,2","      26.7","0,3,3","    3136.4","0","      32.2","0,1,2","      40.6","0,3,1","      38.9","0,3,2","      33.9","0,3,3","      -0.6","0,1,2","      -6.7","0,3,1","      -4.4","0,3,2","      -2.8","0,3,3","      -0.6","0,1,2","      -2.2","0,3,1","      -2.8","0,3,2","      -1.7","0,3,3","      11.8","0,1,2","      10.8","0,3,1","      11.7","0,3,2","      11.2","0,3,3","      14.8","0,1,2","      18.4","0,3,1","      16.5","0,3,2","      14.1","0,3,3","    794.9"," ,0","      216"," ,0","     11.21","0","     16.60","0","      5.82","0"
"USC00129430","1992","40.475","-86.9919","215.8","WEST LAFAYETTE 6 NW, IN US","    291.9","","     291.9","0","       138","0","        70","0","        12","0","       29","","         8","0","         4","0","       122","0","        24","0","       146","0","         3","0","","","","","  -22.8","0,0116, ","   102"," ,0,1210, ","   102"," ,0,1210, ","  59.4"," ,0,0715, ","   35.6","0,0618, ","-1.7","0,1017","-5.6","0,1019","-5.6","0,1019","-10.0","0,1205","-10.0","0,1205","0.0","0,0506","-2.2","0,0428","-4.4","0,0403","-6.7","0,0316","-8.9","0,0313","    3289.7","7","      27.2","0,1,2","      26.7","0,3,1","      26.7","0,3,2","      25.6","0,3,3","    3289.7","0","      33.3","0,1,2","      38.9","0,3,1","      35.6","0,3,2","      30.6","0,3,3","       0.6","0,1,2","      -3.9","0,3,1","      -0.6","0,3,2","      -0.6","0,3,3","       0.6","0,1,2","      -1.1","0,3,1","       0.0","0,3,2","       0.0","0,3,3","      12.8","0,1,2","      11.6","0,3,1","      11.5","0,3,2","      11.4","0,3,3","      16.2","0,1,2","      18.6","0,3,1","      16.4","0,3,2","      14.1","0,3,3","   1055.7"," ,0","      308"," ,0","      9.92","0","     15.18","0","      4.66","0"
"USC00129430","1993","40.475","-86.9919","215.8","WEST LAFAYETTE 6 NW, IN US","    431.0","","     431.0","0","       131","0","        89","0","        12","0","       36","","         8","0","         9","0","       139","0","        50","0","       132","0","         3","0","","","","","  -22.2","0,0227,+","   178"," ,0,0228,+","   127"," ,0,0216, ","  56.9"," ,0,0425, ","   32.2","0,0827,+","-1.7","0,0930","-2.2","0,1013","-5.6","0,1101","-8.9","0,1107","-8.9","0,1107","0.0","0,0520","-2.2","0,0422","-8.3","0,0319","-8.3","0,0319","-10.6","0,0318","    3520.9","9","      26.7","0,1,2","      28.3","0,3,1","      26.7","0,3,2","      27.2","0,3,3","    3520.9","0","      31.1","0,1,2","      41.1","0,3,1","      36.1","0,3,2","      31.1","0,3,3","       0.6","0,1,2","      -1.7","0,3,1","       0.0","0,3,2","       0.0","0,3,3","       1.7","0,1,2","       1.1","0,3,1","       0.6","0,3,2","       1.1","0,3,3","      12.3","0,1,2","      11.9","0,3,1","      11.2","0,3,2","      11.5","0,3,3","      15.3","0,1,2","      18.9","0,3,1","      15.5","0,3,2","      13.9","0,3,3","   1194.4"," ,0","      456"," ,0","      9.40","0","     14.45","0","      4.34","0"
"USC00129430","1994","40.475","-86.9919","215.8","WEST LAFAYETTE 6 NW, IN US","    373.6","","     373.6","0","       109","0","        66","0","         9","0","       33","","        14","0","        14","0","       127","0","        39","0","       148","0","        10","0","","","","","  -30.6","0,0119, ","   102"," ,0,0226,+","   102"," ,0,0407, ","  94.7"," ,0,0412, ","   34.4","0,0620, ","-0.6","0,1010","-2.2","0,1027","-4.4","0,1126","-7.2","0,1211","","","-0.6","0,0423","-9.4","0,0408","-9.4","0,0408","-9.4","0,0408","-9.4","0,0408","    3712.7","7","      27.8","0,1,2","      27.2","0,3,1","      28.3","0,3,2","      27.8","0,3,3","    3712.7","0","      33.9","0,1,2","      42.2","0,3,1","      36.1","0,3,2","      32.8","0,3,3","      -5.0","0,1,2","     -12.8","0,3,1","     -10.6","0,3,2","      -7.2","0,3,3","      -3.3","0,1,2","      -9.4","0,3,1","      -8.3","0,3,2","      -5.6","0,3,3","      11.6","0,1,2","       9.4","0,3,1","      10.6","0,3,2","      11.6","0,3,3","      14.7","0,1,2","      18.2","0,3,1","      15.7","0,3,2","      14.3","0,3,3","    988.1"," ,0","      556"," ,0","      9.86","0","     15.73","0","      3.98","0"
"USC00129430","1995","40.475","-86.9919","215.8","WEST LAFAYETTE 6 NW, IN US","    571.8","","     571.8","0","       115","0","        58","0","         6","0","","","         7","0","        10","0","       135","0","        49","0","       155","0","        31","0","","","","","  -19.4","0,0212,+","","","   127"," ,0,1219, ","  59.4"," ,0,0524, ","   36.7","0,0715, ","-3.9","0,0923","-3.9","0,0923","-5.0","0,1104","-8.3","0,1105","-11.1","0,1112","-0.6","0,0503","-3.9","0,0406","-8.9","0,0405","-8.9","0,0405","-8.9","0,0405","    3144.5","5","      28.3","0,1,2","      32.8","0,3,1","      28.9","0,3,2","      28.3","0,3,3","    3144.5","0","      33.3","0,1,2","      40.6","0,3,1","      36.7","0,3,2","      32.8","0,3,3","      -2.8","0,1,2","     -10.0","0,3,1","      -5.0","0,3,2","      -2.8","0,3,3","      -1.1","0,1,2","      -1.7","0,3,1","      -2.2","0,3,2","      -1.7","0,3,3","      11.9","0,1,2","       9.8","0,3,1","      11.0","0,3,2","      11.8","0,3,3","      14.9","0,1,2","      18.1","0,3,1","      15.7","0,3,2","      14.4","0,3,3","    786.5"," ,0","      376"," ,0","     10.07","0","     15.92","0","      4.22","0"
"USC00129430","1996","40.475","-86.9919","215.8","WEST LAFAYETTE 6 NW, IN US","    354.3","","     354.3","0","       131","0","        77","0","         9","0","","","        10","0","         9","0","       149","0","        54","0","       140","0","         9","0","","","","","  -26.7","0,0204,+","","","   127"," ,0,0103, ","  51.1"," ,0,0624, ","   33.9","0,0701, ","-1.1","0,1004","-3.9","0,1011","-4.4","0,1101","-7.2","0,1102","-9.4","0,1112","-0.6","0,0427","-3.3","0,0417","-4.4","0,0410","-7.8","0,0409","-9.4","0,0408","    3794.7","7","      23.9","0,1,2","      26.7","0,3,1","      28.3","0,3,2","      27.2","0,3,3","    3794.7","0","      29.4","0,1,2","      39.4","0,3,1","      36.1","0,3,2","      32.2","0,3,3","      -3.9","0,1,2","     -10.0","0,3,1","      -7.2","0,3,2","      -5.6","0,3,3","      -3.3","0,1,2","      -5.0","0,3,1","      -4.4","0,3,2","      -3.9","0,3,3","       9.8","0,1,2","       8.9","0,3,1","      10.4","0,3,2","      11.0","0,3,3","      12.5","0,1,2","      16.7","0,3,1","      14.6","0,3,2","      13.4","0,3,3","    899.6"," ,0","      568"," ,0","      8.88","0","     14.67","0","      3.10","0"
"USC00129430","1997","40.475","-86.9919","215.8","WEST LAFAYETTE 6 NW, IN US","    426.2","","     426.2","0","       116","0","        69","0","         8","0","       24","","         9","0","         9","0","       141","0","        33","0","       135","0","        13","0","","","","","  -25.0","0,0117, ","   254"," ,0,0120,+","   140"," ,0,0116, ","  61.2"," ,0,0613, ","   35.0","0,0728,+","-2.2","0,1015","-2.2","0,1015","-7.2","0,1112","-7.2","0,1112","-8.9","0,1117","0.0","0,0516","-2.2","0,0426","-4.4","0,0418","-7.2","0,0409","-9.4","0,0316","    3496.9","9","      25.6","0,1,2","      27.8","0,3,1","      27.8","0,3,2","      27.8","0,3,3","    3496.9","0","      29.4","0,1,2","      40.6","0,3,1","      36.1","0,3,2","      33.3","0,3,3","      -2.2","0,1,2","      -3.9","0,3,1","      -0.6","0,3,2","      -1.7","0,3,3","      -1.7","0,1,2","      -1.1","0,3,1","      -0.6","0,3,2","       0.6","0,3,3","       9.3","0,1,2","       9.6","0,3,1","      10.4","0,3,2","      11.3","0,3,3","      11.9","0,1,2","      18.0","0,3,1","      15.2","0,3,2","      14.0","0,3,3","    835.1"," ,0","      624"," ,0","      9.90","0","     15.32","0","      4.47","0"
"USC00129430","1998","40.475","-86.9919","215.8","WEST LAFAYETTE 6 NW, IN US","    578.6","","     578.6","0","       128","0","        81","0","         8","0","","","         2","0","         1","0","       102","0","        21","0","       160","0","        20","0","","","","","  -19.4","0,1231, ","","","   102"," ,0,0310, ","  46.5"," ,0,0612, ","   35.6","0,0907, ","0.0","0,1014","-2.2","0,1104","-4.4","0,1105","-6.7","0,1121","-15.0","0,1222","0.0","0,0406","-2.2","0,0405","-4.4","0,0324","-6.7","0,0315","-15.0","0,0313","    2953.5","5","      25.0","0,1,2","      27.8","0,3,1","      28.3","0,3,2","      25.6","0,3,3","    2953.5","0","      28.3","0,1,2","      41.1","0,3,1","      37.2","0,3,2","      32.8","0,3,3","      -1.1","0,1,2","      -5.0","0,3,1","      -1.7","0,3,2","      -2.2","0,3,3","      -1.1","0,1,2","      -1.1","0,3,1","      -1.1","0,3,2","      -2.2","0,3,3","      11.5","0,1,2","      11.3","0,3,1","      12.5","0,3,2","      11.7","0,3,3","      14.3","0,1,2","      20.7","0,3,1","      17.7","0,3,2","      14.5","0,3,3","   1066.9"," ,0","      135"," ,0","     12.37","0","     17.85","0","      6.88","0"
"USC00129430","1999","40.475","-86.9919","215.8","WEST LAFAYETTE 6 NW, IN US","    541.1","","     541.1","0","        97","0","        64","0","         8","0","","","         7","0","        11","0","       124","0","        27","0","       169","0","        24","0","","","","","  -28.9","0,0105, ","","","   178"," ,0,0309, ","  82.6"," ,0,0929, ","   37.2","0,0731, ","0.0","0,0922","-3.3","0,1103","-4.4","0,1115","-7.2","0,1130","-14.4","0,1221","0.0","0,0416","-5.6","0,0327","-5.6","0,0327","-6.7","0,0325","-9.4","0,0315","    3043.9","9","      25.6","0,1,2","      28.9","0,3,1","      30.0","0,3,2","      26.1","0,3,3","    3043.9","0","      36.7","0,1,2","      43.3","0,3,1","      37.8","0,3,2","      36.1","0,3,3","      -2.2","0,1,2","      -7.2","0,3,1","      -6.7","0,3,2","      -5.0","0,3,3","      -2.2","0,1,2","      -3.3","0,3,1","      -1.1","0,3,2","      -2.2","0,3,3","      10.0","0,1,2","       9.8","0,3,1","      11.8","0,3,2","       9.9","0,3,3","      14.2","0,1,2","      19.4","0,3,1","      17.1","0,3,2","      13.2","0,3,3","    859.1"," ,0","      728"," ,0","     11.12","0","     17.33","0","      4.92","0"
"USC00129430","2000","40.475","-86.9919","215.8","WEST LAFAYETTE 6 NW, IN US","    471.7","","     471.7","0","       124","0","        81","0","         7","0","","","        13","0","        16","0","       126","0","        47","0","       168","0","         9","0","","","","","  -23.9","0,0121, ","","","   178"," ,0,0120, "," 121.7"," ,0,0528, ","   34.4","0,0902, ","-2.2","0,1007","-2.2","0,1007","-6.7","0,1118","-6.7","0,1118","-9.4","0,1121","-0.6","0,0426","-5.0","0,0412","-5.0","0,0412","-10.0","0,0313","-10.0","0,0313","    3009.2","2","      23.3","0,1,2","      22.2","0,3,1","      23.3","0,3,2","      22.2","0,3,3","    3009.2","0","      32.8","0,1,2","      33.3","0,3,1","      30.0","0,3,2","      26.7","0,3,3","      -3.3","0,1,2","      -4.4","0,3,1","      -2.2","0,3,2","      -2.2","0,3,3","      -3.3","0,1,2","      -3.3","0,3,1","      -1.7","0,3,2","      -2.2","0,3,3","       9.7","0,1,2","       8.1","0,3,1","       9.8","0,3,2","       9.2","0,3,3","      13.2","0,1,2","      15.1","0,3,1","      14.2","0,3,2","      12.0","0,3,3","   1043.4"," ,0","      879"," ,0","     10.36","0","     16.13","0","      4.59","0"
"USC00129430","2001","40.475","-86.9919","215.8","WEST LAFAYETTE 6 NW, IN US","    508.5","","     508.5","0","       121","0","        72","0","         7","0","","","         4","0","         2","0","       123","0","        29","0","       162","0","        20","0","","","","","  -18.9","0,0102, ","","","    76"," ,0,0127, ","  58.9"," ,0,1014, ","   34.4","0,0723,+","-2.8","0,1007","-2.8","0,1007","-4.4","0,1028","-7.2","0,1224","-11.1","0,1225","0.0","0,0513","-3.3","0,0418","-5.0","0,0328","-8.3","0,0327","-8.9","0,0326","    3488.9","9","      25.6","0,3,1","      27.2","0,3,2","      26.1","0,3,3","","","    3488.9","0","      37.8","0,3,1","      36.1","0,3,2","      30.6","0,3,3","","","      -7.2","0,3,1","      -2.8","0,3,2","      -2.2","0,3,3","","","      -3.3","0,3,1","      -1.7","0,3,2","      -1.1","0,3,3","","","       8.1","0,3,1","      10.2","0,3,2","       9.6","0,3,3","","","      16.5","0,3,1","      15.4","0,3,2","      12.9","0,3,3","","","    963.7"," ,0","      191"," ,0","     11.27","0","     17.01","0","      5.52","0"
"USC00129430","2002","40.475","-86.9919","215.8","WEST LAFAYETTE 6 NW, IN US","    631.7","","     631.7","0","       119","0","        67","0","         8","0","       17","","         8","0","         0","0","       132","0","        23","0","       150","0","        25","0","","","","","  -17.2","0,0304, ","   178"," ,0,0327,+","   135"," ,0,1225, ","  50.3"," ,0,0819, ","   35.6","0,0722, ","-3.9","0,1014","-3.9","0,1014","-5.6","0,1125","-8.3","0,1127","-12.2","0,1201","-1.1","0,0521","-5.0","0,0406","-5.0","0,0406","-7.8","0,0328","-12.2","0,0327","    3001.0","0","","","","","","","","","    3001.0","0","","","","","","","","","","","","","","","","","","","","","","","","","","","","","","","","","","","","","","","","","    901.0"," ,0","      572"," ,0","     11.07","0","     16.76","0","      5.37","0"
"USC00129430","2003","40.475","-86.9919","215.8","WEST LAFAYETTE 6 NW, IN US","    408.3","","     408.3","0","       136","0","        73","0","         9","0","","","        12","0","        11","0","       127","0","        52","0","       156","0","        12","0","","","","","  -25.0","0,0127, ","","","   198"," ,0,0103, ","  63.8"," ,0,0901, ","   35.0","0,0705, ","-2.8","0,1002","-2.8","0,1002","-4.4","0,1108","-8.3","0,1109","-10.0","0,1212","-2.8","0,0423","-2.8","0,0423","-4.4","0,0330","-11.7","0,0311","-11.7","0,0311","    3469.0","0","      23.3","0,3,1","      25.6","0,3,2","      26.7","0,3,3","","","    3469.0","0","      37.8","0,3,1","      36.1","0,3,2","      31.7","0,3,3","","","      -7.2","0,3,1","      -4.4","0,3,2","      -1.7","0,3,3","","","      -5.0","0,3,1","      -3.9","0,3,2","      -1.1","0,3,3","","","       7.8","0,3,1","      10.0","0,3,2","      11.3","0,3,3","","","      16.0","0,3,1","      14.9","0,3,2","      14.3","0,3,3","","","   1092.9"," ,0","      765"," ,0","     10.04","0","     15.85","0","      4.22","0"
"USC00129430","2004","40.475","-86.9919","215.8","WEST LAFAYETTE 6 NW, IN US","    388.4","","     388.4","0","       113","0","        74","0","         8","0","       30","","         7","0","         6","0","       119","0","        39","0","       161","0","         4","0","","","","","  -23.9","0,0201,+","   127"," ,0,1228,+","    79"," ,0,1223, "," 107.2"," ,0,0612, ","   33.3","0,0521, ","-0.6","0,1003","-4.4","0,1005","-4.4","0,1005","-8.3","0,1214","-10.6","0,1215","-3.3","0,0414","-3.3","0,0414","-5.6","0,0323","-8.3","0,0322","-12.8","0,0217","    3147.4","4","      23.9","0,3,1","      26.7","0,3,2","      26.1","0,3,3","      24.4","0,5,2","    3147.4","0","      37.2","0,3,1","      37.2","0,3,2","      30.6","0,3,3","      27.8","0,5,2","      -7.2","0,3,1","      -3.9","0,3,2","      -1.7","0,3,3","      -2.2","0,5,2","      -5.6","0,3,1","      -3.3","0,3,2","      -1.7","0,3,3","      -1.1","0,5,2","       9.3","0,3,1","      11.9","0,3,2","      12.1","0,3,3","      11.5","0,5,2","      17.4","0,3,1","      17.0","0,3,2","      15.0","0,3,3","      14.1","0,5,2","   1044.6"," ,0","      367"," ,0","     10.55","0","     16.48","0","      4.62","0"
"USC00129430","2005","40.475","-86.9919","215.8","WEST LAFAYETTE 6 NW, IN US","    582.8","","     582.8","0","       119","0","        69","0","         6","0","","","         6","0","         9","0","       120","0","        45","0","       169","0","        34","0","","","","","  -20.6","0,0123, ","","","   180"," ,0,1209, ","  39.4"," ,0,0926, ","   35.0","0,0627,+","0.0","0,1023","-3.9","0,1111","-9.4","0,1117","-9.4","0,1117","-9.4","0,1117","-2.8","0,0504","-2.8","0,0504","-4.4","0,0324","-7.2","0,0321","-9.4","0,0311","    3188.9","9","      32.2","0,3,1","      28.9","0,3,2","      28.9","0,3,3","      26.1","0,5,2","    3188.9","0","      42.8","0,3,1","      34.4","0,3,2","      31.7","0,3,3","      29.4","0,5,2","      -5.6","0,3,1","      -2.8","0,3,2","       0.6","0,3,3","      -1.7","0,5,2","      -1.1","0,3,1","      -1.7","0,3,2","       1.1","0,3,3","      -0.6","0,5,2","      14.1","0,3,1","      13.2","0,3,2","      13.4","0,3,3","      11.7","0,5,2","      20.2","0,3,1","      16.3","0,3,2","      15.2","0,3,3","      14.3","0,5,2","    816.3"," ,0","      621"," ,0","     10.96","0","     17.08","0","      4.84","0"
"USC00129430","2006","40.475","-86.9919","215.8","WEST LAFAYETTE 6 NW, IN US","    479.3","","     479.3","0","       133","0","        81","0","         9","0","        2","","         3","0","         1","0","       117","0","        10","0","       161","0","        21","0","","","","","  -18.3","0,0219, ","    25"," ,0,0306,+","    46"," ,0,0306, ","  49.0"," ,0,0811, ","   35.6","0,0627, ","-1.7","0,1012","-2.2","0,1015","-5.0","0,1025","-7.2","0,1103","-8.9","0,1203","0.0","0,0426","-2.2","0,0410","-4.4","0,0409","-6.7","0,0322","-9.4","0,0304","    3066.6","6","      27.2","0,3,2","      26.1","0,5,2","","","","","    3066.6","0","      37.8","0,3,2","      31.7","0,5,2","","","","","      -3.3","0,3,2","      -1.1","0,5,2","","","","","      -1.7","0,3,2","      -0.6","0,5,2","","","","","      11.2","0,3,2","      10.4","0,5,2","","","","","      16.4","0,3,2","      13.5","0,5,2","","","","","   1125.6"," ,0","      114"," ,0","     11.43","0","     17.20","0","      5.66","0"
"USC00129430","2007","40.475","-86.9919","215.8","WEST LAFAYETTE 6 NW, IN US","    586.2","","     586.2","0","       119","0","        77","0","        11","0","","","         8","0","        11","0","       134","0","        43","0","       184","0","        32","0","","","","","  -24.4","0,0206, ","","","   191"," ,0,0214, ","  62.7"," ,0,1122, ","   35.6","0,0808, ","-1.1","0,1028","-3.3","0,1102","-6.1","0,1107","-8.3","0,1201","-17.8","0,1206","0.0","0,0417","-4.4","0,0411","-4.4","0,0411","-6.7","0,0318","-8.9","0,0307","    3182.9","9","      24.4","0,3,1","      26.7","0,3,2","      28.3","0,3,3","      25.6","0,5,2","    3182.9","0","      40.0","0,3,1","      36.7","0,3,2","      33.9","0,3,3","      30.6","0,5,2","     -12.2","0,3,1","      -9.4","0,3,2","      -5.6","0,3,3","     -10.6","0,5,2","     -10.0","0,3,1","      -6.1","0,3,2","      -3.9","0,3,3","      -3.3","0,5,2","       8.0","0,3,1","      10.2","0,3,2","      12.2","0,3,3","      10.7","0,5,2","      17.6","0,3,1","      16.5","0,3,2","      14.4","0,3,3","      13.4","0,5,2","   1093.9"," ,0","      821"," ,0","     11.02","0","     17.08","0","      4.95","0"
"USC00129430","2008","40.475","-86.9919","215.8","WEST LAFAYETTE 6 NW, IN US","    392.7","","     392.7","0","       138","0","        82","0","        11","0","","","        15","0","        11","0","       135","0","        42","0","       159","0","         3","0","","","","","  -21.7","0,0125, ","","","    91"," ,0,0201, ","  51.8"," ,0,0206, ","   33.3","0,0903, ","-1.1","0,1022","-4.4","0,1028","-4.4","0,1028","-6.7","0,1111","-8.9","0,1121","0.0","0,0429","-2.8","0,0415","-5.6","0,0329","-11.1","0,0309","-11.1","0,0309","    3376.4","4","      23.3","0,3,1","      22.2","0,3,2","      25.6","0,3,3","      20.6","0,5,2","    3376.4","0","      35.6","0,3,1","      31.7","0,3,2","      27.8","0,3,3","      26.1","0,5,2","     -13.3","0,3,1","     -11.1","0,3,2","      -4.4","0,3,3","      -5.0","0,5,2","      -8.3","0,3,1","      -5.6","0,3,2","      -2.2","0,3,3","      -3.9","0,5,2","       6.7","0,3,1","       8.0","0,3,2","      10.1","0,3,3","       8.2","0,5,2","      15.0","0,3,1","      13.9","0,3,2","      11.9","0,3,3","      10.7","0,5,2","   1099.5"," ,0","      793"," ,0","      9.66","0","     15.76","0","      3.57","0"
"USC00129430","2009","40.475","-86.9919","215.8","WEST LAFAYETTE 6 NW, IN US","    350.4","","     350.4","0","       131","0","        76","0","        10","0","","","         7","0","         8","0","       133","0","        44","0","       151","0","         8","0","","","","","  -27.2","0,0116, ","","","   102"," ,0,0128, ","  66.8"," ,0,0602, ","   34.4","0,0625, ","0.0","0,1010","-2.2","0,1018","-5.6","0,1204","-8.3","0,1205","-14.4","0,1210","0.0","0,0417","-2.8","0,0412","-8.3","0,0408","-8.3","0,0408","-12.2","0,0304","    3440.1","1","      27.2","0,3,1","      27.2","0,3,2","      24.4","0,5,2","","","    3440.1","0","      41.7","0,3,1","      36.7","0,3,2","      33.9","0,5,2","","","     -15.0","0,3,1","     -14.4","0,3,2","      -6.1","0,5,2","","","     -12.2","0,3,1","      -9.4","0,3,2","      -5.6","0,5,2","","","       9.0","0,3,1","       9.8","0,3,2","      10.1","0,5,2","","","      17.3","0,3,1","      15.1","0,3,2","      12.6","0,5,2","","","   1091.5"," ,0","      398"," ,0","      9.99","0","     15.79","0","      4.18","0"
"USC00129430","2010","40.475","-86.9919","215.8","WEST LAFAYETTE 6 NW, IN US","    643.6","","     643.6","0","       109","0","        74","0","         7","0","       59","","        13","0","        10","0","       142","0","        54","0","       180","0","        26","0","         2"," ","","","  -21.1","0,0110, ","   203"," ,0,0111,+","   104"," ,0,1225, ","  76.5"," ,0,0622, ","   34.4","0,0922,+","-1.7","0,1004","-2.2","0,1019","-4.4","0,1102","-7.2","0,1103","-16.7","0,1206","-1.7","0,0429","-2.8","0,0327","-5.0","0,0307","-6.7","0,0306","-9.4","0,0226","    3302.2","2","      26.7","0,3,1","      25.6","0,5,2","","","","","    3302.2","0","      38.3","0,3,1","      31.1","0,5,2","","","","","      -8.3","0,3,1","      -3.9","0,5,2","","","","","      -1.7","0,3,1","      -0.6","0,5,2","","","","","       9.9","0,3,1","      11.3","0,5,2","","","","","      18.4","0,3,1","      13.5","0,5,2","","","","","    957.7"," ,0","      797"," ,0","     10.60","0","     16.90","0","      4.31","0"
"USC00129430","2011","40.475","-86.9919","215.8","WEST LAFAYETTE 6 NW, IN US","    576.7","","     576.7","7","","","","","","","","","","","         8","7","       116","7","        33","7","       150","7","        29","7","         1"," ","","","  -25.0","7,0210, ","","","","","","","   36.7","7,0903,+","0.0","7,1002","-2.2","7,1028","-4.4","7,1201","-11.7","7,1210","-11.7","7,1210","-4.4","K,0421","-4.4","K,0421","-4.4","K,0421","-6.7","K,0401","-9.4","K,0212","    3547.8","8","      32.2","7,3,1","      26.7","7,5,2","","","","","    3547.8","7","      30.0","7,5,2","","","","","","","     -11.7","7,3,1","      -2.2","7,5,2","","","","","      -1.7","7,5,2","","","","","","","      10.5","7,3,1","      10.3","7,5,2","","","","","      12.0","7,5,2","","","","","","","","","","","     10.97","7","     16.70","7","      5.24","7"
"USC00129430","2012","40.475","-86.9919","215.8","WEST LAFAYETTE 6 NW, IN US","    666.4","","     666.4","7","       108","7","        64","7","         6","7","","","","","         1","7","       120","7","        14","7","       179","7","        52","7","         1"," ","","","  -20.0","7,0120, ","","","","","  83.3"," ,7,0827, ","   38.3","7,0726,+","-0.6","7,0924","-3.9","7,1008","-6.1","7,1105","-6.7","7,1127","-8.9","7,1222","-2.2","7,0427","-2.2","7,0427","-5.0","7,0412","-6.7","7,0226","-9.4","7,0213","    2673.5","5","      27.8","7,3,1","      27.8","7,3,2","      28.3","7,3,3","      25.6","7,5,2","    2673.5","7","      42.2","7,3,1","      37.8","7,3,2","      32.8","7,3,3","      31.1","7,5,2","      -5.6","7,3,1","      -3.3","7,3,2","      -1.1","7,3,3","      -0.6","7,5,2","      -1.7","7,3,1","      -2.8","7,3,2","      -1.1","7,3,3","       0.0","7,5,2","      10.3","7,3,1","      10.8","7,3,2","      12.0","7,3,3","      11.3","7,5,2","      20.7","7,3,1","      17.0","7,3,2","      14.6","7,3,3","      12.9","7,5,2","    822.9"," ,7","","","     12.43","7","     18.86","7","      6.00","7"
"USC00129430","2013","40.475","-86.9919","215.8","WEST LAFAYETTE 6 NW, IN US","    477.9","","     477.9","7","       114","7","        63","7","         9","7","","","","","         1","7","       140","7","        41","7","       160","7","        14","7","         5"," ","         2"," ","  -18.9","7,1212, ","","","","","  77.5"," ,7,0419, ","   36.7","7,0911, ","-4.4","7,1022","-4.4","7,1022","-4.4","7,1022","-8.3","7,1113","-12.2","7,1124","-1.1","7,0422","-5.0","7,0404","-5.0","7,0404","-9.4","7,0323","-9.4","7,0323","    3260.1","1","      27.2","7,3,1","      27.2","7,3,2","      26.7","7,3,3","      23.9","7,5,2","    3260.1","7","      43.3","7,3,1","      36.7","7,3,2","      31.7","7,3,3","      35.0","7,5,2","     -10.0","7,3,1","      -5.6","7,3,2","      -2.2","7,3,3","      -2.2","7,5,2","      -2.2","7,3,1","      -3.3","7,3,2","      -1.7","7,3,3","      -1.1","7,5,2","       8.5","7,3,1","       8.8","7,3,2","       9.8","7,3,3","       9.6","7,5,2","      18.0","7,3,1","      14.2","7,3,2","      12.4","7,3,3","      10.8","7,5,2","    972.2"," ,7","","","     10.14","7","     15.89","7","      4.39","7"
"USC00129430","2014","40.475","-86.9919","215.8","WEST LAFAYETTE 6 NW, IN US","    418.1","","     418.1","7","       129","7","        83","7","        14","7","       56","","        19","7","        23","7","       144","7","        58","7","       152","7","         8","7","         1"," ","         1"," ","  -29.4","7,0212,+","   305"," ,7,0218,+","   226"," ,7,0106, ","  54.9"," ,7,0811, ","   33.3","7,0906,+","-1.1","7,1022","-2.8","7,1101","-7.2","7,1102","-7.2","7,1102","-9.4","7,1114","-1.7","7,0423","-2.2","7,0417","-5.0","7,0331","-8.9","7,0327","-8.9","7,0327","    3869.1","1","      23.9","7,3,1","      23.3","7,3,2","      23.9","7,5,2","","","    3869.1","7","      39.4","7,3,1","      35.6","7,3,2","      25.0","7,5,2","","","      -8.9","7,3,1","      -8.3","7,3,2","      -6.7","7,5,2","","","      -4.4","7,3,1","      -3.9","7,3,2","      -2.2","7,5,2","","","       8.0","7,3,1","       8.0","7,3,2","       8.7","7,5,2","","","      17.0","7,3,1","      13.8","7,3,2","       9.8","7,5,2","","","   1219.0"," ,7","     1265"," ,7","      8.61","7","     14.87","7","      2.34","7"
"USC00129430","2015","40.475","-86.9919","215.8","WEST LAFAYETTE 6 NW, IN US","    467.7","","     467.7","7","       119","7","        73","7","        12","7","       35","","        10","7","        21","7","       118","7","        43","7","       166","7","        11","7","         1"," ","","","  -23.3","7,0206,+","   203"," ,7,0302, ","   152"," ,7,0106, ","  66.3"," ,7,0919, ","   34.4","7,0905, ","-1.7","7,1017","-3.3","7,1108","-4.4","7,1114","-14.4","7,1122","-14.4","7,1122","0.0","7,0501","-3.3","7,0428","-10.0","7,0329","-10.0","7,0329","-10.0","7,0329","    3728.0","0","      23.9","7,3,1","      24.4","7,3,2","      24.4","7,3,3","      22.8","7,5,2","    3728.0","7","      40.6","7,3,1","      35.0","7,3,2","      27.8","7,3,3","      32.8","7,5,2","     -12.2","7,3,1","     -10.6","7,3,2","      -7.2","7,3,3","      -3.9","7,5,2","      -6.1","7,3,1","      -6.7","7,3,2","      -5.6","7,3,3","      -3.9","7,5,2","       8.9","7,3,1","       8.9","7,3,2","      10.3","7,3,3","       9.6","7,5,2","      18.3","7,3,1","      15.1","7,3,2","      12.5","7,3,3","      11.2","7,5,2","   1155.3"," ,7","      765"," ,7","     10.50","7","     16.58","7","      4.42","7"
"USC00129430","2016","40.475","-86.9919","215.8","WEST LAFAYETTE 6 NW, IN US","    569.6","","     569.6","7","       111","7","        74","7","         6","7","       20","","         7","7","         6","7","       108","7","        37","7","       164","7","         9","7","         3"," ","","","  -26.7","7,1220, ","   127"," ,7,0225, ","   180"," ,7,0225, ","  72.6"," ,7,0816, ","   33.9","7,0612, ","-3.3","7,1112","-3.3","7,1112","-4.4","7,1120","-7.2","7,1208","-16.7","7,1214","-1.1","7,0413","-4.4","7,0410","-4.4","7,0410","-9.4","7,0305","-9.4","7,0305","    2863.6","6","      27.2","7,3,1","      27.2","7,3,2","      27.8","7,3,3","      24.4","7,5,2","    2863.6","7","      43.3","7,3,1","      39.4","7,3,2","      32.2","7,3,3","      26.1","7,5,2","      -8.3","7,3,1","      -6.7","7,3,2","      -5.0","7,3,3","      -3.9","7,5,2","      -3.9","7,3,1","      -4.4","7,3,2","      -2.2","7,3,3","      -1.7","7,5,2","      10.3","7,3,1","      10.0","7,3,2","      11.4","7,3,3","      10.8","7,5,2","      19.4","7,3,1","      16.1","7,3,2","      13.9","7,3,3","      12.3","7,5,2","    926.9"," ,7","      489"," ,7","     11.47","7","     16.84","7","      6.10","7"
"USC00129430","2017","40.475","-86.9919","215.8","WEST LAFAYETTE 6 NW, IN US","    436.2","","     436.2","7","       120","7","        82","7","        16","7","       13","","         3","7","         7","7","       109","7","        30","7","       164","7","         6","7","         2"," ","         2"," ","  -26.1","7,1231, ","   178"," ,7,1231,+","   122"," ,7,1230, ","  53.1"," ,7,0713, ","   33.9","7,0614, ","-0.6","7,1026","-2.2","7,1108","-7.2","7,1110","-7.2","7,1110","-10.0","7,1208","0.0","7,0423","-2.8","7,0324","-4.4","7,0323","-7.2","7,0317","-9.4","7,0316","    2852.5","5","      25.0","7,3,1","      24.4","7,3,2","      26.7","7,3,3","      22.8","7,5,2","    2852.5","7","      42.8","7,3,1","      37.2","7,3,2","      32.8","7,3,3","      29.4","7,5,2","      -6.1","7,3,1","      -4.4","7,3,2","      -1.1","7,3,3","      -2.8","7,5,2","      -4.4","7,3,1","      -3.3","7,3,2","      -0.6","7,3,3","      -1.7","7,5,2","      10.2","7,3,1","      10.0","7,3,2","      11.6","7,3,3","      10.5","7,5,2","      20.5","7,3,1","      17.3","7,3,2","      14.6","7,3,3","      12.0","7,5,2","   1209.0"," ,7","      376"," ,7","     11.26","7","     16.86","7","      5.65","7"
"USC00129430","2018","40.475","-86.9919","215.8","WEST LAFAYETTE 6 NW, IN US","    605.5","","     605.5","7","       126","7","        88","7","         6","7","       24","","         5","7","        15","7","       150","7","        35","7","       159","7","        19","7","         2"," ","","","  -28.9","7,0106, ","   178"," ,7,0102,+","   109"," ,7,0402, ","  46.2"," ,7,1011, ","   36.1","7,0529, ","0.0","7,1013","-2.2","7,1018","-5.0","7,1021","-7.8","7,1110","-10.6","7,1114","0.0","7,0430","-3.9","7,0429","-6.7","7,0409","-6.7","7,0409","-10.0","7,0403","    3455.5","5","      27.8","7,3,1","      27.2","7,3,2","      27.2","7,3,3","      23.9","7,5,2","    3455.5","7","      43.9","7,3,1","      38.3","7,3,2","      32.2","7,3,3","      25.0","7,5,2","      -8.9","7,3,1","      -6.7","7,3,2","      -6.1","7,3,3","      -3.3","7,5,2","      -6.1","7,3,1","      -5.0","7,3,2","      -2.2","7,3,3","      -1.1","7,5,2","       9.6","7,3,1","       9.3","7,3,2","      10.6","7,3,3","      10.7","7,5,2","      19.6","7,3,1","      16.4","7,3,2","      13.8","7,3,3","      12.0","7,5,2","   1057.7"," ,7","      362"," ,7","     10.33","7","     15.73","7","      4.94","7"
"USC00129430","2019","40.475","-86.9919","215.8","WEST LAFAYETTE 6 NW, IN US","    501.3","","     501.3","7","       118","7","        80","7","         5","7","       33","","        11","7","        11","7","       134","7","        40","7","       158","7","        12","7","         8"," ","         1"," ","  -28.3","7,0131, ","   127"," ,7,0113, ","   102"," ,7,0113, ","  37.1"," ,7,1027, ","   33.3","7,0722,+","0.0","7,1012","-5.0","7,1101","-5.0","7,1101","-10.0","7,1108","-10.0","7,1108","0.0","7,0415","-2.8","7,0402","-4.4","7,0401","-7.2","7,0324","-12.8","7,0307","    3505.6","6","      27.2","7,3,1","      26.7","7,3,2","      27.8","7,3,3","      25.6","7,5,2","    3505.6","7","      41.7","7,3,1","      38.9","7,3,2","      35.0","7,3,3","      27.2","7,5,2","     -16.7","7,3,1","     -15.0","7,3,2","      -9.4","7,3,3","      -8.3","7,5,2","      -6.7","7,3,1","      -8.9","7,3,2","      -5.0","7,3,3","      -4.4","7,5,2","       8.9","7,3,1","       8.4","7,3,2","       9.8","7,3,3","      10.4","7,5,2","      19.0","7,3,1","      16.4","7,3,2","      13.4","7,3,3","      11.8","7,5,2","    924.3"," ,7","      534"," ,7","     10.16","7","     15.59","7","      4.74","7"
"USC00129430","2020","40.475","-86.9919","215.8","WEST LAFAYETTE 6 NW, IN US","    459.7","","     459.7","7","       111","7","        73","7","         5","7","       17","","         5","7","         2","7","       131","7","        25","7","       151","7","         9","7","         3"," ","         1"," ","  -22.2","7,0214, ","    51"," ,7,1216,+","    51"," ,7,1216,+","  45.7"," ,7,0111, ","   33.3","7,0603, ","-1.7","7,1005","-2.2","7,1016","-4.4","7,1102","-7.8","7,1202","-11.1","7,1218","-0.6","7,0510","-4.4","7,0509","-4.4","7,0509","-7.2","7,0308","-11.1","7,0301","    3267.3","3","      26.7","7,3,1","      25.6","7,3,2","      26.1","7,3,3","      24.4","7,5,2","    3267.3","7","      41.7","7,3,1","      36.7","7,3,2","      31.1","7,3,3","      25.6","7,5,2","      -5.6","7,3,1","      -5.0","7,3,2","      -2.2","7,3,3","      -1.1","7,5,2","      -3.9","7,3,1","      -3.9","7,3,2","      -1.7","7,3,3","      -0.6","7,5,2","       9.4","7,3,1","       8.7","7,3,2","      10.0","7,3,3","      10.6","7,5,2","      19.6","7,3,1","      16.6","7,3,2","      13.6","7,3,3","      12.5","7,5,2","    835.2"," ,7","      228"," ,7","     10.79","7","     16.25","7","      5.34","7"
"USC00129430","2021","40.475","-86.9919","215.8","WEST LAFAYETTE 6 NW, IN US","    617.0","","     617.0","7","","","","","","","","","","","         9","7","       127","7","        33","7","       166","7","        22","7","         2"," ","","","  -24.4","7,0208,+","","","","","","","   37.8","7,0620, ","0.0","7,1027","-3.3","7,1103","-4.4","7,1115","-7.2","7,1123","-10.6","7,1207","-1.1","7,0422","-3.3","7,0421","-7.2","7,0403","-7.2","7,0403","-10.0","7,0221","    3272.8","8","","","","","","","","","    3272.8","7","","","","","","","","","","","","","","","","","","","","","","","","","","","","","","","","","","","","","","","","","","","","","     11.37","7","     16.91","7","      5.84","7"
"USC00129430","2022","40.475","-86.9919","215.8","WEST LAFAYETTE 6 NW, IN US","    534.2","","     534.2","7","","","","","","","","","","","         5","7","       131","7","        43","7","       153","7","        14","7","","","","","  -23.3","7,0126, ","","","","","","","   36.7","7,0706, ","0.0","7,1004","-2.2","7,1008","-7.8","7,1113","-7.8","7,1113","-11.1","7,1119","-1.1","7,0427","-2.8","7,0417","-5.6","7,0329","-7.8","7,0328","-8.9","7,0313","    3089.0","0","","","","","","","","","    3089.0","7","","","","","","","","","","","","","","","","","","","","","","","","","","","","","","","","","","","","","","","","","","","","","     10.55","7","     16.29","7","      4.82","7"
"USC00129430","2023","40.475","-86.9919","215.8","WEST LAFAYETTE 6 NW, IN US","","","","","","","","","","","","","","","         0","7","       100","7","        14","7","       172","7","        33","7","","","","","  -15.0","7,0201,+","","","","","","","   37.8","7,0825, ","-4.4","7,1031","-4.4","7,1031","-4.4","7,1031","-8.9","7,1128","-8.9","7,1128","-1.7","7,0426","-3.3","7,0424","-4.4","7,0320","-10.0","7,0319","-10.0","7,0319","    2978.8","8","","","","","","","","","    2978.8","7","","","","","","","","","","","","","","","","","","","","","","","","","","","","","","","","","","","","","","","","","","","","","     12.53","7","     18.48","7","      6.58","7"
"USC00129430","2024","40.475","-86.9919","215.8","WEST LAFAYETTE 6 NW, IN US","","","","","","","","","","","","","","","         6","7","        92","7","","","","","","","         1"," ","","","  -22.8","7,0116, ","","","","","","","","","-2.8","7,1017","-2.8","7,1017","-5.0","7,1129","-10.6","7,1130","-10.6","7,1130","-0.6","7,0425","-2.2","7,0406","-5.0","7,0321","-8.3","7,0229","-8.9","7,0219","","","","","","","","","","","","","","","","","","","","","","","","","","","","","","","","","","","","","","","","","","","","","","","","","","","","","    949.7"," ,7","","","","","","","      7.00","7"
