"STATION","DATE","LATITUDE","LONGITUDE","ELEVATION","NAME","AWND","AWND_ATTRIBUTES","CDSD","CDSD_ATTRIBUTES","CLDD","CLDD_ATTRIBUTES","DP01","DP01_ATTRIBUTES","DP10","DP10_ATTRIBUTES","DP1X","DP1X_ATTRIBUTES","DSND","DSND_ATTRIBUTES","DSNW","DSNW_ATTRIBUTES","DT00","DT00_ATTRIBUTES","DT32","DT32_ATTRIBUTES","DX32","DX32_ATTRIBUTES","DX70","DX70_ATTRIBUTES","DX90","DX90_ATTRIBUTES","DYFG","DYFG_ATTRIBUTES","DYHF","DYHF_ATTRIBUTES","DYTS","DYTS_ATTRIBUTES","EMNT","EMNT_ATTRIBUTES","EMSD","EMSD_ATTRIBUTES","EMSN","EMSN_ATTRIBUTES","EMXP","EMXP_ATTRIBUTES","EMXT","EMXT_ATTRIBUTES","FZF0","FZF0_ATTRIBUTES","FZF1","FZF1_ATTRIBUTES","FZF2","FZF2_ATTRIBUTES","FZF3","FZF3_ATTRIBUTES","FZF4","FZF4_ATTRIBUTES","FZF5","FZF5_ATTRIBUTES","FZF6","FZF6_ATTRIBUTES","FZF7","FZF7_ATTRIBUTES","FZF8","FZF8_ATTRIBUTES","FZF9","FZF9_ATTRIBUTES","HDSD","HDSD_ATTRIBUTES","HTDD","HTDD_ATTRIBUTES","PRCP","PRCP_ATTRIBUTES","PSUN","PSUN_ATTRIBUTES","SNOW","SNOW_ATTRIBUTES","TAVG","TAVG_ATTRIBUTES","TMAX","TMAX_ATTRIBUTES","TMIN","TMIN_ATTRIBUTES","TSUN","TSUN_ATTRIBUTES","WDF1","WDF1_ATTRIBUTES","WDF2","WDF2_ATTRIBUTES","WDF5","WDF5_ATTRIBUTES","WDFG","WDFG_ATTRIBUTES","WDFM","WDFM_ATTRIBUTES","WSF1","WSF1_ATTRIBUTES","WSF2","WSF2_ATTRIBUTES","WSF5","WSF5_ATTRIBUTES","WSFG","WSFG_ATTRIBUTES","WSFM","WSFM_ATTRIBUTES"
"USW00014936","1882","44.37916","-98.22275","390.7","HURON REGIONAL AIRPORT, SD US","","","    259.9","","     259.9","X","        96","X","        45","X","        10","X","","","","","        36","X","       165","X","        56","X","       123","X","        12","X","","","","","","","  -28.9","X,1207, ","","","","","  54.1"," ,X,0622, ","   34.4","X,0818, ","-1.1","X,0921","-2.8","X,1026","-4.4","X,1102","-9.4","X,1111","-9.4","X,1111","-2.2","X,0522","-2.2","X,0522","-7.2","X,0404","-7.2","X,0404","-10.0","X,0324","    4377.9","9","    4377.9","X","    715.0"," ,X","","","","","      6.92","X","     13.30","X","      0.53","X","","","","","","","","","","","","","","","","","","","","","",""
"USW00014936","1883","44.37916","-98.22275","390.7","HURON REGIONAL AIRPORT, SD US","","","    231.0","","     231.0","X","       115","X","        46","X","         4","X","","","","","        55","X","       174","X","        74","X","       109","X","         8","X","","","","","","","  -35.6","X,0204, ","","","","","  53.3"," ,X,0617, ","   37.2","X,0701, ","-0.6","X,0925","-2.2","X,0930","-5.6","X,1020","-10.0","X,1111","-10.0","X,1111","0.0","X,0510","-2.8","X,0411","-4.4","X,0405","-7.8","X,0328","-11.1","X,0327","    4897.2","2","    4897.2","X","    591.2"," ,X","","","","","      5.12","X","     11.42","X","     -1.18","X","","","","","","","","","","","","","","","","","","","","","",""
"USW00014936","1884","44.37916","-98.22275","390.7","HURON REGIONAL AIRPORT, SD US","","","    288.3","","     288.3","X","       114","X","        49","X","         3","X","","","","","        65","X","       179","X","        82","X","       139","X","         7","X","","","","","","","  -38.9","X,0104, ","","","","","  30.2"," ,X,0721, ","   35.6","X,0902, ","-5.0","X,1008","-5.0","X,1008","-5.0","X,1008","-6.7","X,1101","-11.1","X,1105","-1.1","X,0502","-3.9","X,0421","-4.4","X,0420","-8.3","X,0317","-12.2","X,0313","    5001.4","4","    5001.4","X","    530.2"," ,X","","","","","      5.44","X","     11.94","X","     -1.06","X","","","","","","","","","","","","","","","","","","","","","",""
"USW00014936","1885","44.37916","-98.22275","390.7","HURON REGIONAL AIRPORT, SD US","","","    298.5","","     298.5","X","        96","X","        48","X","         6","X","","","","","        47","X","       189","X","        71","X","       121","X","         9","X","","","","","","","  -36.1","X,0102,+","","","","","  42.7"," ,X,0528, ","   36.7","X,0730,+","-0.6","X,0905","-4.4","X,1004","-4.4","X,1004","-11.1","X,1102","-11.1","X,1102","-3.9","X,0510","-3.9","X,0510","-6.1","X,0413","-7.8","X,0408","-10.0","X,0323","    4885.2","2","    4885.2","X","    655.2"," ,X","","","","","      5.92","X","     12.10","X","     -0.27","X","","","","","","","","","","","","","","","","","","","","","",""
"USW00014936","1886","44.37916","-98.22275","390.7","HURON REGIONAL AIRPORT, SD US","","","    397.0","","     397.0","X","       120","X","        46","X","         4","X","","","","","        54","X","       170","X","        81","X","       150","X","        31","X","","","","","","","  -36.1","X,0109, ","","","","","  48.3"," ,X,0807, ","   40.0","X,0712, ","-2.2","X,0930","-2.2","X,0930","-5.6","X,1001","-6.7","X,1026","-11.1","X,1111","0.0","X,0504","-2.2","X,0426","-5.0","X,0407","-7.2","X,0405","-10.0","X,0403","    4659.5","5","    4659.5","X","    515.0"," ,X","","","","","      6.11","X","     12.98","X","     -0.76","X","","","","","","","","","","","","","","","","","","","","","",""
"USW00014936","1887","44.37916","-98.22275","390.7","HURON REGIONAL AIRPORT, SD US","","","    360.6","","     360.6","X","       117","X","        56","X","         7","X","","","","","        67","X","       178","X","        91","X","       145","X","        19","X","","","","","","","  -41.7","X,0108, ","","","","","  45.0"," ,X,0413, ","   37.2","X,0714, ","-3.3","X,0923","-3.3","X,0923","-4.4","X,1011","-6.7","X,1023","-13.3","X,1024","0.0","X,0503","-2.8","X,0424","-5.0","X,0405","-8.9","X,0404","-8.9","X,0404","    4988.2","2","    4988.2","X","    648.9"," ,X","","","","","      5.32","X","     12.05","X","     -1.42","X","","","","","","","","","","","","","","","","","","","","","",""
"USW00014936","1888","44.37916","-98.22275","390.7","HURON REGIONAL AIRPORT, SD US","","","    311.3","","     311.3","X","        95","X","        43","X","         1","X","","","","","        48","X","       192","X","        78","X","       119","X","        22","X","","","","","","","  -37.8","X,0115, ","","","","","  38.1"," ,X,0804, ","   38.9","X,0711, ","-1.7","X,0912","-6.1","X,1002","-6.1","X,1002","-8.3","X,1013","-12.2","X,1109","-0.6","X,0516","-4.4","X,0514","-4.4","X,0514","-6.7","X,0419","-12.8","X,0329","    5380.4","4","    5380.4","X","    433.0"," ,X","","","","","      5.28","X","     12.06","X","     -1.50","X","","","","","","","","","","","","","","","","","","","","","",""
"USW00014936","1889","44.37916","-98.22275","390.7","HURON REGIONAL AIRPORT, SD US","","","","","","","        97","X","        42","X","         6","X","","","","","        35","X","       162","X","        59","X","       130","X","        23","X","","","","","","","  -34.4","X,0206, ","","","","","  40.4"," ,X,0418, ","   40.0","X,0706, ","0.0","X,0915","-2.2","X,1005","-8.3","X,1020","-8.3","X,1020","-10.6","X,1105","-4.4","X,0502","-4.4","X,0502","-4.4","X,0502","-11.7","X,0329","-11.7","X,0329","","","","","    512.0"," ,X","","","","","      6.91","X","     14.04","X","     -0.21","X","","","","","","","","","","","","","","","","","","","","","",""
"USW00014936","1890","44.37916","-98.22275","390.7","HURON REGIONAL AIRPORT, SD US","","","","","","","        90","X","        36","X","         3","X","","","","","        46","X","       171","X","        65","X","       139","X","        31","X","","","","","","","  -33.3","X,0116, ","","","","","  38.1"," ,X,0604, ","   39.4","X,0728, ","-3.9","X,0913","-3.9","X,0913","-4.4","X,1017","-10.0","X,1026","-10.0","X,1026","-2.2","X,0515","-2.2","X,0515","-5.0","X,0501","-8.3","X,0401","-9.4","X,0331","","","","","    372.7"," ,X","","","","","      6.37","X","     13.64","X","     -0.90","X","","","","","","","","","","","","","","","","","","","","","",""
"USW00014936","1891","44.37916","-98.22275","390.7","HURON REGIONAL AIRPORT, SD US","","","","","","","        92","X","        37","X","         6","X","","","","","        39","X","       166","X","        75","X","       141","X","        16","X","","","","","","","  -31.1","X,0304, ","","","","","  50.3"," ,X,0616, ","   36.1","X,0807, ","0.0","X,0903","-2.8","X,1006","-4.4","X,1015","-6.7","X,1027","-8.9","X,1101","-1.7","X,0516","-2.2","X,0415","-5.6","X,0414","-10.0","X,0404","-10.0","X,0404","","","","","    512.5"," ,X","","","","","      6.26","X","     13.07","X","     -0.55","X","","","","","","","","","","","","","","","","","","","","","",""
"USW00014936","1892","44.37916","-98.22275","390.7","HURON REGIONAL AIRPORT, SD US","","","    257.0","","     257.0","X","       103","X","        51","X","         4","X","","","","","        45","X","       176","X","        77","X","       122","X","        15","X","","","","","","","  -36.7","X,0118, ","","","","","  57.7"," ,X,0517, ","   37.2","X,0816, ","-1.7","X,0914","-4.4","X,1008","-4.4","X,1008","-6.7","X,1023","-12.2","X,1107","-0.6","X,0509","-2.2","X,0429","-4.4","X,0410","-7.2","X,0409","-16.7","X,0323","","","","","    639.1"," ,X","","","","","      5.82","X","     12.30","X","     -0.65","X","","","","","","","","","","","","","","","","","","","","","",""
"USW00014936","1893","44.37916","-98.22275","390.7","HURON REGIONAL AIRPORT, SD US","","","","","","","       103","X","        40","X","         2","X","      109","","        15","X","        53","X","       185","X","        77","X","       138","X","        39","X","","","","","","","  -36.1","X,0201, ","   229"," ,X,0325,+","   114"," ,X,0323, ","  66.5"," ,X,0704, ","   38.9","X,0906,+","-2.2","X,0916","-2.2","X,0916","-7.2","X,0925","-7.2","X,0925","-10.0","X,1012","0.0","X,0525","-3.3","X,0502","-10.0","X,0414","-10.0","X,0414","-10.0","X,0414","","","","","    430.8"," ,X","","","     1083"," ,X","      5.44","X","     13.03","X","     -2.16","X","","","","","","","","","","","","","","","","","","","","","",""
"USW00014936","1894","44.37916","-98.22275","390.7","HURON REGIONAL AIRPORT, SD US","","","    511.4","","     511.4","X","        85","X","        34","X","         1","X","       67","","         5","X","        42","X","       168","X","        60","X","       152","X","        52","X","","","","","","","  -37.2","X,0124, ","   254"," ,X,0222,+","    71"," ,X,0123, ","  34.8"," ,X,0907, ","   42.2","X,0711, ","-0.6","X,0917","-2.8","X,1008","-5.6","X,1105","-7.8","X,1109","-14.4","X,1110","-0.6","X,0605","-2.8","X,0420","-5.0","X,0411","-15.0","X,0329","-15.0","X,0329","    4227.0","0","    4227.0","X","    344.7"," ,X","","","      379"," ,X","      7.44","X","     15.13","X","     -0.25","X","","","","","","","","","","","","","","","","","","","","","",""
"USW00014936","1895","44.37916","-98.22275","390.7","HURON REGIONAL AIRPORT, SD US","","","    340.4","","     340.4","X","        98","X","        38","X","         2","X","       58","","         4","X","        42","X","       168","X","        70","X","       155","X","        31","X","","","","","","","  -36.1","X,0208, ","   203"," ,X,0215,+","   168"," ,X,0106, ","  53.3"," ,X,0808, ","   39.4","X,0917, ","-1.1","X,0923","-2.2","X,0924","-4.4","X,0929","-9.4","X,1008","-9.4","X,1008","-1.1","X,0526","-2.2","X,0521","-4.4","X,0520","-9.4","X,0320","-9.4","X,0320","    4068.3","3","    4068.3","X","    434.3"," ,X","","","      590"," ,X","      6.69","X","     14.32","X","     -0.94","X","","","","","","","","","","","","","","","","","","","","","",""
"USW00014936","1896","44.37916","-98.22275","390.7","HURON REGIONAL AIRPORT, SD US","","","    306.6","","     306.6","X","       106","X","        47","X","         4","X","       92","","         9","X","        38","X","       183","X","        90","X","       139","X","        21","X","","","","","","","  -27.2","X,1130,+","   305"," ,X,1202,+","   147"," ,X,1030, ","  91.4"," ,X,0606, ","   38.3","X,0807, ","-0.6","X,0911","-4.4","X,0919","-4.4","X,0919","-7.2","X,1018","-8.9","X,1021","-2.2","X,0421","-2.2","X,0421","-6.1","X,0403","-7.8","X,0401","-10.0","X,0323","    4150.1","1","    4150.1","X","    662.6"," ,X","","","      915"," ,X","      6.02","X","     12.66","X","     -0.61","X","","","","","","","","","","","","","","","","","","","","","",""
"USW00014936","1897","44.37916","-98.22275","390.7","HURON REGIONAL AIRPORT, SD US","","","","","","","       112","X","        48","X","         7","X","      122","","        13","X","        56","X","       166","X","","","","","","","","","","","","","  -32.2","X,0126,+","   483"," ,X,0316,+","   267"," ,X,0104, ","  37.8"," ,X,1026, ","","","-1.1","X,1008","-5.0","X,1009","-5.0","X,1009","-8.9","X,1105","-8.9","X,1105","0.0","X,0606","-2.8","X,0524","-6.7","X,0419","-6.7","X,0419","-8.9","X,0321","","","","","    578.4"," ,X","","","     1243"," ,X","","","","","     -0.74","X","","","","","","","","","","","","","","","","","","","","","",""
"USW00014936","1898","44.37916","-98.22275","390.7","HURON REGIONAL AIRPORT, SD US","","","    352.3","","     352.3","X","        82","X","        35","X","         2","X","       28","","         7","X","        26","X","       183","X","        55","X","       125","X","        27","X","","","","","","","  -28.9","X,1213, ","   127"," ,X,1019,+","   140"," ,X,1018, ","  54.4"," ,X,0430, ","   38.9","X,0830, ","-1.1","X,0910","-5.0","X,1005","-5.0","X,1005","-7.8","X,1022","-9.4","X,1108","-1.1","X,0426","-2.8","X,0425","-5.6","X,0410","-8.9","X,0406","-8.9","X,0406","    4298.1","1","    4298.1","X","    397.6"," ,X","","","      433"," ,X","      6.99","X","     13.84","X","      0.14","X","","","","","","","","","","","","","","","","","","","","","",""
"USW00014936","1899","44.37916","-98.22275","390.7","HURON REGIONAL AIRPORT, SD US","","","    352.1","","     352.1","X","        96","X","        32","X","         1","X","       45","","         4","X","        55","X","       173","X","        79","X","       143","X","        25","X","","","","","","","  -38.3","X,0209, ","   152"," ,X,0321,+","   191"," ,X,0314, ","  25.7"," ,X,0503, ","   40.0","X,0725, ","-0.6","X,0917","-2.2","X,0928","-7.8","X,0929","-7.8","X,0929","-11.1","X,1102","-2.2","X,0513","-2.2","X,0513","-5.0","X,0409","-9.4","X,0406","-9.4","X,0406","    5072.6","6","    5072.6","X","    348.2"," ,X","","","      452"," ,X","      6.14","X","     13.21","X","     -0.94","X","","","","","","","","","","","","","","","","","","","","","",""
"USW00014936","1900","44.37916","-98.22275","390.7","HURON REGIONAL AIRPORT, SD US","","","    461.3","","     461.3","X","        87","X","        38","X","         7","X","       26","","         5","X","        31","X","       170","X","        69","X","       163","X","        23","X","","","","","","","  -28.9","X,0131, ","   229"," ,X,0329,+","   221"," ,X,0328, ","  63.5"," ,X,0805, ","   39.4","X,0802, ","-1.1","X,0917","-3.3","X,0927","-4.4","X,1105","-8.3","X,1107","-11.1","X,1108","-0.6","X,0503","-5.0","X,0418","-5.0","X,0418","-12.2","X,0331","-12.2","X,0331","    4174.1","1","    4174.1","X","    629.0"," ,X","","","      456"," ,X","      8.09","X","     15.01","X","      1.16","X","","","","","","","","","","","","","","","","","","","","","",""
"USW00014936","1901","44.37916","-98.22275","390.7","HURON REGIONAL AIRPORT, SD US","","","    486.8","","     486.8","X","        96","X","        40","X","         5","X","       22","","         4","X","        33","X","       170","X","        63","X","       145","X","        36","X","","","","","","","  -30.0","X,1219,+","    76"," ,X,1220,+","    61"," ,X,0325, ","  68.6"," ,X,0615, ","   42.2","X,0801, ","0.0","X,0917","-2.8","X,1101","-5.6","X,1102","-10.6","X,1103","-10.6","X,1103","0.0","X,0607","-2.2","X,0512","-6.7","X,0417","-6.7","X,0417","-13.9","X,0321","    4150.1","1","    4150.1","X","    559.6"," ,X","","","      366"," ,X","      7.89","X","     14.69","X","      1.09","X","","","","","","","","","","","","","","","","","","","","","",""
"USW00014936","1902","44.37916","-98.22275","390.7","HURON REGIONAL AIRPORT, SD US","","","    227.2","","     227.2","X","        91","X","        47","X","         2","X","       66","","        10","X","        38","X","       173","X","        67","X","       127","X","        14","X","","","","","","","  -32.2","X,1226, ","   279"," ,X,1226,+","   102"," ,X,1202, ","  39.4"," ,X,0625, ","   38.3","X,0729, ","-3.9","X,0912","-3.9","X,0912","-5.0","X,1014","-6.7","X,1028","-12.2","X,1110","0.0","X,0621","-5.6","X,0423","-5.6","X,0423","-10.6","X,0407","-10.6","X,0407","    4337.2","2","    4337.2","X","    417.9"," ,X","","","      674"," ,X","      6.53","X","     12.99","X","      0.07","X","","","","","","","","","","","","","","","","","","","","","",""
"USW00014936","1903","44.37916","-98.22275","390.7","HURON REGIONAL AIRPORT, SD US","","","    238.3","","     238.3","X","        80","X","        39","X","         1","X","       97","","         7","X","        49","X","       176","X","        87","X","       140","X","         8","X","","","","","","","  -35.0","X,1213, ","   229"," ,X,0116,+","    89"," ,X,1211, ","  40.6"," ,X,0912, ","   36.7","X,0821, ","-3.9","X,0916","-3.9","X,0916","-4.4","X,1031","-11.1","X,1105","-11.1","X,1105","-0.6","X,0503","-8.3","X,0430","-8.3","X,0430","-8.3","X,0430","-8.9","X,0327","    4765.6","6","    4765.6","X","    351.9"," ,X","","","      441"," ,X","      5.85","X","     12.61","X","     -0.91","X","","","","","","","","","","","","","","","","","","","","","",""
"USW00014936","1904","44.37916","-98.22275","390.7","HURON REGIONAL AIRPORT, SD US","","","    218.9","","     218.9","X","        85","X","        39","X","         5","X","       80","","         8","X","        44","X","       177","X","        80","X","       135","X","        11","X","","","","","","","  -35.0","X,0124, ","   127"," ,X,0408,+","   104"," ,X,0408, ","  53.1"," ,X,0818, ","   41.1","X,0909, ","-1.7","X,0921","-3.3","X,1006","-5.6","X,1027","-8.3","X,1110","-11.7","X,1111","-1.7","X,0427","-8.3","X,0419","-8.3","X,0419","-8.3","X,0419","-10.0","X,0416","    4993.2","2","    4993.2","X","    518.1"," ,X","","","      572"," ,X","      5.98","X","     12.62","X","     -0.66","X","","","","","","","","","","","","","","","","","","","","","",""
"USW00014936","1905","44.37916","-98.22275","390.7","HURON REGIONAL AIRPORT, SD US","","","    269.0","","     269.0","X","       108","X","        49","X","         9","X","       60","","         7","X","        39","X","       180","X","        71","X","       131","X","        19","X","        21"," ","","","        41"," ","  -37.8","X,0202, ","   127"," ,X,0217,+","    51"," ,X,0511,+","  87.1"," ,X,0627, ","   36.7","X,0810, ","-2.8","X,1011","-2.8","X,1011","-6.1","X,1020","-7.2","X,1027","-8.9","X,1101","-1.1","X,0508","-2.8","X,0430","-6.1","X,0421","-7.8","X,0417","-13.9","X,0312","    4564.6","6","    4564.6","X","    736.2"," ,X","","","      480"," ,X","      6.37","X","     12.87","X","     -0.13","X","","","","","","","","","","","","","","","","","","","","","",""
"USW00014936","1906","44.37916","-98.22275","390.7","HURON REGIONAL AIRPORT, SD US","","","    275.2","","     275.2","X","       101","X","        50","X","         6","X","       73","","         8","X","        31","X","       167","X","        81","X","       134","X","        15","X","        13"," ","","","        30"," ","  -32.2","X,0210, ","   254"," ,X,0304,+","   231"," ,X,0302, ","  55.9"," ,X,1020, ","   36.7","X,0816, ","0.0","X,1006","-4.4","X,1009","-4.4","X,1009","-9.4","X,1010","-9.4","X,1010","-1.7","X,0508","-2.8","X,0415","-5.6","X,0404","-10.0","X,0323","-10.0","X,0323","    4365.4","4","    4365.4","X","    645.2"," ,X","","","      659"," ,X","      6.66","X","     12.89","X","      0.42","X","","","","","","","","","","","","","","","","","","","","","",""
"USW00014936","1907","44.37916","-98.22275","390.7","HURON REGIONAL AIRPORT, SD US","","","    227.4","","     227.4","X","        95","X","        33","X","         3","X","       61","","         8","X","        33","X","       201","X","        61","X","       116","X","         8","X","         6"," ","","","        31"," ","  -30.0","X,0205, ","   330"," ,X,0208, ","   137"," ,X,0101, ","  50.3"," ,X,0525, ","   35.6","X,0810,+","-3.3","X,0928","-3.3","X,0928","-7.2","X,1012","-7.2","X,1012","-10.0","X,1111","-0.6","X,0527","-2.8","X,0510","-6.7","X,0503","-6.7","X,0503","-9.4","X,0417","    4863.3","3","    4863.3","X","    383.2"," ,X","","","      774"," ,X","      5.78","X","     12.46","X","     -0.89","X","","","","","","","","","","","","","","","","","","","","","",""
"USW00014936","1908","44.37916","-98.22275","390.7","HURON REGIONAL AIRPORT, SD US","","","    319.0","","     319.0","X","        91","X","        49","X","         7","X","       66","","        10","X","        24","X","       182","X","        70","X","       141","X","        22","X","        14"," ","","","        36"," ","  -26.1","X,1207,+","   229"," ,X,1218,+","   224"," ,X,0306, ","  91.9"," ,X,0617, ","   37.2","X,0710, ","-1.1","X,0927","-2.2","X,0928","-5.0","X,1011","-8.9","X,1110","-8.9","X,1110","-0.6","X,0507","-4.4","X,0502","-4.4","X,0502","-6.7","X,0408","-11.7","X,0402","    4240.8","8","    4240.8","X","    728.6"," ,X","","","      993"," ,X","      7.51","X","     14.07","X","      0.95","X","","","","","","","","","","","","","","","","","","","","","",""
"USW00014936","1909","44.37916","-98.22275","390.7","HURON REGIONAL AIRPORT, SD US","","","    374.0","","     374.0","X","       106","X","        48","X","         1","X","      105","","        16","X","        41","X","       183","X","        81","X","       138","X","        25","X","        18"," ","","","        24"," ","  -31.7","X,0106,+","   279"," ,X,0210,+","   173"," ,X,0209, ","  51.3"," ,X,0524, ","   36.1","X,0815, ","-2.8","X,1011","-2.8","X,1011","-8.3","X,1012","-8.3","X,1012","-10.0","X,1013","-2.2","X,0510","-2.2","X,0510","-5.0","X,0502","-6.7","X,0501","-8.9","X,0413","    4597.1","1","    4597.1","X","    487.2"," ,X","","","     1211"," ,X","      6.01","X","     11.87","X","      0.14","X","","","","","","","","","","","","","","","","","","","","","",""
"USW00014936","1910","44.37916","-98.22275","390.7","HURON REGIONAL AIRPORT, SD US","","","    343.0","","     343.0","X","        69","X","        26","X","         2","X","       76","","         6","X","        41","X","       158","X","        82","X","       144","X","        28","X","        16"," ","","","        25"," ","  -33.9","X,0106, ","   559"," ,X,0113, ","   282"," ,X,0112, ","  32.8"," ,X,0625, ","   37.8","X,0716, ","-0.6","X,0912","-3.3","X,1020","-5.0","X,1021","-9.4","X,1105","-9.4","X,1105","0.0","X,0513","-3.9","X,0424","-5.6","X,0423","-6.7","X,0417","-20.0","X,0227","    4554.2","2","    4554.2","X","    259.4"," ,X","","","      731"," ,X","      7.18","X","     14.05","X","      0.30","X","","","","","","","","","","","","","","","","","","","","","",""
"USW00014936","1911","44.37916","-98.22275","390.7","HURON REGIONAL AIRPORT, SD US","","","    401.8","","     401.8","X","        93","X","        33","X","         3","X","       68","","         3","X","        31","X","       179","X","        78","X","       133","X","        34","X","        15"," ","","","        41"," ","  -33.9","X,0103, ","   152"," ,X,0211,+","   163"," ,X,0205, ","  32.5"," ,X,0906, ","   38.9","X,0815, ","-1.7","X,1020","-2.2","X,1021","-5.6","X,1027","-6.7","X,1028","-15.0","X,1101","-1.7","X,0504","-2.2","X,0503","-5.0","X,0502","-7.2","X,0406","-12.8","X,0327","    4345.7","7","    4345.7","X","    458.6"," ,X","","","      496"," ,X","      6.81","X","     13.39","X","      0.23","X","","","","","","","","","","","","","","","","","","","","","",""
"USW00014936","1912","44.37916","-98.22275","390.7","HURON REGIONAL AIRPORT, SD US","","","    310.7","","     310.7","X","        92","X","        45","X","         1","X","       65","","         3","X","        42","X","       179","X","        74","X","       131","X","        18","X","         9"," ","","","        32"," ","  -41.7","X,0112, ","   127"," ,X,0114,+","    38"," ,X,0320, ","  26.9"," ,X,0614, ","   37.8","X,0825, ","0.0","X,0924","-3.9","X,0927","-4.4","X,1019","-7.2","X,1022","-11.1","X,1102","-1.1","X,0429","-2.2","X,0422","-5.0","X,0407","-8.9","X,0401","-8.9","X,0401","    5032.9","9","    5032.9","X","    426.1"," ,X","","","      277"," ,X","      6.29","X","     12.99","X","     -0.41","X","","","","","","","","","","","","","","","","","","","","","",""
"USW00014936","1913","44.37916","-98.22275","390.7","HURON REGIONAL AIRPORT, SD US","","","    480.1","","     480.1","X","        73","X","        38","X","         4","X","       24","","         4","X","        39","X","       171","X","        59","X","       135","X","        35","X","        10"," ","","","        37"," ","  -28.9","X,0302,+","    76"," ,X,0409,+","    76"," ,X,0409,+","  38.9"," ,X,0519, ","   38.9","X,0905, ","0.0","X,0921","-3.9","X,0922","-4.4","X,1018","-7.2","X,1020","-10.6","X,1021","0.0","X,0506","-2.2","X,0427","-5.0","X,0426","-7.2","X,0328","-19.4","X,0327","    4448.8","8","    4448.8","X","    454.6"," ,X","","","      349"," ,X","      7.57","X","     14.50","X","      0.65","X","","","","","","","","","","","","","","","","","","","","","",""
"USW00014936","1914","44.37916","-98.22275","390.7","HURON REGIONAL AIRPORT, SD US","","","    403.9","","     403.9","X","        87","X","        47","X","        10","X","       56","","         7","X","        43","X","       160","X","        74","X","       147","X","        22","X","        21"," ","","","        35"," ","  -36.1","X,0207, ","   178"," ,X,0214,+","    91"," ,X,0211, ","  89.4"," ,X,0604, ","   38.3","X,0726, ","-2.8","X,1014","-2.8","X,1014","-6.7","X,1027","-6.7","X,1027","-10.0","X,1115","-0.6","X,0512","-3.9","X,0412","-8.3","X,0411","-8.3","X,0411","-9.4","X,0409","    4270.9","9","    4270.9","X","    765.9"," ,X","","","      569"," ,X","      7.25","X","     13.60","X","      0.89","X","","","","","","","","","","","","","","","","","","","","","",""
"USW00014936","1915","44.37916","-98.22275","390.7","HURON REGIONAL AIRPORT, SD US","","","    140.3","","     140.3","X","       104","X","        51","X","         2","X","       81","","        13","X","        19","X","       160","X","        89","X","       119","X","         1","X","        22"," ","","","        38"," ","  -31.1","X,0127, ","   356"," ,X,0307,+","   168"," ,X,0305, ","  30.7"," ,X,0726, ","   33.3","X,0712, ","-0.6","X,1005","-3.9","X,1008","-4.4","X,1111","-7.2","X,1113","-11.1","X,1114","-2.8","X,0518","-2.8","X,0518","-6.7","X,0402","-6.7","X,0402","-10.0","X,0331","    4493.4","4","    4493.4","X","    526.7"," ,X","","","      930"," ,X","      6.55","X","     12.07","X","      1.02","X","","","","","","","","","","","","","","","","","","","","","",""
"USW00014936","1916","44.37916","-98.22275","390.7","HURON REGIONAL AIRPORT, SD US","","","    403.8","","     403.8","X","       103","X","        54","X","         4","X","       74","","        18","X","        56","X","       184","X","        79","X","       117","X","        23","X","        11"," ","","","        41"," ","  -40.0","X,0113, ","   406"," ,X,0214,+","   254"," ,X,0101, ","  42.9"," ,X,0821, ","   37.2","X,0729,+","-2.2","X,0915","-2.2","X,0915","-4.4","X,1017","-7.8","X,1019","-10.0","X,1020","0.0","X,0503","-5.0","X,0501","-5.0","X,0501","-6.7","X,0408","-10.0","X,0406","    4709.5","5","    4709.5","X","    575.9"," ,X","","","     1158"," ,X","      5.61","X","     11.87","X","     -0.65","X","","","","","","","","","","","","","","","","","","","","","",""
"USW00014936","1917","44.37916","-98.22275","390.7","HURON REGIONAL AIRPORT, SD US","","","    291.0","","     291.0","X","        90","X","        43","X","         3","X","       97","","        14","X","        51","X","       182","X","        85","X","       117","X","        18","X","        20"," ","","","        40"," ","  -37.2","X,0202, ","   457"," ,X,0204, ","   292"," ,X,0121, ","  74.4"," ,X,0731, ","   40.0","X,0728, ","-3.3","X,1007","-3.3","X,1007","-9.4","X,1008","-9.4","X,1008","-9.4","X,1008","0.0","X,0506","-2.2","X,0426","-5.0","X,0415","-6.7","X,0320","-15.6","X,0318","    5106.9","9","    5106.9","X","    458.5"," ,X","","","     1195"," ,X","      5.13","X","     11.21","X","     -0.95","X","","","","","","","","","","","","","","","","","","","","","",""
"USW00014936","1918","44.37916","-98.22275","390.7","HURON REGIONAL AIRPORT, SD US","","","    320.7","","     320.7","X","       107","X","        52","X","         4","X","       57","","        11","X","        35","X","       161","X","        59","X","       135","X","        13","X","        25"," ","","","        41"," ","  -33.3","X,0130, ","   127"," ,X,0309, ","    97"," ,X,1107, ","  43.7"," ,X,0706, ","   35.0","X,0610, ","-2.8","X,0918","-2.8","X,0918","-4.4","X,0920","-7.2","X,1121","-12.8","X,1122","-1.7","X,0430","-4.4","X,0424","-4.4","X,0424","-6.7","X,0423","-10.6","X,0315","    4681.8","8","    4681.8","X","    612.7"," ,X","","","      869"," ,X","      7.14","X","     13.35","X","      0.94","X","","","","","","","","","","","","","","","","","","","","","",""
"USW00014936","1919","44.37916","-98.22275","390.7","HURON REGIONAL AIRPORT, SD US","","","    434.5","","     434.5","X","       104","X","        54","X","         4","X","       57","","        14","X","        38","X","       168","X","        73","X","       125","X","        16","X","        27"," ","","","        32"," ","  -32.8","X,0103, ","   229"," ,X,1112,+","   119"," ,X,1109, ","  69.1"," ,X,0718, ","   36.1","X,0726, ","-1.7","X,1009","-8.9","X,1010","-8.9","X,1010","-8.9","X,1010","-8.9","X,1010","0.0","X,0428","-5.0","X,0424","-5.0","X,0424","-7.2","X,0321","-10.6","X,0310","    4196.5","5","    4196.5","X","    584.5"," ,X","","","      923"," ,X","      6.74","X","     12.03","X","      1.45","X","","","","","","","","","","","","","","","","","","","","","",""
"USW00014936","1920","44.37916","-98.22275","390.7","HURON REGIONAL AIRPORT, SD US","","","    316.5","","     316.5","X","        99","X","        51","X","         7","X","       50","","        10","X","        29","X","       172","X","        69","X","       133","X","        13","X","        26"," ","","","        47"," ","  -28.3","X,1224, ","   229"," ,X,0303, ","   203"," ,X,0303, ","  41.4"," ,X,0704, ","   35.6","X,0722, ","-2.8","X,0930","-2.8","X,0930","-6.7","X,1028","-6.7","X,1028","-8.9","X,1102","0.0","X,0430","-3.3","X,0427","-5.0","X,0413","-7.2","X,0407","-8.9","X,0406","    4880.9","9","    4880.9","X","    710.6"," ,X","","","      932"," ,X","      7.08","X","     12.61","X","      1.55","X","","","","","","","","","","","","","","","","","","","","","",""
"USW00014936","1921","44.37916","-98.22275","390.7","HURON REGIONAL AIRPORT, SD US","","","    497.8","","     497.8","X","        93","X","        40","X","         3","X","       41","","         5","X","        16","X","       164","X","        59","X","       142","X","        34","X","        20"," ","","","        43"," ","  -26.7","X,1224, ","   127"," ,X,0327, ","   117"," ,X,0326, ","  43.4"," ,X,0909, ","   37.2","X,0628, ","0.0","X,0930","-2.8","X,1012","-10.0","X,1108","-10.0","X,1108","-10.0","X,1108","0.0","X,0515","-3.9","X,0417","-6.7","X,0416","-6.7","X,0416","-16.7","X,0328","    3845.3","3","    3845.3","X","    527.8"," ,X","","","      461"," ,X","      8.84","X","     15.02","X","      2.66","X","","","","","","","","","","","","","","","","","","","","","",""
"USW00014936","1922","44.37916","-98.22275","390.7","HURON REGIONAL AIRPORT, SD US","","","    455.6","","     455.6","X","        91","X","        42","X","         0","X","       87","","        13","X","        42","X","       156","X","        80","X","       146","X","        32","X","        26"," ","","","        39"," ","  -30.6","X,0213, ","   305"," ,X,0203,+","   152"," ,X,1113, ","  22.4"," ,X,0629,+","   37.8","X,0823, ","0.0","X,1008","-4.4","X,1012","-4.4","X,1012","-6.7","X,1114","-11.1","X,1115","0.0","X,0420","-4.4","X,0419","-4.4","X,0419","-13.3","X,0328","-13.3","X,0328","    4468.4","4","    4468.4","X","    387.7"," ,X","","","     1045"," ,X","      7.40","X","     13.48","X","      1.32","X","","","","","","","","","","","","","","","","","","","","","",""
"USW00014936","1923","44.37916","-98.22275","390.7","HURON REGIONAL AIRPORT, SD US","","","    398.5","","     398.5","X","        98","X","        47","X","         0","X","       16","","         4","X","        23","X","       177","X","        53","X","       133","X","        18","X","        13"," ","","","        42"," ","  -28.3","X,0203, ","   102"," ,X,0127, ","   102"," ,X,0127, ","  23.9"," ,X,0710, ","   37.2","X,0624, ","-1.7","X,1013","-2.8","X,1019","-4.4","X,1020","-6.7","X,1021","-9.4","X,1030","-0.6","X,0512","-2.2","X,0417","-11.7","X,0408","-11.7","X,0408","-11.7","X,0408","    4336.4","4","    4336.4","X","    457.3"," ,X","","","      407"," ,X","      7.98","X","     14.28","X","      1.67","X","","","","","","","","","","","","","","","","","","","","","",""
"USW00014936","1924","44.37916","-98.22275","390.7","HURON REGIONAL AIRPORT, SD US","","","    222.8","","     222.8","X","       101","X","        38","X","         7","X","       51","","        12","X","        43","X","       163","X","        77","X","       130","X","        10","X","        24"," ","","","        39"," ","  -35.0","X,0105, ","   305"," ,X,0329, ","   165"," ,X,0329, ","  57.9"," ,X,0614, ","   35.0","X,0825, ","-0.6","X,0929","-4.4","X,1102","-4.4","X,1102","-8.9","X,1107","-8.9","X,1107","0.0","X,0525","-2.8","X,0422","-5.0","X,0410","-15.0","X,0401","-15.0","X,0401","    4313.4","4","    4313.4","X","    581.0"," ,X","","","      954"," ,X","      6.28","X","     12.44","X","      0.12","X","","","","","","","","","","","","","","","","","","","","","",""
"USW00014936","1925","44.37916","-98.22275","390.7","HURON REGIONAL AIRPORT, SD US","","","    470.9","","     470.9","X","        82","X","        26","X","         0","X","       48","","         7","X","        25","X","       167","X","        76","X","       135","X","        38","X","        22"," ","","","        40"," ","  -28.3","X,0126, ","   102"," ,X,1225,+","    89"," ,X,1224, ","  25.1"," ,X,0723, ","   40.0","X,0823, ","-0.6","X,1001","-2.2","X,1008","-6.1","X,1009","-7.8","X,1020","-12.2","X,1027","-1.1","X,0517","-2.8","X,0506","-6.7","X,0322","-6.7","X,0322","-8.9","X,0315","    4163.4","4","    4163.4","X","    258.2"," ,X","","","      414"," ,X","      7.83","X","     14.10","X","      1.55","X","","","","","","","","","","","","","","","","","","","","","",""
"USW00014936","1926","44.37916","-98.22275","390.7","HURON REGIONAL AIRPORT, SD US","","","    423.2","","     423.2","X","        80","X","        40","X","         2","X","       60","","        11","X","        21","X","       171","X","        67","X","       141","X","        30","X","        20"," ","","","        48"," ","  -32.8","X,0122, ","   279"," ,X,0121,+","   165"," ,X,0119, ","  49.3"," ,X,1003, ","   39.4","X,0718,+","-3.3","X,0924","-3.3","X,0924","-6.7","X,0925","-6.7","X,0925","-10.6","X,1109","-1.7","X,0503","-2.8","X,0428","-4.4","X,0414","-6.7","X,0407","-13.9","X,0405","    4229.9","9","    4229.9","X","    422.3"," ,X","","","      607"," ,X","      7.69","X","     13.87","X","      1.52","X","","","","","","","","","","","","","","","","","","","","","",""
"USW00014936","1927","44.37916","-98.22275","390.7","HURON REGIONAL AIRPORT, SD US","","","    323.3","","     323.3","X","       103","X","        45","X","         5","X","       55","","        10","X","        38","X","       156","X","        71","X","       121","X","        17","X","        30"," ","","","        35"," ","  -30.6","X,0122, ","   229"," ,X,1229, ","   191"," ,X,0311, ","  40.6"," ,X,0712, ","   38.9","X,0627, ","-1.1","X,1008","-3.3","X,1009","-6.1","X,1105","-6.7","X,1106","-13.3","X,1112","-0.6","X,0424","-5.0","X,0422","-5.0","X,0422","-10.6","X,0421","-10.6","X,0421","    4363.8","8","    4363.8","X","    536.1"," ,X","","","      824"," ,X","      6.72","X","     12.60","X","      0.85","X","","","","","","","","","","","","","","","","","","","","","",""
"USW00014936","1928","44.37916","-98.22275","390.7","HURON REGIONAL AIRPORT, SD US","","","    314.3","","     314.3","X","        78","X","        39","X","         2","X","       17","","         3","X","        12","X","       170","X","        45","X","       144","X","        14","X","        19"," ","","","        38"," ","  -31.1","X,0102, ","   203"," ,X,0102,+","   117"," ,X,0413, ","  76.5"," ,X,0627, ","   37.8","X,0814, ","-1.1","X,0923","-2.8","X,0925","-5.0","X,1029","-10.0","X,1102","-10.0","X,1102","-3.9","X,0427","-3.9","X,0427","-5.0","X,0424","-8.9","X,0419","-8.9","X,0419","    4510.2","2","    4510.2","X","    460.1"," ,X","","","      299"," ,X","      8.01","X","     14.38","X","      1.63","X","","","","","","","","","","","","","","","","","","","","","",""
"USW00014936","1929","44.37916","-98.22275","390.7","HURON REGIONAL AIRPORT, SD US","","","    424.8","","     424.8","X","       106","X","        45","X","         2","X","       81","","        14","X","        52","X","       170","X","        84","X","       126","X","        28","X","        48"," ","","","        39"," ","  -33.9","X,0219, ","   254"," ,X,0410,+","   279"," ,X,0410, ","  42.9"," ,X,0410, ","   40.0","X,0902, ","-1.1","X,0918","-3.9","X,1023","-4.4","X,1104","-6.7","X,1113","-8.9","X,1119","-1.7","X,0516","-8.3","X,0412","-8.3","X,0412","-8.3","X,0412","-11.1","X,0309","    4556.9","9","    4556.9","X","    445.6"," ,X","","","     1246"," ,X","      6.30","X","     12.37","X","      0.23","X","","","","","","","","","","","","","","","","","","","","","",""
"USW00014936","1930","44.37916","-98.22275","390.7","HURON REGIONAL AIRPORT, SD US","","","    501.3","","     501.3","X","        86","X","        40","X","         7","X","       25","","         5","X","        23","X","       159","X","        55","X","       135","X","        34","X","        21"," ","","","        42"," ","  -33.9","X,0117, ","   254"," ,X,0228, ","   249"," ,X,0228, ","  48.0"," ,X,0818, ","   41.1","X,0711, ","-1.7","X,0927","-2.8","X,1016","-5.0","X,1017","-6.7","X,1018","-10.6","X,1021","-1.1","X,0517","-2.2","X,0424","-6.7","X,0401","-6.7","X,0401","-12.2","X,0320","    4328.8","8","    4328.8","X","    546.2"," ,X","","","      571"," ,X","      8.30","X","     14.45","X","      2.15","X","","","","","","","","","","","","","","","","","","","","","",""
"USW00014936","1931","44.37916","-98.22275","390.7","HURON REGIONAL AIRPORT, SD US","","","    663.8","","     663.8","X","        85","X","        29","X","         1","X","       36","","         4","X","         6","X","       164","X","        40","X","       160","X","        56","X","        33"," ","","","        34"," ","  -23.3","X,0114, ","   254"," ,X,1231, ","   254"," ,X,1230, ","  34.0"," ,X,1230, ","   42.2","X,0628, ","0.0","X,1011","-2.2","X,1104","-5.0","X,1110","-7.8","X,1121","-15.6","X,1124","-2.2","X,0522","-2.2","X,0522","-4.4","X,0506","-6.7","X,0330","-12.2","X,0329","    3780.8","8","    3780.8","X","    322.7"," ,X","","","      597"," ,X","     10.01","X","     16.77","X","      3.25","X","","","","","","","","","","","","","","","","","","","","","",""
"USW00014936","1932","44.37916","-98.22275","390.7","HURON REGIONAL AIRPORT, SD US","","","    493.1","","     493.1","X","       106","X","        41","X","         1","X","       93","","         8","X","        37","X","       163","X","        83","X","       139","X","        35","X","        46"," ","","","        46"," ","  -29.4","X,1212, ","   330"," ,X,0117, ","   112"," ,X,0116, ","  26.7"," ,X,0811, ","   39.4","X,0719, ","-1.1","X,1009","-2.2","X,1021","-7.2","X,1031","-7.2","X,1031","-10.0","X,1113","0.0","X,0427","-2.8","X,0426","-6.7","X,0330","-6.7","X,0330","-9.4","X,0319","    4229.2","2","    4229.2","X","    342.7"," ,X","","","      643"," ,X","      7.21","X","     13.24","X","      1.19","X","","","","","","","","","","","","","","","","","","","","","",""
"USW00014936","1933","44.37916","-98.22275","390.7","HURON REGIONAL AIRPORT, SD US","","","    633.9","","     633.9","X","        77","X","        31","X","         2","X","       37","","         8","X","        24","X","       168","X","        52","X","       146","X","        56","X","        20"," ","","","        47"," ","  -31.7","X,0208,+","   152"," ,X,0305, ","   178"," ,X,0305, ","  34.5"," ,X,0910, ","   43.3","X,0729, ","-3.3","X,1008","-3.3","X,1008","-5.0","X,1012","-7.8","X,1105","-8.9","X,1106","-1.1","X,0426","-6.7","X,0414","-6.7","X,0414","-6.7","X,0414","-10.0","X,0321","    4236.0","0","    4236.0","X","    318.0"," ,X","","","      547"," ,X","      8.89","X","     15.52","X","      2.25","X","","","","","","","","","","","","","","","","","","","","","",""
"USW00014936","1934","44.37916","-98.22275","390.7","HURON REGIONAL AIRPORT, SD US","","","    650.6","","     650.6","X","        77","X","        29","X","         0","X","       11","","         5","X","        23","X","       155","X","        53","X","       161","X","        50","X","        27"," ","","","        36"," ","  -25.6","X,1226, ","   102"," ,X,0330,+","   117"," ,X,0329, ","  23.4"," ,X,0705, ","   43.9","X,0720, ","-2.2","X,0921","-2.2","X,0921","-5.0","X,1031","-7.8","X,1101","-9.4","X,1122","-2.2","X,0427","-2.2","X,0427","-5.0","X,0424","-10.0","X,0331","-10.0","X,0331","    3877.4","4","    3877.4","X","    272.9"," ,X","","","      358"," ,X","      9.53","X","     16.21","X","      2.85","X","","","","","","","","","","","","","","","","","","","","","",""
"USW00014936","1935","44.37916","-98.22275","390.7","HURON REGIONAL AIRPORT, SD US","","","    525.0","","     525.0","X","        97","X","        44","X","         3","X","       39","","        14","X","        20","X","       172","X","        70","X","       121","X","        41","X","        49"," ","","","        43"," ","  -28.9","X,0123,+","   203"," ,X,0406,+","   254"," ,X,0410, ","  35.8"," ,X,0410, ","   40.6","X,0726, ","-3.3","X,0927","-3.3","X,0927","-6.7","X,1004","-6.7","X,1004","-11.1","X,1031","0.0","X,0503","-3.3","X,0416","-6.1","X,0415","-6.7","X,0402","-15.0","X,0307","    4088.0","0","    4088.0","X","    489.0"," ,X","","","     1166"," ,X","      7.77","X","     13.66","X","      1.87","X","","","","","","","","","","","","","","","","","","","","","",""
"USW00014936","1936","44.37916","-98.22275","390.7","HURON REGIONAL AIRPORT, SD US","","","    779.2","","     779.2","X","        94","X","        31","X","         1","X","       97","","        16","X","        53","X","       177","X","        93","X","       150","X","        56","X","        58"," ","","","        41"," ","  -36.1","X,0216, ","   432"," ,X,0221,+","   135"," ,X,1102, ","  38.6"," ,X,0827, ","   43.3","X,0717, ","0.0","X,0927","-3.3","X,1013","-6.1","X,1021","-7.2","X,1022","-12.2","X,1026","-2.2","X,0429","-2.2","X,0429","-4.4","X,0422","-7.8","X,0421","-12.8","X,0407","    5096.3","3","    5096.3","X","    320.4"," ,X","","","     1260"," ,X","      6.79","X","     13.11","X","      0.47","X","","","","","","","","","","","","","","","","","","","","","",""
"USW00014936","1937","44.37916","-98.22275","390.7","HURON REGIONAL AIRPORT, SD US","","","    617.5","","     617.5","X","        89","X","        42","X","         1","X","       98","","        21","X","        47","X","       164","X","        93","X","       139","X","        47","X","        42"," ","","","        29"," ","  -30.0","X,0109, ","   356"," ,X,0207, ","   191"," ,X,0403, ","  58.4"," ,X,0612, ","   42.8","X,0815,+","0.0","X,0926","-7.8","X,1013","-7.8","X,1013","-7.8","X,1013","-10.6","X,1014","0.0","X,0427","-11.7","X,0405","-11.7","X,0405","-11.7","X,0405","-11.7","X,0405","    4688.3","3","    4688.3","X","    397.5"," ,X","","","     1590"," ,X","      6.87","X","     12.83","X","      0.90","X","","","","","","","","","","","","","","","","","","","","","",""
"USW00014936","1938","44.37916","-98.22275","390.7","HURON REGIONAL AIRPORT, SD US","","","    567.2","","     567.2","X","        89","X","        39","X","         6","X","       58","","         9","X","        26","X","       147","X","        66","X","       147","X","        41","X","        62"," ","","","        39"," ","  -29.4","X,0218, ","   305"," ,X,0406,+","   315"," ,X,0405, ","  40.4"," ,X,0426, ","   41.1","X,0802, ","-2.8","X,1022","-2.8","X,1022","-6.7","X,1023","-6.7","X,1023","-8.9","X,1106","-0.6","X,0421","-5.0","X,0409","-5.0","X,0409","-8.3","X,0408","-15.6","X,0309","    4356.4","4","    4356.4","X","    509.9"," ,X","","","     1182"," ,X","      8.68","X","     14.88","X","      2.49","X","","","","","","","","","","","","","","","","","","","","","",""
"USW00014936","1939","44.37916","-98.22275","390.7","HURON REGIONAL AIRPORT, SD US","","","    605.5","","     605.5","X","        78","X","        31","X","         2","X","       34","","         5","X","        26","X","       175","X","        58","X","       159","X","        55","X","        46"," ","","","        44"," ","  -31.1","X,0211, ","   203"," ,X,0210,+","   140"," ,X,0201, ","  28.2"," ,X,0527, ","   41.1","X,0711, ","0.0","X,0925","-2.8","X,0926","-5.0","X,0929","-10.6","X,1028","-10.6","X,1028","-0.6","X,0511","-3.9","X,0421","-11.1","X,0412","-11.1","X,0412","-11.1","X,0412","    4019.9","9","    4019.9","X","    350.8"," ,X","","","      496"," ,X","      8.86","X","     16.00","X","      1.72","X","","","","","","","","","","","","","","","","","","","","","",""
"USW00014936","1940","44.37916","-98.22275","390.7","HURON REGIONAL AIRPORT, SD US","","","    554.7","","     554.7","X","        96","X","        33","X","         0","X","       72","","        15","X","        43","X","       167","X","        85","X","       150","X","        45","X","        82"," ","","","        45"," ","  -31.1","X,0118, ","   178"," ,X,0312, ","   152"," ,X,0311, ","  24.6"," ,X,0328, ","   43.3","X,0724, ","-1.1","X,0911","-2.2","X,1017","-6.1","X,1107","-11.1","X,1110","-11.1","X,1110","0.0","X,0516","-3.3","X,0413","-6.7","X,0412","-6.7","X,0412","-10.6","X,0411","    4398.7","7","    4398.7","X","    340.3"," ,X","","","     1187"," ,X","      7.55","X","     13.79","X","      1.32","X","","","","","","","","","","","","","","","","","","","","","",""
"USW00014936","1941","44.37916","-98.22275","390.7","HURON REGIONAL AIRPORT, SD US","","","    631.4","","     631.4","X","       108","X","        45","X","         1","X","       46","","        10","X","        23","X","       157","X","        67","X","       144","X","        49","X","       108"," ","","","        42"," ","  -26.1","X,0118, ","   127"," ,X,0106, ","    69"," ,X,0106, ","  50.5"," ,X,1026, ","   42.2","X,0723, ","-0.6","X,0928","-5.6","X,1027","-5.6","X,1027","-13.9","X,1122","-13.9","X,1122","0.0","X,0509","-2.2","X,0421","-5.0","X,0403","-7.2","X,0318","-17.2","X,0317","    4055.0","0","    4055.0","X","    432.2"," ,X","","","      598"," ,X","      8.94","X","     14.83","X","      3.05","X","","","","","","","","","","","","","","","","","","","","","",""
"USW00014936","1942","44.37916","-98.22275","390.7","HURON REGIONAL AIRPORT, SD US","","","    331.9","","     331.9","X","        93","X","        48","X","         9","X","       47","","         9","X","        29","X","       173","X","        68","X","       145","X","        14","X","        95"," ","","","        50"," ","  -31.1","X,0107, ","   102"," ,X,0328,+","   114"," ,X,0314, ","  47.5"," ,X,0325, ","   38.3","X,0716, ","-2.2","X,0923","-2.2","X,0923","-4.4","X,1023","-9.4","X,1025","-9.4","X,1025","0.0","X,0417","-5.6","X,0411","-5.6","X,0411","-7.8","X,0329","-10.6","X,0328","    3906.5","5","    3906.5","X","    657.1"," ,X","","","      605"," ,X","      7.55","X","     13.62","X","      1.49","X","","","","","","","","","","","","","","","","","","","","","",""
"USW00014936","1943","44.37916","-98.22275","390.7","HURON REGIONAL AIRPORT, SD US","","","    457.0","","     457.0","X","        81","X","        34","X","         3","X","       60","","        11","X","        38","X","       181","X","        58","X","       140","X","        37","X","       100"," ","","","        44"," ","  -34.4","X,0119, ","   152"," ,X,0103, ","    86"," ,X,0103, ","  53.6"," ,X,0611, ","   40.6","X,0731, ","0.0","X,0920","-3.9","X,1014","-6.1","X,1103","-8.3","X,1108","-11.7","X,1202","-3.9","X,0513","-3.9","X,0513","-6.7","X,0507","-6.7","X,0507","-16.1","X,0321","    4738.8","8","    4738.8","X","    464.3"," ,X","","","      779"," ,X","      7.07","X","     14.11","X","      0.03","X","","","","","","","","","","","","","","","","","","","","","",""
"USW00014936","1944","44.37916","-98.22275","390.7","HURON REGIONAL AIRPORT, SD US","","","    372.7","","     372.7","X","        99","X","        47","X","         6","X","       65","","        11","X","        22","X","       179","X","        66","X","       139","X","        17","X","        89"," ","","","        45"," ","  -33.9","X,0211, ","   178"," ,X,0212,+","   102"," ,X,0209, ","  48.3"," ,X,0731, ","   37.8","X,0812, ","-1.1","X,1008","-3.3","X,1010","-5.6","X,1019","-9.4","X,1103","-9.4","X,1103","-2.2","X,0506","-2.2","X,0506","-5.0","X,0504","-10.6","X,0330","-10.6","X,0330","    4345.5","5","    4345.5","X","    671.6"," ,X","","","      753"," ,X","      7.36","X","     13.71","X","      1.00","X","","","","","","","","","","","","","","","","","","","","","",""
"USW00014936","1945","44.37916","-98.22275","390.7","HURON REGIONAL AIRPORT, SD US","","","    320.5","","     320.5","X","       107","X","        51","X","         2","X","       82","","         9","X","        28","X","       176","X","        77","X","       124","X","        21","X","        88"," ","","","        56"," ","  -29.4","X,1218, ","   127"," ,X,1225,+","    89"," ,X,0114, ","  74.7"," ,X,0531, ","   38.3","X,0905, ","-0.6","X,0928","-2.8","X,0929","-7.2","X,1022","-7.2","X,1022","-8.9","X,1103","-1.1","X,0512","-3.3","X,0510","-4.4","X,0418","-8.3","X,0405","-10.0","X,0308","    4263.1","1","    4263.1","X","    449.6"," ,X","","","      728"," ,X","      6.78","X","     13.18","X","      0.39","X","","","","","","","","","","","","","","","","","","","","","",""
"USW00014936","1946","44.37916","-98.22275","390.7","HURON REGIONAL AIRPORT, SD US","","","    388.3","","     388.3","X","        86","X","        42","X","         6","X","       63","","        10","X","        26","X","       158","X","        51","X","       140","X","        27","X","        79"," ","","","        35"," ","  -27.2","X,0126, ","   229"," ,X,0212, ","   163"," ,X,0205, ","  56.1"," ,X,1005, ","   37.8","X,0610, ","0.0","X,0929","-3.9","X,1011","-7.2","X,1012","-7.2","X,1012","-11.7","X,1111","0.0","X,0602","-2.2","X,0515","-6.7","X,0512","-6.7","X,0512","-17.2","X,0310","    4334.1","1","    4334.1","X","    591.7"," ,X","","","      732"," ,X","      7.82","X","     14.59","X","      1.05","X","","","","","","","","","","","","","","","","","","","","","",""
"USW00014936","1947","44.37916","-98.22275","390.7","HURON REGIONAL AIRPORT, SD US","","","    461.6","","     461.6","X","       112","X","        49","X","         2","X","       94","","        20","X","        30","X","       169","X","        82","X","       139","X","        37","X","        69"," ","","","        42"," ","  -30.6","X,0201, ","   203"," ,X,1126,+","   185"," ,X,1115, ","  33.5"," ,X,0609, ","   42.8","X,0809, ","-2.8","X,0922","-2.8","X,0922","-6.1","X,1107","-8.9","X,1108","-8.9","X,1108","-4.4","X,0529","-4.4","X,0529","-4.4","X,0529","-10.6","X,0326","-10.6","X,0326","    4489.5","5","    4489.5","X","    487.9"," ,X","","","     1520"," ,X","      7.15","X","     13.50","X","      0.79","X","","","","","","","","","","","","","","","","","","","","","",""
"USW00014936","1948","44.37916","-98.22275","390.7","HURON REGIONAL AIRPORT, SD US","","","    417.2","","     417.2","0","        94","0","        40","0","         6","0","       81","","        10","0","        42","0","       170","0","        73","0","       147","0","        37","0","        68"," ","","","        35"," ","  -31.1","0,0123, ","   330"," ,0,0214,+","   124"," ,0,0228, ","  78.7"," ,0,0622, ","   38.3","0,0824,+","0.0","0,1009","-3.9","0,1016","-9.4","0,1017","-9.4","0,1017","-9.4","0,1017","-0.6","0,0506","-6.1","X,0412","-6.1","X,0412","-8.9","X,0402","-8.9","X,0402","    4576.3","3","    4576.3","0","    518.7"," ,0","","","      648"," ,0","      7.25","0","     13.88","0","      0.62","0","","","","","","","","","","","","","","","","","","","","","",""
"USW00014936","1949","44.37916","-98.22275","390.7","HURON REGIONAL AIRPORT, SD US","","","    515.7","","     515.7","0","        84","0","        35","0","         2","0","       57","","         8","0","        43","0","       173","0","        73","0","       153","0","        39","0","        55"," ","","","        48"," ","  -36.7","0,0121, ","   254"," ,0,0105, ","   168"," ,0,0103, ","  26.7"," ,0,0904,+","   40.0","0,0703, ","0.0","0,0914","-3.3","0,0928","-5.6","0,1026","-7.8","0,1030","-11.1","0,1205","-1.7","0,0424","-2.2","0,0423","-6.7","0,0418","-6.7","0,0418","-12.8","0,0318","    4439.5","5","    4439.5","0","    412.7"," ,0","","","      685"," ,0","      7.63","0","     14.50","0","      0.76","0","","","","","","","","","","","","","","","","","","","","","",""
"USW00014936","1950","44.37916","-98.22275","390.7","HURON REGIONAL AIRPORT, SD US","","","    260.7","","     260.7","0","        97","0","        35","0","         3","0","      104","","        15","0","        54","0","       180","0","        99","0","       136","0","        18","0","        52"," ","","","        37"," ","  -31.7","0,0126, ","   279"," ,0,0310, ","   246"," ,0,0307, ","  58.9"," ,0,0920, ","   36.1","0,0622, ","0.0","0,0913","-2.8","0,1003","-5.0","0,1104","-11.1","0,1109","-11.1","0,1109","-0.6","0,0507","-5.6","0,0501","-5.6","0,0501","-10.0","0,0430","-10.0","0,0430","    4817.6","6","    4817.6","0","    433.2"," ,0","","","     1365"," ,0","      5.17","0","     11.54","0","     -1.20","0","","","","","","","","","","","","","","","","","","","","","",""
"USW00014936","1951","44.37916","-98.22275","390.7","HURON REGIONAL AIRPORT, SD US","","","    232.8","","     232.8","0","       103","0","        45","0","         6","0","       77","","        19","0","        48","0","       184","0","        84","0","       123","0","        12","0","        65"," ","","","        43"," ","  -30.6","0,0129, ","   279"," ,0,0304,+","   170"," ,0,0302, ","  56.9"," ,0,0627, ","   36.7","0,0726, ","-0.6","0,0923","-2.2","0,0924","-6.7","0,0928","-6.7","0,0928","-8.9","0,1027","-0.6","0,0506","-2.8","0,0423","-5.6","0,0416","-8.3","0,0324","-20.0","0,0321","    4766.4","4","    4766.4","0","    615.5"," ,0","","","     1319"," ,0","      5.24","0","     11.28","0","     -0.81","0","","","","","","","","","","","","","","","","","","","","","",""
"USW00014936","1952","44.37916","-98.22275","390.7","HURON REGIONAL AIRPORT, SD US","","","    477.7","","     477.7","0","        72","0","        23","0","         1","0","       88","","         9","0","        29","0","       186","0","        86","0","       153","0","        39","0","        68"," ","","","        38"," ","  -27.8","0,0304, ","   305"," ,0,0129,+","   185"," ,0,0114, ","  33.0"," ,0,0624, ","   39.4","0,0721, ","-1.7","0,1002","-6.1","0,1004","-6.1","0,1004","-8.3","0,1005","-10.6","0,1028","-1.1","0,0512","-2.8","0,0414","-7.2","0,0410","-7.2","0,0410","-9.4","0,0326","    4848.3","3","    4848.3","0","    247.4"," ,0","","","      796"," ,0","      7.46","0","     14.14","0","      0.77","0","","","","","","","","","","","","","","","","","","","","","",""
"USW00014936","1953","44.37916","-98.22275","390.7","HURON REGIONAL AIRPORT, SD US","","","    448.7","","     448.7","0","        97","0","        45","0","         2","0","       87","","        17","0","        18","0","       168","0","        63","0","       151","0","        24","0","        69"," ","","","        47"," ","  -29.4","0,0116, ","   406"," ,0,0221, ","   254"," ,0,1120, ","  42.4"," ,0,0619, ","   37.2","0,0826, ","0.0","0,1009","-2.2","0,1024","-5.0","0,1026","-7.8","0,1104","-11.1","0,1130","-0.6","0,0514","-2.2","0,0513","-5.6","0,0420","-9.4","0,0418","-9.4","0,0418","    4298.9","9","    4298.9","0","    520.2"," ,0","","","     1507"," ,0","      8.12","0","     14.44","0","      1.80","0","","","","","","","","","","","","","","","","","","","","","",""
"USW00014936","1954","44.37916","-98.22275","390.7","HURON REGIONAL AIRPORT, SD US","","","    437.2","","     437.2","0","        82","0","        29","0","         3","0","       63","","         9","0","        22","0","       176","0","        59","0","       138","0","        24","0","        61"," ","","","        30"," ","  -34.4","0,0121, ","   254"," ,0,0313, ","   254"," ,0,0312, ","  30.7"," ,0,0312, ","   40.0","0,0815,+","0.0","0,1002","-3.3","0,1006","-5.0","0,1030","-10.6","0,1101","-10.6","0,1101","-0.6","0,0519","-3.9","0,0509","-4.4","0,0505","-7.2","0,0408","-12.2","0,0403","    4156.2","2","    4156.2","0","    339.1"," ,0","","","      746"," ,0","      8.01","0","     14.38","0","      1.64","0","","","","","","","","","","","","","","","","","","","","","",""
"USW00014936","1955","44.37916","-98.22275","390.7","HURON REGIONAL AIRPORT, SD US","","","    630.7","","     630.7","0","        89","0","        31","0","         2","0","       81","","        13","0","        45","0","       167","0","        94","0","       158","0","        48","0","        34"," ","","","        47"," ","  -31.1","0,1219,+","   305"," ,0,1221,+","   262"," ,0,1203, ","  48.5"," ,0,0527, ","   40.6","0,0731, ","-1.7","0,0911","-3.3","0,1014","-6.1","0,1017","-7.8","0,1024","-11.1","0,1102","0.0","0,0508","-4.4","0,0407","-4.4","0,0407","-6.7","0,0328","-16.7","0,0327","    4100.6","6","    4100.6","0","    368.6"," ,0","","","     1171"," ,0","      7.41","0","     14.32","0","      0.50","0","","","","","","","","","","","","","","","","","","","","","",""
"USW00014936","1956","44.37916","-98.22275","390.7","HURON REGIONAL AIRPORT, SD US","","","    463.6","","     463.6","0","        88","0","        37","0","         2","0","      100","","        14","0","        41","0","       181","0","        81","0","       150","0","        27","0","        59"," ","","","        43"," ","  -33.9","0,0217, ","   356"," ,0,0229,+","   130"," ,0,0310, "," 104.4"," ,0,0802, ","   41.1","0,0613, ","0.0","0,0930","-5.6","0,1009","-5.6","0,1009","-8.9","0,1108","-8.9","0,1108","-1.7","0,0504","-2.8","0,0429","-5.0","0,0424","-8.9","0,0423","-8.9","0,0423","    5111.2","2","    5111.2","0","    459.9"," ,0","","","     1024"," ,0","      6.88","0","     13.59","0","      0.18","0","","","","","","","","","","","","","","","","","","","","","",""
"USW00014936","1957","44.37916","-98.22275","390.7","HURON REGIONAL AIRPORT, SD US","","","    401.4","","     401.4","0","       103","0","        40","0","         5","0","       54","","        10","0","        29","0","       164","0","        59","0","       126","0","        26","0","        67"," ","","","        39"," ","  -30.0","0,0129, ","   203"," ,0,0405, ","   198"," ,0,0404, ","  44.7"," ,0,0520, ","   38.3","0,0801, ","-1.1","0,1017","-5.6","0,1024","-5.6","0,1024","-8.3","0,1025","-8.9","0,1108","-1.7","0,0417","-4.4","0,0414","-4.4","0,0414","-8.3","0,0413","-9.4","0,0412","    4343.2","2","    4343.2","0","    574.3"," ,0","","","      830"," ,0","      7.41","0","     13.32","0","      1.50","0","","","","","","","","","","","","","","","","","","","","","",""
"USW00014936","1958","44.37916","-98.22275","390.7","HURON REGIONAL AIRPORT, SD US","","","    380.3","","     380.3","0","        78","0","        30","0","         2","0","       49","","        10","0","        29","0","       162","0","        72","0","       147","0","        34","0","        43"," ","","","        32"," ","  -33.3","0,0215, ","   178"," ,0,0304,+","   124"," ,0,0301, ","  55.1"," ,0,0702, ","   38.9","0,0802, ","0.0","0,0930","-2.2","0,1001","-6.1","0,1026","-6.7","0,1101","-12.2","0,1125","-0.6","0,0504","-6.7","0,0429","-6.7","0,0429","-6.7","0,0429","-8.9","0,0321","    4149.2","2","    4149.2","0","    345.2"," ,0","","","      671"," ,0","      7.62","0","     14.49","0","      0.75","0","","","","","","","","","","","","","","","","","","","","","",""
"USW00014936","1959","44.37916","-98.22275","390.7","HURON REGIONAL AIRPORT, SD US","","","    573.9","","     573.9","0","       106","0","        46","0","         2","0","       65","","        10","0","        38","0","       175","0","        73","0","       138","0","        50","0","        71"," ","","","        46"," ","  -34.4","0,0219, ","   229"," ,0,0210, ","   124"," ,0,0210, ","  44.2"," ,0,0802, ","   38.9","0,0818, ","-0.6","0,1008","-2.2","0,1011","-5.6","0,1026","-7.2","0,1027","-15.0","0,1105","-4.4","0,0515","-4.4","0,0515","-4.4","0,0515","-10.6","0,0412","-10.6","0,0412","    4443.6","6","    4443.6","0","    510.1"," ,0","","","      974"," ,0","      7.34","0","     13.89","0","      0.79","0","","","","","","","","","","","","","","","","","","","","","",""
"USW00014936","1960","44.37916","-98.22275","390.7","HURON REGIONAL AIRPORT, SD US","","","    427.2","","     427.2","0","        85","0","        41","0","         2","0","      124","","        11","0","        53","0","       186","0","       101","0","       143","0","        38","0","        84"," ","","","        45"," ","  -31.7","0,0105, ","   330"," ,0,0315, ","   198"," ,0,1128, ","  55.6"," ,0,0825, ","   39.4","0,0728,+","-2.8","0,0930","-2.8","0,0930","-5.6","0,1018","-11.7","0,1019","-11.7","0,1019","-3.9","0,0511","-3.9","0,0511","-5.0","0,0430","-6.7","0,0409","-8.9","0,0325","    4903.1","1","    4903.1","0","    467.4"," ,0","","","     1078"," ,0","      5.92","0","     12.68","0","     -0.84","0","","","","","","","","","","","","","","","","","","","","","",""
"USW00014936","1961","44.37916","-98.22275","390.7","HURON REGIONAL AIRPORT, SD US","","","    441.4","","     441.4","0","        78","0","        36","0","         4","0","       87","","         6","0","        37","0","       190","0","        68","0","       131","0","        42","0","        82"," ","","","        36"," ","  -32.8","0,0124, ","   203"," ,0,0207,+","   109"," ,0,0201, ","  74.9"," ,0,1010, ","   38.3","0,0829, ","-0.6","0,0925","-2.8","0,0927","-4.4","0,1019","-7.2","0,1102","-8.9","0,1103","-0.6","0,0526","-3.3","0,0509","-5.6","0,0502","-8.3","0,0501","-14.4","0,0412","    4626.2","2","    4626.2","0","    507.0"," ,0","","","      501"," ,0","      6.71","0","     13.77","0","     -0.35","0","","","","","","","","","","","","","","","","","","","","","",""
"USW00014936","1962","44.37916","-98.22275","390.7","HURON REGIONAL AIRPORT, SD US","","","    280.1","","     280.1","0","       105","0","        53","0","         7","0","       72","","        17","0","        44","0","       175","0","        78","0","       137","0","         8","0","       101"," ","","","        55"," ","  -39.4","0,0228, ","   711"," ,0,0222,+","   404"," ,0,0217, ","  48.0"," ,0,0521, ","   34.4","0,0827, ","-1.7","0,0920","-3.9","0,1020","-5.0","0,1023","-10.6","0,1025","-10.6","0,1025","-2.8","0,0417","-2.8","0,0417","-7.8","0,0415","-7.8","0,0415","-10.0","0,0319","    4835.0","0","    4835.0","0","    806.5"," ,0","","","     1923"," ,0","      6.37","0","     12.70","0","      0.03","0","","","","","","","","","","","","","","","","","","","","","",""
"USW00014936","1963","44.37916","-98.22275","390.7","HURON REGIONAL AIRPORT, SD US","","","    512.2","","     512.2","0","       104","0","        46","0","         2","0","       67","","        10","0","        49","0","       162","0","        62","0","       176","0","        28","0","        93"," ","","","        60"," ","  -36.1","0,0115, ","   178"," ,0,0113,+","   132"," ,0,0318, ","  39.9"," ,0,0703, ","   38.9","0,1005, ","0.0","0,1027","-2.2","0,1029","-5.0","0,1031","-7.2","0,1101","-10.6","0,1113","-6.1","0,0522","-6.1","0,0522","-6.1","0,0522","-6.7","0,0404","-11.7","0,0317","    4229.1","1","    4229.1","0","    485.7"," ,0","","","      793"," ,0","      8.24","0","     15.43","0","      1.06","0","","","","","","","","","","","","","","","","","","","","","",""
"USW00014936","1964","44.37916","-98.22275","390.7","HURON REGIONAL AIRPORT, SD US","","","    512.9","","     512.9","0","        80","0","        28","0","         1","0","       67","","         8","0","        39","0","       174","0","        63","0","       153","0","        51","0","        60"," ","","","        41"," ","  -32.2","0,1226,+","   178"," ,0,1231,+","   137"," ,0,0319,+","  30.2"," ,0,0421, ","   42.2","0,0723, ","-1.1","0,0927","-5.6","0,1006","-5.6","0,1006","-8.9","0,1009","-8.9","0,1009","0.0","0,0602","-2.8","0,0513","-8.3","0,0408","-8.3","0,0408","-9.4","0,0330","    4022.7","7","    4022.7","0","    276.3"," ,0","","","      904"," ,0","      7.69","0","     15.58","0","     -0.20","0","","","","","","","","","","","","","","","","","","","","","",""
"USW00014936","1965","44.37916","-98.22275","390.7","HURON REGIONAL AIRPORT, SD US","","","    298.6","","     298.6","0","       108","0","        46","0","         1","0","       80","","         9","0","        45","0","       171","0","        71","0","       129","0","        23","0","        96"," ","        14"," ","        37"," ","  -36.1","0,0224, ","   229"," ,0,0329, ","   262"," ,0,0328, ","  61.2"," ,0,0520, ","   43.3","0,0813, ","-1.7","0,0924","-5.0","0,0926","-5.0","0,0926","-7.8","0,1104","-8.9","0,1113","-1.7","0,0528","-2.2","0,0428","-11.7","0,0330","-11.7","0,0330","-11.7","0,0330","    4986.6","6","    4986.6","0","    497.1"," ,0","      59.0","X","      893"," ,0","      6.09","0","     12.95","0","     -0.76","0","   157716","X","","","","","","","","","       315","X","","","","","","","","","      21.0","X"
"USW00014936","1966","44.37916","-98.22275","390.7","HURON REGIONAL AIRPORT, SD US","","","    415.7","","     415.7","0","        85","0","        39","0","         5","0","       63","","        10","0","        39","0","       181","0","        76","0","       140","0","        28","0","        95"," ","        19"," ","        33"," ","  -36.7","0,0129,+","   305"," ,0,0307,+","   282"," ,0,0304, ","  45.0"," ,0,1013, ","   44.4","0,0710, ","-0.6","0,1001","-2.8","0,1011","-5.0","0,1016","-11.7","0,1101","-11.7","0,1101","-0.6","0,0513","-4.4","0,0509","-4.4","0,0509","-9.4","0,0420","-9.4","0,0420","    4603.8","8","    4603.8","0","    573.5"," ,0","      68.8","X","     1075"," ,0","      6.38","0","     13.22","0","     -0.47","0","   187824","X","","","","","","","","","       315","X","","","","","","","","","      24.1","X"
"USW00014936","1967","44.37916","-98.22275","390.7","HURON REGIONAL AIRPORT, SD US","","","    315.8","","     315.8","0","        96","0","        35","0","         2","0","       50","","        10","0","        31","0","       177","0","        50","0","       142","0","        29","0","        72"," ","         7"," ","        42"," ","  -31.7","0,0218, ","   254"," ,0,0221,+","   122"," ,0,0215, "," 134.9"," ,0,0618, ","   38.3","0,0731, ","-0.6","0,0927","-2.2","0,1011","-8.9","0,1027","-8.9","0,1027","-8.9","0,1027","-0.6","0,0520","-2.8","0,0506","-6.1","0,0504","-8.3","0,0503","-11.7","0,0317","    4443.4","4","    4443.4","0","    386.6"," ,0","      65.8","X","      834"," ,0","      7.33","0","     14.45","0","      0.21","0","   178362","X","","","","","","","","","       315","X","","","","","","","","","      25.5","X"
"USW00014936","1968","44.37916","-98.22275","390.7","HURON REGIONAL AIRPORT, SD US","","","    327.2","","     327.2","0","        94","0","        45","0","         6","0","       52","","        16","0","        30","0","       173","0","        73","0","       132","0","        18","0","        76"," ","         8"," ","        37"," ","  -31.7","0,0104, ","   457"," ,0,1230, ","   150"," ,0,1222, ","  62.5"," ,0,0624, ","   37.2","0,0720,+","-1.7","0,1003","-3.3","0,1004","-4.4","0,1024","-8.9","0,1108","-8.9","0,1108","-0.6","0,0524","-2.2","0,0517","-4.4","0,0505","-8.3","0,0405","-13.9","0,0323","    4304.8","8","    4304.8","0","    665.2"," ,0","      62.9","X","     1086"," ,0","      7.13","0","     13.64","0","      0.62","0","   170892","X","","","","","","","","","       315","X","","","","","","","","","      32.2","X"
"USW00014936","1969","44.37916","-98.22275","390.7","HURON REGIONAL AIRPORT, SD US","","","    299.2","","     299.2","0","        95","0","        45","0","         3","0","      114","","        15","0","        40","0","       164","0","        88","0","       133","0","        13","0","       134"," ","        17"," ","        39"," ","  -30.6","0,0104, ","   635"," ,0,0221, ","   201"," ,0,0220, ","  43.2"," ,0,0503, ","   35.6","0,0816, ","-1.1","0,1008","-3.3","0,1014","-5.0","0,1017","-7.2","0,1027","-9.4","0,1114","-1.1","0,0429","-3.3","0,0402","-6.1","0,0331","-20.0","0,0330","-20.0","0,0330","    4746.8","8","    4746.8","0","    510.7"," ,0","      59.7","X","     1349"," ,0","      6.31","0","     12.49","0","      0.14","0","   164742","X","","","","","","","","","       315","X","","","","","","","","","      25.0","X"
"USW00014936","1970","44.37916","-98.22275","390.7","HURON REGIONAL AIRPORT, SD US","","","    485.3","","     485.3","0","       100","0","        40","0","         7","0","       98","","        16","0","        36","0","       169","0","        67","0","       149","0","        39","0","        95"," ","        13"," ","        39"," ","  -37.2","0,0119, ","   203"," ,0,0117,+","   145"," ,0,0319, ","  57.9"," ,0,0412, ","   41.1","0,0906, ","-0.6","0,0926","-2.2","0,1009","-6.1","0,1010","-8.9","0,1114","-8.9","0,1114","-2.2","0,0502","-2.2","0,0502","-5.0","0,0409","-10.0","0,0401","-10.0","0,0401","    4536.0","0","    4536.0","0","    565.0"," ,0","      65.8","X","     1318"," ,0","      6.94","0","     13.52","0","      0.35","0","   179100","X","","","","","","","","","       315","X","","","","","","","","","      18.8","X"
"USW00014936","1971","44.37916","-98.22275","390.7","HURON REGIONAL AIRPORT, SD US","","","    406.6","","     406.6","0","        97","0","        41","0","         2","0","      110","","        14","0","        34","0","       180","0","        82","0","       136","0","        31","0","        94"," ","        17"," ","        44"," ","  -34.4","0,0208, ","   254"," ,0,0220, ","   231"," ,0,0219, ","  30.7"," ,0,0830, ","   40.6","0,0822, ","0.0","0,0916","-3.3","0,1030","-6.7","0,1031","-6.7","0,1031","-10.6","0,1106","0.0","0,0526","-3.9","0,0512","-5.0","0,0414","-7.8","0,0413","-11.1","0,0405","    4702.1","1","    4702.1","0","    472.3"," ,0","      66.2","X","     1237"," ,0","      6.55","0","     13.20","0","     -0.09","0","   183096","X","","","","","","","","","       180","X","","","","","","","","","      20.1","X"
"USW00014936","1972","44.37916","-98.22275","390.7","HURON REGIONAL AIRPORT, SD US","","","    322.8","","     322.8","0","       112","0","        51","0","         7","0","      108","","        12","0","        43","0","       173","0","        70","0","       130","0","        15","0","       117"," ","        16"," ","        34"," ","  -33.9","0,0115, ","   305"," ,0,0211,+","   198"," ,0,1230, ","  43.9"," ,0,0719, ","   35.6","0,0817,+","-1.1","0,0926","-2.2","0,1014","-7.8","0,1018","-7.8","0,1018","-9.4","0,1028","-1.1","0,0424","-2.2","0,0408","-5.0","0,0331","-7.2","0,0330","-13.3","0,0308","    4633.1","1","    4633.1","0","    673.1"," ,0","      58.6","X","     1192"," ,0","      6.16","0","     12.00","0","      0.33","0","   159540","X","","","","","","","","","       315","X","","","","","","","","","      22.4","X"
"USW00014936","1973","44.37916","-98.22275","390.7","HURON REGIONAL AIRPORT, SD US","","","    373.6","","     373.6","0","        83","0","        46","0","         2","0","       87","","         8","0","        20","0","       151","0","        61","0","       140","0","        27","0","       100"," ","        21"," ","        29"," ","  -30.6","0,1231, ","   203"," ,0,0123,+","   140"," ,0,0121, ","  31.8"," ,0,1009, ","   39.4","0,0826, ","-0.6","0,1016","-3.3","0,1103","-6.7","0,1104","-6.7","0,1104","-13.3","0,1109","-0.6","0,0517","-3.3","0,0514","-4.4","0,0427","-8.9","0,0410","-8.9","0,0410","    4268.5","5","    4268.5","0","    442.1"," ,0","      56.1","X","      861"," ,0","      8.02","0","     14.07","0","      1.97","0","   156018","X","","","","","","","","","       315","X","","","","","","","","","      20.6","X"
"USW00014936","1974","44.37916","-98.22275","390.7","HURON REGIONAL AIRPORT, SD US","","","    418.4","","     418.4","0","        79","0","        32","0","         2","0","       49","","         8","0","        22","0","       176","0","        55","0","       136","0","        41","0","        69"," ","        12"," ","        33"," ","  -34.4","0,0101, ","   127"," ,0,0206,+","    86"," ,0,0322,+","  41.9"," ,0,0609, ","   41.1","0,0713, ","-0.6","0,0903","-2.2","0,0921","-7.2","0,0930","-7.2","0,0930","-9.4","0,1114","0.0","0,0524","-2.2","0,0503","-7.2","0,0405","-7.2","0,0405","-17.8","0,0324","    4322.4","4","    4322.4","0","    331.7"," ,0","      64.7","X","      477"," ,0","      7.86","0","     15.07","0","      0.65","0","   174240","X","","","","","","","","","       225","X","","","","","","","","","      31.3","X"
"USW00014936","1975","44.37916","-98.22275","390.7","HURON REGIONAL AIRPORT, SD US","","","    492.5","","     492.5","0","        93","0","        51","0","         1","0","       91","","        15","0","        38","0","       170","0","        83","0","       147","0","        44","0","       102"," ","        11"," ","        35"," ","  -28.3","0,0209, ","   432"," ,0,0327, ","   305"," ,0,0323, ","  37.8"," ,0,0608, ","   42.8","0,0728, ","-0.6","0,0924","-2.8","0,1001","-10.0","0,1112","-10.0","0,1112","-10.0","0,1112","-3.3","0,0420","-3.3","0,0420","-5.6","0,0404","-18.9","0,0403","-18.9","0,0403","    4500.8","8","    4500.8","0","    467.9"," ,0","      59.8","X","     1850"," ,0","      7.12","0","     13.78","0","      0.45","0","   164580","X","","","","","","","       270","X","       135","X","","","","","","","      29.3","X","      25.0","X"
"USW00014936","1976","44.37916","-98.22275","390.7","HURON REGIONAL AIRPORT, SD US","","","    483.9","","     483.9","0","        65","0","        28","0","         2","0","       65","","        15","0","        39","0","       194","0","        61","0","       152","0","        46","0","        49"," ","         6"," ","        24"," ","  -32.8","0,0104, ","   254"," ,0,0305, ","   178"," ,0,0304, ","  27.7"," ,0,0624, ","   40.0","0,0906,+","-2.2","0,0923","-2.2","0,0923","-6.1","0,1015","-8.3","0,1016","-10.6","0,1026","-1.1","0,0517","-6.7","0,0507","-6.7","0,0507","-6.7","0,0507","-8.9","0,0331","    4208.5","5","    4208.5","0","    279.1"," ,0","      71.3","X","     1120"," ,0","      7.26","0","     15.03","0","     -0.50","0","   194850","X","","","","","","","       135","X","       225","X","","","","","","","      30.3","X","      24.1","X"
"USW00014936","1977","44.37916","-98.22275","390.7","HURON REGIONAL AIRPORT, SD US","","","    426.8","","     426.8","0","        96","0","        49","0","         4","0","       42","","        10","0","        42","0","       152","0","        71","0","       155","0","        28","0","        91"," ","        13"," ","        46"," ","  -31.7","0,0116, ","   305"," ,0,0305,+","   178"," ,0,0223, ","  59.4"," ,0,0311, ","   40.6","0,0718, ","-1.1","0,1002","-3.3","0,1006","-7.2","0,1110","-7.2","0,1110","-11.1","0,1120","-0.6","0,0425","-2.8","0,0406","-4.4","0,0404","-6.7","0,0331","-12.8","0,0321","    4439.1","1","    4439.1","0","    588.1"," ,0","      65.0","X","      942"," ,0","      7.88","0","     14.42","0","      1.33","0","   179196","X","","","","","","","       360","X","       225","X","","","","","","","      25.2","X","      21.5","X"
"USW00014936","1978","44.37916","-98.22275","390.7","HURON REGIONAL AIRPORT, SD US","","","    396.7","","     396.7","0","        87","0","        42","0","         1","0","      104","","         8","0","        61","0","       177","0","        96","0","       148","0","        31","0","        94"," ","        15"," ","        38"," ","  -32.8","0,0202,+","   254"," ,0,0223,+","    89"," ,0,1225, ","  27.7"," ,0,0507, ","   40.0","0,0905, ","-1.1","0,1006","-3.9","0,1007","-7.2","0,1016","-7.2","0,1016","-10.6","0,1106","0.0","0,0503","-5.0","0,0421","-5.0","0,0421","-12.2","0,0317","-12.2","0,0317","    4965.1","1","    4965.1","0","    404.3"," ,0","      68.1","X","      718"," ,0","      5.50","0","     12.20","0","     -1.20","0","   186522","X","","","","","","","       315","X","       315","X","","","","","","","      27.2","X","      23.2","X"
"USW00014936","1979","44.37916","-98.22275","390.7","HURON REGIONAL AIRPORT, SD US","","","    419.8","","     419.8","0","        92","0","        43","0","         2","0","       85","","        16","0","        44","0","       179","0","        75","0","       136","0","        23","0","        94"," ","        22"," ","        32"," ","  -31.7","0,0105,+","   457"," ,0,0204,+","   160"," ,0,0126, ","  38.4"," ,0,0411, ","   41.1","0,0614, ","0.0","0,0914","-3.9","0,1004","-8.3","0,1012","-8.3","0,1012","-11.7","0,1013","-1.1","0,0511","-3.9","0,0503","-10.6","0,0406","-10.6","0,0406","-10.6","0,0406","    5141.3","3","    5141.3","0","    406.1"," ,0","      63.0","X","     1075"," ,0","      6.04","0","     12.42","0","     -0.34","0","   170028","X","","","","","","","       225","X","       315","X","","","","","","","      24.7","X","      18.8","X"
"USW00014936","1980","44.37916","-98.22275","390.7","HURON REGIONAL AIRPORT, SD US","","","    408.7","","     408.7","0","        84","0","        36","0","         3","0","       31","","         8","0","        31","0","       174","0","        60","0","       151","0","        35","0","        78"," ","        13"," ","        44"," ","  -27.8","0,0109, ","    76"," ,0,0210,+","   107"," ,0,0204, ","  43.7"," ,0,0626, ","   41.1","0,0806, ","0.0","0,0926","-3.3","0,1012","-6.7","0,1025","-6.7","0,1025","-11.1","0,1115","-5.6","0,0508","-5.6","0,0508","-5.6","0,0508","-7.8","0,0414","-8.9","0,0313","    4185.3","3","    4185.3","0","    461.8"," ,0","      67.3","X","      544"," ,0","      7.87","0","     14.86","0","      0.88","0","   183822","X","","","","","","","        45","X","","","","","","","","","      31.9","X","",""
"USW00014936","1981","44.37916","-98.22275","390.7","HURON REGIONAL AIRPORT, SD US","","","    478.8","","     478.8","0","        83","0","        39","0","         2","0","       40","","         7","0","        25","0","       149","0","        47","0","       150","0","        38","0","        71"," ","         5"," ","        32"," ","  -32.2","0,0211, ","   203"," ,0,1202,+","   173"," ,0,1130, ","  73.2"," ,0,0801, ","   40.6","0,0711, ","0.0","0,1015","-4.4","0,1021","-4.4","0,1021","-8.3","0,1023","-11.1","0,1120","0.0","0,0519","-7.2","0,0510","-7.2","0,0510","-7.2","0,0510","-11.1","0,0320","    3838.7","7","    3838.7","0","    401.8"," ,0","      69.5","X","      524"," ,0","      9.25","0","     16.30","0","      2.19","0","   189420","X","","","","","","","       180","X","       315","X","","","","","","","      25.7","X","      21.0","X"
"USW00014936","1982","44.37916","-98.22275","390.7","HURON REGIONAL AIRPORT, SD US","","","    385.6","","     385.6","0","        97","0","        56","0","         5","0","       78","","        15","0","        36","0","       152","0","        76","0","       123","0","        22","0","        96"," ","        16"," ","        36"," ","  -31.7","0,0205, ","   686"," ,0,0126,+","   257"," ,0,0122, ","  45.7"," ,0,0726, ","   37.8","0,0704, ","-1.1","0,1020","-3.3","0,1021","-6.1","0,1103","-10.0","0,1112","-10.0","0,1112","-1.1","0,0427","-7.8","0,0409","-7.8","0,0409","-7.8","0,0409","-9.4","0,0403","    4386.6","6","    4386.6","0","    636.4"," ,0","","","     1361"," ,0","      7.18","0","     12.84","0","      1.51","0","","","","","","","","","       360","X","       360","X","","","","","","","      28.8","X","      21.9","X"
"USW00014936","1983","44.37916","-98.22275","390.7","HURON REGIONAL AIRPORT, SD US","","","    571.7","","     571.7","0","       102","0","        43","0","         2","0","       59","","        14","0","        26","0","       153","0","        66","0","       118","0","        44","0","       110"," ","        28"," ","        39"," ","  -33.3","0,1223, ","   305"," ,0,1231,+","   145"," ,0,0326, ","  40.1"," ,0,0612, ","   40.0","0,0902, ","0.0","0,0921","-5.0","0,1014","-5.0","0,1014","-8.3","0,1110","-10.6","0,1123","-0.6","0,0514","-2.8","0,0429","-4.4","0,0416","-10.6","0,0322","-10.6","0,0322","    3960.4","4","    3960.4","0","    471.4"," ,0","","","     1070"," ,0","      8.06","0","     13.57","0","      2.56","0","","","","","","","","","       315","X","       315","X","","","","","","","      33.4","X","      22.4","X"
"USW00014936","1984","44.37916","-98.22275","390.7","HURON REGIONAL AIRPORT, SD US","       4.7","X","    413.8","","     413.8","0","       101","0","        57","0","         6","0","       65","","        12","0","        20","0","       159","0","        54","0","       131","0","        21","0","        91"," ","        19"," ","        34"," ","  -30.0","0,0120, ","   356"," ,0,0313,+","   155"," ,0,0303, ","  45.0"," ,0,0616, ","   37.8","0,0828, ","-1.7","0,0925","-2.8","0,0926","-7.2","0,1028","-7.2","0,1028","-10.6","0,1101","-1.1","0,0509","-2.8","0,0501","-4.4","0,0323","-10.6","0,0316","-10.6","0,0316","    4396.4","4","    4396.4","0","    755.7"," ,0","","","      979"," ,0","      8.01","0","     13.42","0","      2.61","0","   160152","X","","","","","","","       270","X","       180","X","","","","","","","      28.3","X","      18.8","X"
"USW00014936","1985","44.37916","-98.22275","390.7","HURON REGIONAL AIRPORT, SD US","       4.7","X","    300.7","","     300.7","0","        92","0","        53","0","         3","0","      105","","        20","0","        48","0","       164","0","        87","0","       129","0","        19","0","        66"," ","         9"," ","        42"," ","  -34.4","0,1218, ","   660"," ,0,0305, ","   465"," ,0,0303, ","  71.6"," ,0,0303, ","   40.6","0,0707, ","-1.7","0,0924","-2.2","0,0926","-5.0","0,1029","-8.9","0,1030","-8.9","0,1030","-0.6","0,0414","-3.9","0,0408","-4.4","0,0406","-17.2","0,0305","-17.2","0,0305","    4188.3","3","    4188.3","0","    634.0"," ,0","","","     2051"," ,0","      6.25","0","     12.42","0","      0.08","0","   180614","X","","","","","","","","","       315","X","","","","","","","","","      22.4","X"
"USW00014936","1986","44.37916","-98.22275","390.7","HURON REGIONAL AIRPORT, SD US","       4.8","X","    307.6","","     307.6","0","       100","0","        51","0","         7","0","       88","","        11","0","        21","0","       163","0","        59","0","       129","0","        12","0","       107"," ","        13"," ","        50"," ","  -29.4","0,0107, ","   203"," ,0,0108,+","   112"," ,0,1117, "," 108.0"," ,0,0725, ","   35.6","0,0723, ","-0.6","0,1004","-3.3","0,1012","-5.0","0,1013","-6.7","0,1014","-11.1","0,1109","0.0","0,0502","-2.2","0,0416","-5.0","0,0414","-11.7","0,0320","-11.7","0,0320","    4769.0","0","    4769.0","0","    695.8"," ,0","","","      706"," ,0","      7.50","0","     13.49","0","      1.51","0","   186691","X","","","","","","","        45","X","        45","X","","","","","","","      26.7","X","      26.8","X"
"USW00014936","1987","44.37916","-98.22275","390.7","HURON REGIONAL AIRPORT, SD US","       4.6","X","    476.5","","     476.5","0","        88","0","        46","0","         3","0","       24","","        11","0","         9","0","       160","0","        32","0","       158","0","        39","0","        93"," ","        21"," ","        29"," ","  -27.2","0,1231, ","   483"," ,0,1231, ","   229"," ,0,1227, ","  54.6"," ,0,0317, ","   38.3","0,0731, ","-0.6","0,1002","-5.0","0,1007","-5.0","0,1007","-9.4","0,1010","-9.4","0,1010","-2.8","0,0422","-2.8","0,0422","-6.1","0,0402","-9.4","0,0330","-9.4","0,0330","    3639.6","6","    3639.6","0","    493.2"," ,0","","","      946"," ,0","      9.81","0","     16.62","0","      2.99","0","   201486","X","","","","","","","       315","X","       315","X","","","","","","","      33.9","X","      23.2","X"
"USW00014936","1988","44.37916","-98.22275","390.7","HURON REGIONAL AIRPORT, SD US","       4.9","X","    603.4","","     603.4","0","        77","0","        36","0","         2","0","       79","","        14","0","        37","0","       177","0","        69","0","       151","0","        47","0","        62"," ","        12"," ","        33"," ","  -38.3","0,0106, ","   457"," ,0,0102,+","   170"," ,0,0312, ","  57.4"," ,0,0521, ","   42.8","0,0624,+","-0.6","0,1003","-4.4","0,1004","-4.4","0,1004","-6.7","0,1026","-10.6","0,1117","-0.6","0,0428","-2.2","0,0427","-6.7","0,0419","-6.7","0,0419","-10.0","0,0418","    4302.7","7","    4302.7","0","    488.0"," ,0","","","     1147"," ,0","      7.94","0","     15.04","0","      0.84","0","   215362","X","","","","","","","       135","X","       315","X","","","","","","","      26.7","X","      22.4","X"
"USW00014936","1989","44.37916","-98.22275","390.7","HURON REGIONAL AIRPORT, SD US","       4.7","X","    453.3","","     453.3","0","        91","0","        34","0","         1","0","       85","","        15","0","        42","0","       180","0","        69","0","       150","0","        34","0","        80"," ","        10"," ","        40"," ","  -33.3","0,1222, ","   381"," ,0,0305,+","   206"," ,0,0317, ","  40.9"," ,0,0625, ","   38.3","0,0705, ","0.0","0,0912","-5.0","0,0923","-5.0","0,0923","-9.4","0,1018","-9.4","0,1018","-3.9","0,0506","-3.9","0,0506","-4.4","0,0417","-7.2","0,0409","-15.0","0,0321","    4479.1","1","    4479.1","0","    369.3"," ,0","","","     1335"," ,0","      6.69","0","     13.74","0","     -0.35","0","   204326","X","","","","","","","       360","X","","","","","","","","","      24.7","X","",""
"USW00014936","1990","44.37916","-98.22275","390.7","HURON REGIONAL AIRPORT, SD US","       4.7","X","    450.9","","     450.9","0","        80","0","        37","0","         8","0","       28","","        10","0","        17","0","       184","0","        41","0","       143","0","        35","0","        64"," ","        13"," ","        39"," ","  -34.4","0,1223, ","   305"," ,0,0217,+","   272"," ,0,0215, ","  86.1"," ,0,0519, ","   37.8","0,0912, ","-1.7","0,0923","-3.3","0,1009","-6.7","0,1018","-6.7","0,1018","-11.7","0,1104","-1.1","0,0511","-2.2","0,0510","-9.4","0,0417","-9.4","0,0417","-9.4","0,0417","    4147.8","8","    4147.8","0","    584.6"," ,0","","","      686"," ,0","      8.56","0","     15.63","0","      1.50","0","   188246","X","","","","","","","        90","X","","","","","","","","","      27.8","X","",""
"USW00014936","1991","44.37916","-98.22275","390.7","HURON REGIONAL AIRPORT, SD US","       4.9","X","    546.4","","     546.4","0","        70","0","        38","0","         5","0","       45","","         8","0","        24","0","       177","0","        58","0","       148","0","        31","0","        83"," ","        20"," ","        40"," ","  -30.0","0,0103, ","   229"," ,0,0220,+","   130"," ,0,0217, ","  81.5"," ,0,0601, ","   41.1","0,0825, ","-1.7","0,0918","-5.0","0,0919","-5.0","0,0919","-6.7","0,1024","-9.4","0,1025","-2.2","0,0507","-2.2","0,0507","-6.7","0,0330","-6.7","0,0330","-10.0","0,0329","    4070.9","9","    4070.9","0","    594.8"," ,0","","","      699"," ,0","      8.62","0","     15.10","0","      2.15","0","   151003","X","","","","","","","       360","X","","","","","","","","","      24.2","X","",""
"USW00014936","1992","44.37916","-98.22275","390.7","HURON REGIONAL AIRPORT, SD US","       4.8","X","    169.2","","     169.2","0","        93","0","        46","0","         5","0","       41","","         9","0","        10","0","       175","0","        48","0","       134","0","         5","0","       116"," ","        26"," ","        29"," ","  -25.0","0,0115, ","   178"," ,0,0213,+","   165"," ,0,0211, ","  41.1"," ,0,0630, ","   35.0","0,0430, ","-3.9","0,0928","-3.9","0,0928","-4.4","0,1015","-7.2","0,1016","-8.9","0,1018","0.0","0,0527","-2.2","0,0526","-10.6","0,0402","-10.6","0,0402","-10.6","0,0402","    3958.0","0","    3958.0","0","    572.2"," ,0","","","      790"," ,0","      7.61","0","     13.73","0","      1.50","0","","","","","","","","","       315","X","","","","","","","","","      36.5","X","",""
"USW00014936","1993","44.37916","-98.22275","390.7","HURON REGIONAL AIRPORT, SD US","       4.9","X","    238.2","","     238.2","0","       104","0","        56","0","         8","0","       94","","        17","0","        38","0","       167","0","        76","0","       121","0","         5","0","       111"," ","        26"," ","        38"," ","  -30.0","0,0224, ","   279"," ,0,1129,+","   175"," ,0,1124, ","  53.1"," ,0,0717, ","   34.4","0,0809, ","0.0","0,0923","-5.6","0,1009","-5.6","0,1009","-7.2","0,1027","-8.9","0,1030","0.0","0,0502","-2.8","0,0404","-5.0","0,0403","-12.8","0,0322","-12.8","0,0322","    4637.3","3","    4637.3","0","    762.8"," ,0","","","     1369"," ,0","      6.19","0","     12.12","0","      0.26","0","   144051","X","","","","","","","       315","X","","","","","","","","","      28.3","X","",""
"USW00014936","1994","44.37916","-98.22275","390.7","HURON REGIONAL AIRPORT, SD US","       4.9","X","    324.0","","     324.0","0","        94","0","        45","0","         2","0","      103","","        13","0","        39","0","       164","0","        75","0","       148","0","         9","0","        96"," ","        18"," ","        42"," ","  -40.6","0,0209, ","   559"," ,0,0210,+","   208"," ,0,0127, ","  29.5"," ,0,0706, ","   33.9","0,0825,+","-1.1","0,1009","-2.8","0,1024","-5.0","0,1025","-7.2","0,1031","-8.9","0,1119","-2.2","0,0430","-2.2","0,0430","-5.0","0,0413","-8.3","0,0405","-13.3","0,0309","    4689.8","8","    4689.8","0","    528.3"," ,0","","","     1320"," ,0","      6.96","0","     13.20","0","      0.71","0","   153731","X","","","","","","","       270","X","","","","","","","","","      25.7","X","",""
"USW00014936","1995","44.37916","-98.22275","390.7","HURON REGIONAL AIRPORT, SD US","       4.9","X","    435.1","","     435.1","0","       103","0","        62","0","         7","0","       90","","        16","0","        20","0","       170","0","        79","0","       117","0","        19","0","       121"," ","        13"," ","        41"," ","  -27.8","0,0308, ","   406"," ,0,0412, ","   218"," ,0,1023, ","  50.8"," ,0,0527, ","   36.7","0,0711, ","-1.1","0,0921","-4.4","0,0922","-4.4","0,0922","-8.9","0,1102","-8.9","0,1102","0.0","0,0428","-2.2","0,0417","-8.9","0,0404","-8.9","0,0404","-8.9","0,0404","    4283.7","7","    4283.7","0","    761.8"," ,0","","","     1730"," ,0","      7.17","0","     12.72","0","      1.62","0","   131864","X","       320","X","","","","","       315","X","","","      17.0","X","","","","","      23.6","X","",""
"USW00014936","1996","44.37916","-98.22275","390.7","HURON REGIONAL AIRPORT, SD US","       5.1","X","    339.4","","     339.4","0","        96","0","        43","0","         5","0","      108","","        17","0","        47","0","       185","0","        91","0","       132","0","        11","0","       122"," ","        14"," ","        36"," ","  -36.1","0,0202, ","   508"," ,0,1230, ","   196"," ,0,1214, ","  32.5"," ,0,1029,+","   36.1","0,0717, ","0.0","0,1002","-2.8","0,1010","-4.4","0,1022","-7.8","0,1030","-10.6","0,1101","-0.6","0,0501","-4.4","0,0430","-4.4","0,0430","-8.3","0,0405","-18.3","0,0326","    4753.9","9","    4753.9","0","    533.2"," ,0","","","     1548"," ,0","      5.53","0","     11.62","0","     -0.57","0","","","","","","","","","","","","","","","","","","","","","",""
"USW00014936","1997","44.37916","-98.22275","390.7","HURON REGIONAL AIRPORT, SD US","       4.6","X","    409.8","","     409.8","0","        93","0","        49","0","         5","0","      100","","","","        34","0","       172","0","        71","0","       139","0","        17","0","       143"," ","        28"," ","        45"," ","  -30.0","0,0117, ","   533"," ,0,0213,+","","","  42.9"," ,0,1012, ","   36.7","0,0716, ","0.0","0,1013","-3.3","0,1020","-5.6","0,1021","-6.7","0,1026","-11.1","0,1110","-1.1","0,0515","-2.8","0,0417","-4.4","0,0416","-13.9","0,0411","-13.9","0,0411","    4957.9","9","    4957.9","0","    624.9"," ,0","","","","","      7.22","0","     13.10","0","      1.33","0","","","","","         0","X","       310","X","","","","","","","      44.3","X","      31.3","X","","","",""
"USW00014936","1998","44.37916","-98.22275","390.7","HURON REGIONAL AIRPORT, SD US","       4.1","X","    484.1","","     484.1","0","        99","0","        45","0","         6","0","       54","","        13","0","        20","0","       144","0","        56","0","       142","0","        22","0","       170"," ","        26"," ","        30"," ","  -31.7","0,0113, ","   330"," ,0,0401, ","   325"," ,0,0331, ","  44.2"," ,0,1004, ","   37.8","0,0910, ","0.0","0,0922","-2.2","0,1001","-7.2","0,1105","-7.2","0,1105","-10.6","0,1112","-0.6","0,0417","-4.4","0,0404","-4.4","0,0404","-6.7","0,0320","-15.6","0,0314","    3916.3","3","    3916.3","0","    593.0"," ,0","","","     1349"," ,0","      9.21","0","     14.99","0","      3.43","0","","","","","       300","X","       360","X","","","","","","","      26.4","X","      65.7","X","","","",""
"USW00014936","1999","44.37916","-98.22275","390.7","HURON REGIONAL AIRPORT, SD US","       4.6","X","    399.9","","     399.9","0","        89","0","        36","0","         1","0","       59","","         7","0","        17","0","       164","0","        41","0","       141","0","        22","0","       146"," ","        13"," ","        33"," ","  -30.0","0,0104, ","   178"," ,0,0115,+","   127"," ,0,0101, ","  32.8"," ,0,0830, ","   40.0","0,0729, ","0.0","0,0927","-6.1","0,1001","-6.1","0,1001","-9.4","0,1002","-9.4","0,1002","-1.1","0,0423","-2.2","0,0418","-5.6","0,0404","-9.4","0,0325","-9.4","0,0325","    3745.7","7","    3745.7","0","    427.5"," ,0","","","      644"," ,0","      9.10","0","     15.77","0","      2.44","0","","","","","       330","X","       320","X","","","","","","","      23.2","X","      27.7","X","","","",""
"USW00014936","2000","44.37916","-98.22275","390.7","HURON REGIONAL AIRPORT, SD US","       4.7","X","    443.8","","     443.8","0","       100","0","        49","0","         4","0","       62","","        14","0","        29","0","       159","0","        77","0","       153","0","        35","0","       191"," ","        24"," ","        35"," ","  -30.0","0,1224, ","   305"," ,0,1114,+","   279"," ,0,0407, ","  46.5"," ,0,0709, ","   38.9","0,0814, ","-1.1","0,0923","-5.0","0,0924","-5.0","0,0924","-8.9","0,1008","-8.9","0,1008","-1.7","0,0421","-4.4","0,0415","-4.4","0,0415","-8.9","0,0404","-8.9","0,0404","    3655.1","1","    3655.1","0","    510.6"," ,0","","","     1255"," ,0","      8.01","0","     15.00","0","      1.01","0","","","","","       310","X","       320","X","","","","","","","      23.2","X","      28.6","X","","","",""
"USW00014936","2001","44.37916","-98.22275","390.7","HURON REGIONAL AIRPORT, SD US","       4.5","X","    498.9","","     498.9","0","        85","0","        42","0","         7","0","      119","","        14","0","        35","0","       162","0","        81","0","       146","0","        33","0","       190"," ","        43"," ","        27"," ","  -29.4","0,0210,+","   914"," ,0,0301,+","   272"," ,0,0129, ","  93.5"," ,0,0613, ","   37.8","0,0904, ","-0.6","0,0924","-3.3","0,1005","-5.6","0,1006","-7.8","0,1019","-15.0","0,1128","-0.6","0,0423","-5.6","0,0417","-5.6","0,0417","-11.7","0,0327","-11.7","0,0327","    4871.0","0","    4871.0","0","    681.1"," ,0","","","     1773"," ,0","      7.66","0","     13.87","0","      1.45","0","","","","","       360","X","       220","X","","","","","","","      21.5","X","      31.3","X","","","",""
"USW00014936","2002","44.37916","-98.22275","390.7","HURON REGIONAL AIRPORT, SD US","       4.8","X","    598.3","","     598.3","0","        76","0","        35","0","         2","0","       45","","        10","0","        12","0","       184","0","        58","0","       136","0","        45","0","       144"," ","        15"," ","        36"," ","  -21.7","0,1205,+","   483"," ,0,0315, ","   483"," ,0,0314, ","  32.3"," ,0,0314, ","   43.3","0,0720, ","0.0","0,1006","-2.2","0,1009","-4.4","0,1018","-7.2","0,1024","-11.1","0,1030","-1.7","0,0524","-2.8","0,0519","-5.0","0,0420","-6.7","0,0405","-9.4","0,0403","    4005.5","5","    4005.5","0","    378.1"," ,0","","","     1084"," ,0","      8.32","0","     14.91","0","      1.74","0","","","","","       280","X","       250","X","","","","","","","      23.7","X","      37.6","X","","","",""
"USW00014936","2003","44.37916","-98.22275","390.7","HURON REGIONAL AIRPORT, SD US","       4.7","X","    463.2","","     463.2","0","        85","0","        39","0","         2","0","       59","","         8","0","        26","0","       166","0","        71","0","       146","0","        34","0","       166"," ","        19"," ","        23"," ","  -31.1","0,0123, ","   178"," ,0,1123, ","   147"," ,0,1103, ","  42.9"," ,0,0624, ","   41.7","0,0823, ","-0.6","0,0925","-3.3","0,0930","-6.7","0,1001","-6.7","0,1001","-14.4","0,1105","-0.6","0,0520","-3.3","0,0411","-10.0","0,0408","-10.0","0,0408","-10.0","0,0408","    4337.0","0","    4337.0","0","    417.7"," ,0","","","      829"," ,0","      7.84","0","     14.62","0","      1.06","0","","","","","       320","X","       320","X","","","","","","","      22.8","X","      27.7","X","","","",""
"USW00014936","2004","44.37916","-98.22275","390.7","HURON REGIONAL AIRPORT, SD US","       4.6","X","    293.2","","     293.2","0","       104","0","        55","0","         8","0","       28","","        10","0","        24","0","       169","0","        49","0","       140","0","        15","0","       175"," ","        29"," ","        40"," ","  -30.6","0,0127, ","   203"," ,0,0206, ","    58"," ,0,0125, ","  48.5"," ,0,0711, ","   35.6","0,0721, ","-1.1","0,0928","-2.2","0,1002","-4.4","0,1014","-7.2","0,1016","-10.6","0,1111","-3.9","0,0514","-3.9","0,0514","-10.0","0,0412","-10.0","0,0412","-10.0","0,0412","    4157.1","1","    4157.1","0","    755.4"," ,0","","","      487"," ,0","      8.09","0","     14.55","0","      1.63","0","","","","","       320","X","       320","X","","","","","","","      31.3","X","      40.2","X","","","",""
"USW00014936","2005","44.37916","-98.22275","390.7","HURON REGIONAL AIRPORT, SD US","       4.6","X","    531.8","","     531.8","0","        96","0","        45","0","         7","0","       48","","        10","0","        27","0","       172","0","        56","0","       152","0","        36","0","       135"," ","        24"," ","        28"," ","  -31.7","0,0114, ","   483"," ,0,1205,+","   376"," ,0,1128, ","  60.2"," ,0,1128, ","   42.8","0,0723, ","-1.7","0,1006","-2.8","0,1021","-5.6","0,1023","-7.2","0,1024","-12.8","0,1116","-2.2","0,0515","-2.2","0,0515","-8.3","0,0503","-8.3","0,0503","-12.8","0,0319","    3920.4","4","    3920.4","0","    655.6"," ,0","","","      961"," ,0","      8.71","0","     15.39","0","      2.03","0","","","","","       320","X","       310","X","","","","","","","      23.7","X","      27.7","X","","","",""
"USW00014936","2006","44.37916","-98.22275","390.7","HURON REGIONAL AIRPORT, SD US","       4.6","W","    493.0","","     493.0","0","        72","0","        34","0","         5","0","       22","","         7","0","         8","0","       169","0","        31","0","       143","0","        37","0","       132"," ","        19"," ","","","  -23.3","0,0218,+","   102"," ,0,1231,+","   117"," ,0,1230, ","  61.7"," ,0,0901, ","   42.8","0,0715, ","-1.7","0,0920","-3.9","0,1011","-5.6","0,1012","-8.3","0,1014","-8.9","0,1022","-1.7","0,0512","-2.2","0,0505","-6.1","0,0408","-8.3","0,0324","-15.0","0,0317","    3762.5","5","    3762.5","0","    445.7"," ,0","","","      559"," ,0","      9.14","0","     15.88","0","      2.40","0","","","","","","","","","","","","","","","","","","","","","",""
"USW00014936","2007","44.37916","-98.22275","390.7","HURON REGIONAL AIRPORT, SD US","       4.7","W","    495.0","","     495.0","0","        91","0","        45","0","        10","0","      100","","        12","0","        28","0","       159","0","        83","0","       150","0","        23","0","       170"," ","        25"," ","","","  -29.4","0,0215, ","   457"," ,0,0304,+","   257"," ,0,0228, ","  78.7"," ,0,0613, ","   40.0","0,0707, ","-3.3","0,1011","-3.3","0,1011","-5.0","0,1103","-8.3","0,1106","-13.3","0,1122","-1.1","0,0418","-2.8","0,0417","-6.1","0,0413","-8.9","0,0409","-8.9","0,0409","    4231.1","1","    4231.1","0","    779.8"," ,0","","","     1077"," ,0","      7.95","0","     14.07","0","      1.82","0","","","","","       310","X","       310","X","","","","","","","      20.1","X","      22.8","X","","","",""
"USW00014936","2008","44.37916","-98.22275","390.7","HURON REGIONAL AIRPORT, SD US","       4.6","W","    335.9","","     335.9","0","       111","0","        51","0","         6","0","      104","","        18","0","        39","0","       178","0","        70","0","       137","0","        12","0","       159"," ","        18"," ","","","  -28.9","0,0220, ","   203"," ,0,0426, ","   229"," ,0,0425, ","  57.9"," ,0,0901, ","   35.6","0,0711, ","0.0","0,1014","-3.3","0,1016","-6.1","0,1028","-6.7","0,1108","-12.8","0,1120","-2.8","0,0511","-2.8","0,0511","-6.1","0,0428","-7.8","0,0413","-10.6","0,0328","    4467.6","6","    4467.6","0","    647.1"," ,0","","","     1400"," ,0","      6.69","0","     13.19","0","      0.20","0","","","","","       300","X","       310","X","","","","","","","      21.5","X","      26.4","X","","","",""
"USW00014936","2009","44.37916","-98.22275","390.7","HURON REGIONAL AIRPORT, SD US","       4.3","W","    249.4","","     249.4","0","       106","0","        65","0","         3","0","       84","","        17","0","        35","0","       170","0","        72","0","       127","0","         7","0","       164"," ","        25"," ","        28"," ","  -34.4","0,0115, ","   432"," ,0,1230,+","   241"," ,0,1225, ","  30.0"," ,0,1005, ","   36.7","0,0519, ","-0.6","0,0929","-3.9","0,1008","-5.6","0,1009","-6.7","0,1010","-8.9","0,1116","0.0","0,0516","-3.9","0,0410","-8.3","0,0407","-8.3","0,0407","-9.4","0,0402","    4525.6","6","    4525.6","0","    589.9"," ,0","","","     1496"," ,0","      6.60","0","     12.58","0","      0.62","0","","","","","       330","X","       310","X","","","","","","","      19.7","X","      23.7","X","","","",""
"USW00014936","2010","44.37916","-98.22275","390.7","HURON REGIONAL AIRPORT, SD US","       4.2","W","    448.5","","     448.5","0","       106","0","        52","0","        11","0","       94","","        14","0","        28","0","       145","0","        87","0","       153","0","        17","0","       191"," ","        38"," ","        19"," ","  -31.1","0,0108,+","   559"," ,0,0107, ","   165"," ,0,1231, ","  58.4"," ,0,0612, ","   37.8","0,0717, ","0.0","0,1017","-4.4","0,1028","-4.4","0,1028","-7.2","0,1119","-9.4","0,1120","-0.6","0,0508","-2.2","0,0417","-4.4","0,0328","-6.7","0,0320","-10.6","0,0302","    4378.9","9","    4378.9","0","    785.6"," ,0","","","     1156"," ,0","      7.75","0","     13.37","0","      2.13","0","","","","","       280","X","       270","X","","","","","","","      25.9","X","      31.3","X","","","",""
"USW00014936","2011","44.37916","-98.22275","390.7","HURON REGIONAL AIRPORT, SD US","       4.3","W","    462.1","","     462.1","X","        98","X","        50","X","         5","X","       86","","        14","X","        37","X","       167","X","        70","X","       134","X","        22","X","       158"," ","        17"," ","         2"," ","  -31.7","X,0208, ","   508"," ,X,0117,+","   254"," ,X,0220, ","  58.4"," ,X,0620, ","   37.8","X,0801,+","-1.1","X,0915","-2.8","X,1018","-6.1","X,1019","-6.7","X,1020","-9.4","X,1110","-1.1","X,0503","-2.2","X,0502","-5.6","X,0416","-6.7","X,0324","-15.6","X,0313","    4619.9","9","    4619.9","X","    577.6"," ,X","","","     1324"," ,X","      7.32","X","     13.39","X","      1.25","X","","","","","       350","X","       220","X","","","","","","","      21.5","X","      31.3","X","","","",""
"USW00014936","2012","44.37916","-98.22275","390.7","HURON REGIONAL AIRPORT, SD US","       4.2","X","    584.9","","     584.9","X","        91","X","        41","X","         3","X","       60","","        11","X","        17","X","       147","X","        50","X","       159","X","        47","X","        91"," ","        17"," ","         1"," ","  -23.3","X,1225,+","   203"," ,X,0301,+","   206"," ,X,0223, ","  47.0"," ,X,0415, ","   40.0","X,0716, ","-1.7","X,0922","-3.3","X,0923","-5.6","X,1005","-6.7","X,1006","-10.0","X,1111","0.0","X,0417","-6.7","X,0411","-6.7","X,0411","-6.7","X,0411","-11.1","X,0303","    3488.8","8","    3488.8","X","    500.5"," ,X","","","     1010"," ,X","      9.77","X","     16.85","X","      2.69","X","","","","","       320","X","       320","X","","","","","","","      23.2","X","      34.9","X","","","",""
"USW00014936","2013","44.37916","-98.22275","390.7","HURON REGIONAL AIRPORT, SD US","       4.3","W","    457.5","","     457.5","W","       113","W","        55","W","         3","W","      128","","        18","W","        30","W","       189","W","        82","W","       141","W","        22","W","       109"," ","        10"," ","         4"," ","  -31.6","W,1223, ","   279"," ,W,0212,+","   229"," ,W,0210, ","  74.7"," ,W,1014, ","   37.8","W,0829, ","-1.0","W,1013","-3.2","W,1018","-6.6","W,1106","-7.1","W,1109","-16.6","W,1111","-3.2","W,0512","-3.2","W,0512","-8.8","W,0503","-8.8","W,0503","-13.2","W,0423","    4595.9","9","    4595.9","W","    640.7"," ,W","","","     1564"," ,W","      6.57","W","     12.62","W","      0.51","W","","","","","       330","W","       320","W","","","","","","","      30.9","W","      38.9","W","","","",""
"USW00014936","2014","44.37916","-98.22275","390.7","HURON REGIONAL AIRPORT, SD US","       4.8","W","    318.2","","     318.2","W","        89","W","        35","W","         3","W","       78","","        10","W","        42","W","       174","W","        76","W","       143","W","         7","W","       114"," ","         6"," ","        16"," ","  -28.2","W,0106,+","   200"," ,W,1117,+","   112"," ,W,1115, ","  85.1"," ,W,0712, ","   34.4","W,0711, ","-1.0","W,1003","-5.5","W,1010","-5.5","W,1010","-7.7","W,1030","-13.2","W,1031","0.0","W,0516","-4.3","W,0515","-10.5","W,0417","-10.5","W,0417","-10.5","W,0417","    4648.9","9","    4648.9","W","    417.1"," ,W","","","      677"," ,W","      6.62","W","     13.23","W","      0.01","W","","","","","       330","W","       350","W","","","","","","","      21.0","W","      27.7","W","","","",""
"USW00014936","2015","44.37916","-98.22275","390.7","HURON REGIONAL AIRPORT, SD US","       4.7","W","    425.9","","     425.9","W","        85","W","        44","W","         8","W","       49","","         9","W","        28","W","       153","W","        61","W","       156","W","        16","W","       141"," ","        11"," ","        39"," ","  -27.7","W,0227,+","   200"," ,W,1202,+","   137"," ,W,1130, ","  75.4"," ,W,0818, ","   37.2","W,0609, ","0.0","W,1015","-3.8","W,1016","-7.1","W,1113","-7.1","W,1113","-11.6","W,1121","-1.0","W,0512","-7.1","W,0422","-7.1","W,0422","-7.1","W,0422","-11.6","W,0327","    4194.0","0","    4194.0","W","    650.7"," ,W","","","      745"," ,W","      8.83","W","     15.41","W","      2.26","W","","","","","       340","W","       320","W","","","","","","","      22.8","W","      31.3","W","","","",""
"USW00014936","2016","44.37916","-98.22275","390.7","HURON REGIONAL AIRPORT, SD US","       4.8","W","    476.5","","     476.5","W","        95","W","        46","W","         1","W","       62","","         8","W","        19","W","       151","W","        56","W","       166","W","        27","W","       126"," ","        13"," ","        48"," ","  -34.9","W,1218, ","   180"," ,W,0127,+","   152"," ,W,1216, ","  53.1"," ,W,0427, ","   37.2","W,0722,+","-1.6","W,1007","-3.2","W,1024","-11.0","W,1119","-11.0","W,1119","-11.0","W,1119","-1.6","W,0514","-2.7","W,0412","-6.0","W,0411","-7.7","W,0327","-13.8","W,0302","    3675.4","4","    3675.4","W","    496.5"," ,W","","","      708"," ,W","      9.34","W","     15.77","W","      2.92","W","","","","","       290","W","       290","W","","","","","","","      25.9","W","      31.7","W","","","",""
"USW00014936","2017","44.37916","-98.22275","390.7","HURON REGIONAL AIRPORT, SD US","       4.6","W","    388.0","","     388.0","W","        88","W","        35","W","         6","W","       52","","        11","W","        16","W","       159","W","        56","W","       144","W","        28","W","       115"," ","        16"," ","        35"," ","  -34.9","W,1231, ","   180"," ,W,0313, ","   145"," ,W,0312, ","  62.5"," ,W,0923, ","   38.3","W,0717, ","-2.1","W,1009","-4.3","W,1010","-8.8","W,1027","-8.8","W,1027","-11.6","W,1028","-1.0","W,0502","-5.5","W,0429","-5.5","W,0429","-7.1","W,0318","-9.9","W,0315","    3867.2","2","    3867.2","W","    525.6"," ,W","","","      748"," ,W","      8.43","W","     15.08","W","      1.79","W","","","","","       300","W","       290","W","","","","","","","      25.0","W","      37.1","W","","","",""
"USW00014936","2018","44.37916","-98.22275","390.7","HURON REGIONAL AIRPORT, SD US","       4.4","W","    512.0","","     512.0","W","       102","W","        50","W","         3","W","       61","","        19","W","        28","W","       187","W","        71","W","       141","W","        27","W","       177"," ","        31"," ","        39"," ","  -34.3","W,0101, ","   410"," ,W,0415, ","   203"," ,W,0413, ","  36.6"," ,W,0918, ","   37.2","W,0711, ","-1.0","W,1003","-3.8","W,1004","-7.1","W,1015","-7.1","W,1015","-9.3","W,1107","-1.6","W,0428","-2.7","W,0425","-4.9","W,0419","-11.0","W,0416","-11.0","W,0416","    4433.1","1","    4433.1","W","    499.9"," ,W","","","     1537"," ,W","      7.12","W","     13.22","W","      1.02","W","","","","","       320","W","       310","W","","","","","","","      25.0","W","      33.1","W","","","",""
"USW00014936","2019","44.37916","-98.22275","390.7","HURON REGIONAL AIRPORT, SD US","       4.6","W","    383.5","","     383.5","W","       125","W","        65","W","        11","W","      126","","        21","W","        37","W","       173","W","        91","W","       130","W","         6","W","       184"," ","        37"," ","        41"," ","  -34.3","W,0130, ","   430"," ,W,0412, ","   254"," ,W,0411, ","  94.2"," ,W,0802, ","   37.2","W,0629, ","-0.5","W,1010","-2.7","W,1014","-5.5","W,1027","-7.1","W,1028","-9.3","W,1031","-0.5","W,0510","-7.7","W,0414","-7.7","W,0414","-7.7","W,0414","-19.3","W,0311","    4822.2","2","    4822.2","W","    948.8"," ,W","","","     2015"," ,W","      6.15","W","     11.37","W","      0.94","W","","","","","       300","W","       290","W","","","","","","","      24.6","W","      34.0","W","","","",""
"USW00014936","2020","44.37916","-98.22275","390.7","HURON REGIONAL AIRPORT, SD US","       4.6","W","    472.3","","     472.3","W","        84","W","        39","W","         3","W","       84","","        12","W","        13","W","       175","W","        59","W","       146","W","        16","W","       141"," ","        25"," ","        36"," ","  -30.5","W,0213, ","   430"," ,W,0209,+","   190"," ,W,0208, ","  30.2"," ,W,0609, ","   35.0","W,0607,+","0.0","W,1002","-2.7","W,1015","-6.6","W,1018","-12.7","W,1025","-12.7","W,1025","-0.5","W,0511","-5.5","W,0417","-5.5","W,0417","-7.1","W,0416","-10.5","W,0320","    4270.4","4","    4270.4","W","    462.7"," ,W","","","     1032"," ,W","      8.28","W","     14.50","W","      2.06","W","","","","","       270","W","       280","W","","","","","","","      25.9","W","      37.6","W","","","",""
"USW00014936","2021","44.37916","-98.22275","390.7","HURON REGIONAL AIRPORT, SD US","       4.6","W","    556.7","","     556.7","W","        88","W","        37","W","         4","W","       55","","         8","W","        19","W","       161","W","        54","W","       155","W","        44","W","       129"," ","        13"," ","        33"," ","  -30.5","W,0214, ","   130"," ,W,0315,+","   132"," ,W,0310, ","  47.8"," ,W,0827, ","   41.1","W,0728, ","0.0","W,1016","-3.8","W,1031","-6.6","W,1101","-7.1","W,1102","-14.9","W,1125","-2.7","W,0511","-2.7","W,0511","-4.9","W,0424","-7.7","W,0421","-10.5","W,0331","    3977.3","3","    3977.3","W","    516.2"," ,W","","","      591"," ,W","      9.37","W","     16.02","W","      2.72","W","","","","","       330","W","       310","W","","","","","","","      21.0","W","      32.6","W","","","",""
"USW00014936","2022","44.37916","-98.22275","390.7","HURON REGIONAL AIRPORT, SD US","       5.1","W","    517.0","","     517.0","W","        88","W","        32","W","         5","W","       50","","         9","W","        40","W","       179","W","        62","W","       153","W","        27","W","       112"," ","        19"," ","        30"," ","  -28.2","W,1222,+","   330"," ,W,1227,+","   157"," ,W,1215, ","  87.6"," ,W,0705, ","   40.6","W,0629, ","-3.2","W,1006","-3.2","W,1006","-6.6","W,1007","-9.9","W,1017","-9.9","W,1017","-2.1","W,0502","-7.1","W,0426","-7.1","W,0426","-7.1","W,0426","-9.3","W,0416","    4068.2","2","    4068.2","W","    531.0"," ,W","","","      707"," ,W","      7.59","W","     14.65","W","      0.53","W","","","","","       310","W","       320","W","","","","","","","      33.1","W","      42.9","W","","","",""
"USW00014936","2023","44.37916","-98.22275","390.7","HURON REGIONAL AIRPORT, SD US","       4.4","W","    560.7","","     560.7","W","        75","W","        38","W","         4","W","       97","","        11","W","        13","W","       175","W","        69","W","       163","W","        39","W","       181"," ","        38"," ","        38"," ","  -30.5","W,0224, ","   430"," ,W,0225,+","   279"," ,W,0222, ","  56.9"," ,W,1012, ","   40.0","W,0822, ","-0.5","W,1006","-7.7","W,1027","-7.7","W,1027","-7.7","W,1027","-9.3","W,1031","-3.8","W,0502","-3.8","W,0502","-5.5","W,0423","-9.3","W,0406","-9.3","W,0406","    4439.2","2","    4439.2","W","    512.3"," ,W","","","     1074"," ,W","      8.65","W","     15.14","W","      2.15","W","","","","","       330","W","       310","W","","","","","","","      19.2","W","      24.6","W","","","",""
"USW00014936","2024","44.37916","-98.22275","390.7","HURON REGIONAL AIRPORT, SD US","       4.5","W","    419.2","","     419.2","W","        90","W","        42","W","         5","W","       59","","         7","W","        12","W","       159","W","        57","W","       159","W","        15","W","       134"," ","        24"," ","        38"," ","  -27.7","W,0120,+","   230"," ,W,0109, ","   196"," ,W,0214, ","  65.5"," ,W,0620, ","   36.7","W,0803, ","0.0","W,1004","-2.7","W,1014","-6.0","W,1015","-7.7","W,1121","-10.5","W,1125","-1.6","W,0424","-3.8","W,0421","-7.7","W,0404","-7.7","W,0404","-10.5","W,0328","    3653.5","5","    3653.5","W","    552.6"," ,W","","","      712"," ,W","      9.34","W","     15.74","W","      2.95","W","","","","","       320","W","       110","W","","","","","","","      19.7","W","      29.1","W","","","",""
"USW00014936","2025","44.37916","-98.22275","390.7","HURON REGIONAL AIRPORT, SD US","","","","","","","","","","","","","","","","","","","","","","","","","","","        14"," ","         1"," ","         1"," ","","","","","","","","","","","","","","","","","","","","","","","","","","","","","","","","","","","","","","","","","","","","","","","","","","","","","","","","","","","","","","","","","","","",""
