"STATION","DATE","LATITUDE","LONGITUDE","ELEVATION","NAME","AWND","AWND_ATTRIBUTES","CDSD","CDSD_ATTRIBUTES","CLDD","CLDD_ATTRIBUTES","DP01","DP01_ATTRIBUTES","DP10","DP10_ATTRIBUTES","DP1X","DP1X_ATTRIBUTES","DSND","DSND_ATTRIBUTES","DSNW","DSNW_ATTRIBUTES","DT00","DT00_ATTRIBUTES","DT32","DT32_ATTRIBUTES","DX32","DX32_ATTRIBUTES","DX70","DX70_ATTRIBUTES","DX90","DX90_ATTRIBUTES","DYFG","DYFG_ATTRIBUTES","DYHF","DYHF_ATTRIBUTES","DYTS","DYTS_ATTRIBUTES","EMNT","EMNT_ATTRIBUTES","EMSD","EMSD_ATTRIBUTES","EMSN","EMSN_ATTRIBUTES","EMXP","EMXP_ATTRIBUTES","EMXT","EMXT_ATTRIBUTES","FZF0","FZF0_ATTRIBUTES","FZF1","FZF1_ATTRIBUTES","FZF2","FZF2_ATTRIBUTES","FZF3","FZF3_ATTRIBUTES","FZF4","FZF4_ATTRIBUTES","FZF5","FZF5_ATTRIBUTES","FZF6","FZF6_ATTRIBUTES","FZF7","FZF7_ATTRIBUTES","FZF8","FZF8_ATTRIBUTES","FZF9","FZF9_ATTRIBUTES","HDSD","HDSD_ATTRIBUTES","HTDD","HTDD_ATTRIBUTES","PRCP","PRCP_ATTRIBUTES","PSUN","PSUN_ATTRIBUTES","SNOW","SNOW_ATTRIBUTES","TAVG","TAVG_ATTRIBUTES","TMAX","TMAX_ATTRIBUTES","TMIN","TMIN_ATTRIBUTES","TSUN","TSUN_ATTRIBUTES","WDF1","WDF1_ATTRIBUTES","WDF2","WDF2_ATTRIBUTES","WDF5","WDF5_ATTRIBUTES","WDFG","WDFG_ATTRIBUTES","WDFM","WDFM_ATTRIBUTES","WSF1","WSF1_ATTRIBUTES","WSF2","WSF2_ATTRIBUTES","WSF5","WSF5_ATTRIBUTES","WSFG","WSFG_ATTRIBUTES","WSFM","WSFM_ATTRIBUTES"
"USW00093822","1901","39.84529","-89.68401","179.7","SPRINGFIELD ABRAHAM LINCOLN CAPITAL AIRPORT, IL US","","","    823.2","","     823.2","X","       101","X","        46","X","         7","X","       26","","         5","X","         7","X","       119","X","        37","X","       154","X","        51","X","        16"," ","","","        32"," ","  -23.9","X,1220, ","    51"," ,X,1220,+","    71"," ,X,0202, ","  37.8"," ,X,0626, ","   41.7","X,0722, ","-5.6","X,1104","-5.6","X,1104","-5.6","X,1104","-7.8","X,1116","-8.9","X,1213","-0.6","X,0421","-4.4","X,0321","-4.4","X,0321","-12.2","X,0306","-12.2","X,0306","","","","","    648.4"," ,X","","","      326"," ,X","     11.56","X","     16.82","X","      6.31","X","","","","","","","","","","","","","","","","","","","","","",""
"USW00093822","1902","39.84529","-89.68401","179.7","SPRINGFIELD ABRAHAM LINCOLN CAPITAL AIRPORT, IL US","","","    530.0","","     530.0","X","       129","X","        68","X","         9","X","       34","","         6","X","         8","X","       103","X","        47","X","       157","X","        19","X","        27"," ","","","        56"," ","  -22.2","X,0127, ","   178"," ,X,0202, ","   130"," ,X,0121, ","  72.6"," ,X,0628, ","   34.4","X,0717,+","0.0","X,1123","-2.2","X,1126","-11.1","X,1207","-11.1","X,1207","-11.1","X,1207","0.0","X,0415","-3.3","X,0408","-5.6","X,0319","-10.6","X,0318","-10.6","X,0318","    3260.8","8","    3260.8","X","    933.4"," ,X","","","      468"," ,X","     11.25","X","     16.04","X","      6.46","X","","","","","","","","","","","","","","","","","","","","","",""
"USW00093822","1903","39.84529","-89.68401","179.7","SPRINGFIELD ABRAHAM LINCOLN CAPITAL AIRPORT, IL US","","","    543.8","","     543.8","X","       102","X","        56","X","         6","X","       35","","         7","X","         9","X","       117","X","        41","X","       157","X","        14","X","        41"," ","","","        45"," ","  -24.4","X,0217, ","   229"," ,X,0216,+","   229"," ,X,0215, ","  43.2"," ,X,0524, ","   36.1","X,0709, ","-0.6","X,1024","-3.3","X,1107","-8.3","X,1117","-8.3","X,1117","-10.6","X,1118","-1.1","X,0404","-2.8","X,0329","-8.9","X,0301","-8.9","X,0301","-8.9","X,0301","    2931.4","4","    2931.4","X","    720.6"," ,X","","","      854"," ,X","     10.99","X","     16.17","X","      5.82","X","","","","","","","","","","","","","","","","","","","","","",""
"USW00093822","1904","39.84529","-89.68401","179.7","SPRINGFIELD ABRAHAM LINCOLN CAPITAL AIRPORT, IL US","","","    430.8","","     430.8","X","       102","X","        59","X","         5","X","       43","","         9","X","         8","X","       124","X","        48","X","       155","X","         4","X","        28"," ","","","        42"," ","  -22.8","X,0103, ","   127"," ,X,0129,+","   109"," ,X,0125, ","  54.9"," ,X,0727, ","   32.8","X,0716, ","-1.1","X,1027","-4.4","X,1112","-4.4","X,1112","-7.8","X,1130","-12.8","X,1212","-2.2","X,0421","-2.2","X,0421","-6.1","X,0327","-6.7","X,0326","-13.3","X,0222","    3585.7","7","    3585.7","X","    778.5"," ,X","","","      595"," ,X","     10.23","X","     15.40","X","      5.06","X","","","","","","","","","","","","","","","","","","","","","",""
"USW00093822","1905","39.84529","-89.68401","179.7","SPRINGFIELD ABRAHAM LINCOLN CAPITAL AIRPORT, IL US","","","    600.5","","     600.5","X","       111","X","        61","X","         9","X","       50","","         7","X","        17","X","       115","X","        43","X","       169","X","        20","X","        21"," ","","","        44"," ","  -31.1","X,0213, ","   178"," ,X,0217,+","    97"," ,X,0205, ","  46.7"," ,X,0701, ","   36.1","X,0618, ","0.0","X,1012","-2.2","X,1102","-4.4","X,1114","-8.3","X,1129","-11.1","X,1130","-1.1","X,0416","-7.8","X,0311","-7.8","X,0311","-7.8","X,0311","-13.9","X,0218","    3217.2","2","    3217.2","X","    749.0"," ,X","","","      430"," ,X","     11.05","X","     16.30","X","      5.79","X","","","","","","","","","","","","","","","","","","","","","",""
"USW00093822","1906","39.84529","-89.68401","179.7","SPRINGFIELD ABRAHAM LINCOLN CAPITAL AIRPORT, IL US","","","    700.0","","     700.0","X","       114","X","        65","X","         8","X","       29","","         7","X","         1","X","       116","X","        35","X","       170","X","        31","X","        18"," ","","","        47"," ","  -17.8","X,0207, ","   305"," ,X,0319, ","   234"," ,X,0319, ","  48.8"," ,X,0121, ","   35.6","X,0722, ","-1.1","X,1010","-3.3","X,1031","-8.9","X,1206","-8.9","X,1206","-8.9","X,1206","-2.2","X,0401","-2.2","X,0401","-5.0","X,0325","-8.3","X,0323","-9.4","X,0321","    3083.7","7","    3083.7","X","    901.8"," ,X","","","      852"," ,X","     11.79","X","     17.02","X","      6.57","X","","","","","","","","","","","","","","","","","","","","","",""
"USW00093822","1907","39.84529","-89.68401","179.7","SPRINGFIELD ABRAHAM LINCOLN CAPITAL AIRPORT, IL US","","","    583.5","","     583.5","X","       126","X","        74","X","        11","X","       11","","         7","X","         1","X","       112","X","        21","X","       150","X","        24","X","         5"," ","","","        62"," ","  -17.8","X,0205, ","    76"," ,X,1223, ","   109"," ,X,1223, ","  59.2"," ,X,0728, ","   36.1","X,0705, ","-2.8","X,1028","-2.8","X,1028","-5.6","X,1111","-6.7","X,1204","","","0.0","X,0501","-2.8","X,0414","-5.0","X,0223","-11.1","X,0222","-11.1","X,0222","    3019.2","2","    3019.2","X","   1043.5"," ,X","","","      435"," ,X","     11.53","X","     16.62","X","      6.43","X","","","","","","","","","","","","","","","","","","","","","",""
"USW00093822","1908","39.84529","-89.68401","179.7","SPRINGFIELD ABRAHAM LINCOLN CAPITAL AIRPORT, IL US","","","    714.1","","     714.1","X","        99","X","        64","X","         6","X","       21","","         6","X","         0","X","       106","X","        22","X","       165","X","        32","X","         9"," ","","","        53"," ","  -16.7","X,0202, ","   254"," ,X,0219, ","   241"," ,X,0218, ","  36.3"," ,X,0829, ","   36.1","X,0816, ","-1.7","X,1031","-2.2","X,1104","-4.4","X,1105","-6.7","X,1113","-8.9","X,1201","0.0","X,0416","-3.3","X,0403","-5.6","X,0228","-7.8","X,0227","-9.4","X,0222","    2959.9","9","    2959.9","X","    754.4"," ,X","","","      705"," ,X","     12.31","X","     17.58","X","      7.04","X","","","","","","","","","","","","","","","","","","","","","",""
"USW00093822","1909","39.84529","-89.68401","179.7","SPRINGFIELD ABRAHAM LINCOLN CAPITAL AIRPORT, IL US","","","    605.3","","     605.3","X","       118","X","        73","X","        15","X","       42","","         9","X","         9","X","        97","X","        36","X","       162","X","        26","X","        16"," ","","","        52"," ","  -21.7","X,1230, ","   178"," ,X,1225, ","   132"," ,X,0215, ","  59.9"," ,X,0525, ","   35.6","X,0815,+","-1.7","X,1012","-3.3","X,1013","-6.7","X,1118","-6.7","X,1118","-15.0","X,1207","-3.9","X,0410","-3.9","X,0410","-9.4","X,0317","-9.4","X,0317","-9.4","X,0317","    2924.1","1","    2924.1","X","   1080.9"," ,X","","","      698"," ,X","     11.48","X","     16.70","X","      6.25","X","","","","","","","","","","","","","","","","","","","","","",""
"USW00093822","1910","39.84529","-89.68401","179.7","SPRINGFIELD ABRAHAM LINCOLN CAPITAL AIRPORT, IL US","","","    615.4","","     615.4","X","       103","X","        58","X","         4","X","       23","","         3","X","         3","X","       120","X","        35","X","       171","X","        23","X","        24"," ","","","        55"," ","  -20.6","X,0218, ","   102"," ,X,0218,+","   109"," ,X,0216, ","  47.5"," ,X,0908, ","   35.6","X,0725,+","-1.1","X,1028","-2.2","X,1102","-5.0","X,1103","-6.7","X,1112","-11.7","X,1212","-5.6","X,0424","-5.6","X,0424","-5.6","X,0424","-11.1","X,0225","-11.1","X,0225","    3067.6","6","    3067.6","X","    699.6"," ,X","","","      296"," ,X","     11.56","X","     16.83","X","      6.30","X","","","","","","","","","","","","","","","","","","","","","",""
"USW00093822","1911","39.84529","-89.68401","179.7","SPRINGFIELD ABRAHAM LINCOLN CAPITAL AIRPORT, IL US","","","    816.5","","     816.5","X","       123","X","        74","X","        10","X","       13","","         5","X","         1","X","       112","X","        17","X","       162","X","        42","X","        26"," ","","","        51"," ","  -18.9","X,0103, ","    76"," ,X,1216,+","   127"," ,X,1216, ","  57.4"," ,X,0928, ","   38.3","X,0704,+","-4.4","X,1101","-4.4","X,1101","-4.4","X,1101","-6.7","X,1102","-10.6","X,1112","-1.7","X,0407","-2.8","X,0328","-8.3","X,0316","-8.3","X,0316","-10.0","X,0221","    2955.0","0","    2955.0","X","   1037.5"," ,X","","","      394"," ,X","     12.52","X","     17.60","X","      7.44","X","","","","","","","","","","","","","","","","","","","","","",""
"USW00093822","1912","39.84529","-89.68401","179.7","SPRINGFIELD ABRAHAM LINCOLN CAPITAL AIRPORT, IL US","","","    664.8","","     664.8","X","       109","X","        73","X","        10","X","       33","","         9","X","        13","X","       124","X","        52","X","       162","X","        32","X","        11"," ","","","        63"," ","  -28.3","X,0107, ","   178"," ,X,0221, ","   140"," ,X,0221, ","  75.4"," ,X,0706, ","   36.1","X,0724, ","-2.8","X,1102","-2.8","X,1102","-5.0","X,1125","-10.0","X,1208","-10.0","X,1208","0.0","X,0403","-4.4","X,0325","-4.4","X,0325","-7.2","X,0322","-10.6","X,0310","    3530.5","5","    3530.5","X","    859.3"," ,X","","","      655"," ,X","     10.81","X","     15.85","X","      5.77","X","","","","","","","","","","","","","","","","","","","","","",""
"USW00093822","1913","39.84529","-89.68401","179.7","SPRINGFIELD ABRAHAM LINCOLN CAPITAL AIRPORT, IL US","","","    898.6","","     898.6","X","       108","X","        71","X","         7","X","       15","","         6","X","         3","X","        95","X","        33","X","       168","X","        64","X","        16"," ","","","        39"," ","  -17.8","X,0302,+","   127"," ,X,0206,+","   109"," ,X,0326, ","  54.6"," ,X,0324, ","   39.4","X,0729, ","-1.7","X,1021","-2.8","X,1029","-4.4","X,1110","","","","","-3.9","X,0328","-3.9","X,0328","-5.0","X,0327","-6.7","X,0322","-12.2","X,0306","    3016.0","0","    3016.0","X","    854.3"," ,X","","","      497"," ,X","     12.70","X","     17.91","X","      7.49","X","","","","","","","","","","","","","","","","","","","","","",""
"USW00093822","1914","39.84529","-89.68401","179.7","SPRINGFIELD ABRAHAM LINCOLN CAPITAL AIRPORT, IL US","","","    884.5","","     884.5","X","       110","X","        59","X","         2","X","       55","","        14","X","         4","X","       109","X","        46","X","       169","X","        57","X","        12"," ","","","        36"," ","  -21.7","X,1226, ","   279"," ,X,0225,+","   178"," ,X,0131, ","  34.3"," ,X,0406, ","   40.0","X,0716, ","-0.6","X,1026","-2.8","X,1027","-4.4","X,1116","-11.7","X,1119","-11.7","X,1119","0.0","X,0410","-3.9","X,0409","-7.2","X,0320","-7.2","X,0320","-11.1","X,0302","    2891.5","5","    2891.5","X","    578.7"," ,X","","","     1212"," ,X","     12.27","X","     17.47","X","      7.07","X","","","","","","","","","","","","","","","","","","","","","",""
"USW00093822","1915","39.84529","-89.68401","179.7","SPRINGFIELD ABRAHAM LINCOLN CAPITAL AIRPORT, IL US","","","    482.7","","     482.7","X","       129","X","        77","X","         7","X","       27","","         8","X","         3","X","       113","X","        27","X","       167","X","         7","X","        26"," ","","","        43"," ","  -24.4","X,0128, ","   254"," ,X,1225, ","   267"," ,X,1224, ","  92.7"," ,X,0820, ","   33.3","X,0715,+","-3.3","X,1114","-3.3","X,1114","-6.7","X,1115","-6.7","X,1115","-10.0","X,1214","-3.3","X,0403","-3.3","X,0403","-4.4","X,0330","-8.3","X,0208","-15.6","X,0129","    3016.8","8","    3016.8","X","   1037.6"," ,X","","","      852"," ,X","     11.58","X","     16.34","X","      6.82","X","","","","","","","","","","","","","","","","","","","","","",""
"USW00093822","1916","39.84529","-89.68401","179.7","SPRINGFIELD ABRAHAM LINCOLN CAPITAL AIRPORT, IL US","","","    737.1","","     737.1","X","       109","X","        63","X","         4","X","       16","","         5","X","         8","X","       111","X","        41","X","       153","X","        46","X","        32"," ","","","        47"," ","  -22.8","X,0113, ","   152"," ,X,0206, ","   117"," ,X,0205, ","  55.4"," ,X,0927, ","   38.9","X,0729, ","-0.6","X,1020","-8.3","X,1113","-8.3","X,1113","-8.3","X,1113","-10.0","X,1114","-1.7","X,0409","-2.8","X,0406","-5.6","X,0323","-6.7","X,0315","-12.8","X,0304","    3056.5","5","    3056.5","X","    760.0"," ,X","","","      527"," ,X","     11.64","X","     16.96","X","      6.31","X","","","","","","","","","","","","","","","","","","","","","",""
"USW00093822","1917","39.84529","-89.68401","179.7","SPRINGFIELD ABRAHAM LINCOLN CAPITAL AIRPORT, IL US","","","    513.2","","     513.2","X","       114","X","        59","X","         8","X","       18","","         4","X","        13","X","       115","X","        42","X","       139","X","        19","X","        36"," ","","","        62"," ","  -25.6","X,0202, ","   152"," ,X,1216,+","    56"," ,X,1214, "," 130.8"," ,X,0604, ","   36.7","X,0731,+","0.0","X,1009","-2.2","X,1013","-6.1","X,1123","-7.8","X,1124","-11.7","X,1206","-1.1","X,0414","-2.2","X,0413","-12.2","X,0305","-12.2","X,0305","-12.2","X,0305","    3264.3","3","    3264.3","X","    900.2"," ,X","","","      318"," ,X","     10.11","X","     15.33","X","      4.88","X","","","","","","","","","","","","","","","","","","","","","",""
"USW00093822","1918","39.84529","-89.68401","179.7","SPRINGFIELD ABRAHAM LINCOLN CAPITAL AIRPORT, IL US","","","    707.0","","     707.0","X","       117","X","        72","X","         6","X","       43","","         6","X","         8","X","        96","X","        41","X","       161","X","        36","X","        16"," ","","","        40"," ","  -28.9","X,0112, ","   406"," ,X,0117,+","   208"," ,X,0106, ","  57.4"," ,X,0509, ","   41.1","X,0804, ","-1.1","X,1101","-2.8","X,1123","-5.0","X,1124","-6.7","X,1224","-9.4","X,1225","-2.8","X,0410","-2.8","X,0410","-6.1","X,0310","-9.4","X,0222","-9.4","X,0222","    3458.3","3","    3458.3","X","    942.8"," ,X","","","      570"," ,X","     11.85","X","     17.10","X","      6.59","X","","","","","","","","","","","","","","","","","","","","","",""
"USW00093822","1919","39.84529","-89.68401","179.7","SPRINGFIELD ABRAHAM LINCOLN CAPITAL AIRPORT, IL US","","","    755.9","","     755.9","X","       105","X","        58","X","         6","X","        4","","         3","X","         4","X","       110","X","        35","X","       161","X","        39","X","        19"," ","","","        53"," ","  -22.2","X,0103, ","    51"," ,X,0308,+","   104"," ,X,0308, ","  56.6"," ,X,0603, ","   37.8","X,0731, ","0.0","X,1102","-2.8","X,1105","-5.6","X,1112","-8.3","X,1113","-12.2","X,1202","-2.8","X,0401","-2.8","X,0401","-8.3","X,0306","-8.3","X,0306","-8.9","X,0305","    2744.0","0","    2744.0","X","    761.3"," ,X","","","      291"," ,X","     12.13","X","     17.31","X","      6.96","X","","","","","","","","","","","","","","","","","","","","","",""
"USW00093822","1920","39.84529","-89.68401","179.7","SPRINGFIELD ABRAHAM LINCOLN CAPITAL AIRPORT, IL US","","","    629.1","","     629.1","X","       104","X","        66","X","         9","X","       24","","         8","X","         3","X","       115","X","        43","X","       164","X","        25","X","        18"," ","","","        58"," ","  -18.3","X,1228, ","   127"," ,X,0404, ","   119"," ,X,0404, ","  86.6"," ,X,0601, ","   37.8","X,0723, ","-1.1","X,1029","-6.7","X,1111","-6.7","X,1111","-6.7","X,1111","-8.9","X,1112","-2.2","X,0413","-2.2","X,0413","-8.3","X,0405","-8.3","X,0405","-10.0","X,0308","    3330.4","4","    3330.4","X","    960.4"," ,X","","","      553"," ,X","     11.38","X","     16.31","X","      6.44","X","","","","","","","","","","","","","","","","","","","","","",""
"USW00093822","1921","39.84529","-89.68401","179.7","SPRINGFIELD ABRAHAM LINCOLN CAPITAL AIRPORT, IL US","","","    904.9","","     904.9","X","       117","X","        66","X","         8","X","        9","","         3","X","         0","X","        80","X","        20","X","       172","X","        56","X","        22"," ","","","        65"," ","  -13.9","X,0117, ","    51"," ,X,0115,+","    41"," ,X,0113, ","  72.1"," ,X,0801, ","   37.8","X,0713, ","-1.7","X,1110","-2.2","X,1111","-4.4","X,1209","-6.7","X,1218","-10.0","X,1221","-1.7","X,0417","-4.4","X,0329","-4.4","X,0329","-6.7","X,0328","-13.9","X,0117","    2566.9","9","    2566.9","X","    954.8"," ,X","","","      184"," ,X","     13.89","X","     18.89","X","      8.89","X","","","","","","","","","","","","","","","","","","","","","",""
"USW00093822","1922","39.84529","-89.68401","179.7","SPRINGFIELD ABRAHAM LINCOLN CAPITAL AIRPORT, IL US","","","    787.4","","     787.4","X","       105","X","        66","X","         4","X","       16","","         5","X","         3","X","        94","X","        33","X","       174","X","        35","X","        14"," ","","","        48"," ","  -20.0","X,0123, ","   102"," ,X,0301,+","   142"," ,X,0120, ","  56.6"," ,X,0314, ","   37.8","X,0824, ","-0.6","X,1116","-3.3","X,1124","-6.1","X,1125","-6.7","X,1209","-13.9","X,1212","0.0","X,0331","-3.3","X,0308","-6.1","X,0303","-6.7","X,0301","-11.1","X,0228","    2816.3","3","    2816.3","X","    780.5"," ,X","","","      407"," ,X","     12.70","X","     18.01","X","      7.40","X","","","","","","","","","","","","","","","","","","","","","",""
"USW00093822","1923","39.84529","-89.68401","179.7","SPRINGFIELD ABRAHAM LINCOLN CAPITAL AIRPORT, IL US","","","    666.9","","     666.9","X","       107","X","        64","X","        11","X","        5","","         1","X","         2","X","        96","X","        19","X","       151","X","        28","X","        12"," ","","","        49"," ","  -19.4","X,0204, ","    76"," ,X,0106, ","    86"," ,X,0105, ","  61.7"," ,X,0311, ","   37.2","X,0623, ","-1.1","X,1030","-3.3","X,1031","-5.0","X,1214","-16.1","X,1231","-16.1","X,1231","0.0","X,0409","-2.2","X,0408","-9.4","X,0331","-9.4","X,0331","-9.4","X,0331","    2956.8","8","    2956.8","X","    932.3"," ,X","","","      191"," ,X","     12.03","X","     16.86","X","      7.20","X","","","","","","","","","","","","","","","","","","","","","",""
"USW00093822","1924","39.84529","-89.68401","179.7","SPRINGFIELD ABRAHAM LINCOLN CAPITAL AIRPORT, IL US","","","    497.6","","     497.6","X","       120","X","        61","X","        10","X","       35","","         8","X","        13","X","       111","X","        46","X","       166","X","        17","X","         5"," ","","","        51"," ","  -26.7","X,0105, ","   127"," ,X,0121,+","    91"," ,X,0320, ","  52.8"," ,X,0624, ","   36.7","X,0805, ","-1.7","X,1108","-5.0","X,1124","-5.0","X,1124","-10.0","X,1129","-10.0","X,1129","-3.3","X,0402","-3.3","X,0402","-4.4","X,0331","-9.4","X,0310","-9.4","X,0310","    3118.1","1","    3118.1","X","    858.7"," ,X","","","      621"," ,X","     10.68","X","     15.70","X","      5.66","X","","","","","","","","","","","","","","","","","","","","","",""
"USW00093822","1925","39.84529","-89.68401","179.7","SPRINGFIELD ABRAHAM LINCOLN CAPITAL AIRPORT, IL US","","","    816.2","","     816.2","X","       108","X","        65","X","        10","X","       24","","         6","X","         2","X","       117","X","        33","X","       157","X","        53","X","        12"," ","","","        54"," ","  -20.0","X,1227, ","    76"," ,X,0104,+","    69"," ,X,0228, ","  54.6"," ,X,0812, ","   38.9","X,0702, ","-0.6","X,1010","-3.3","X,1027","-6.7","X,1028","-6.7","X,1028","-10.6","X,1030","-1.1","X,0405","-6.1","X,0315","-6.1","X,0315","-10.0","X,0303","-10.0","X,0303","    2891.6","6","    2891.6","X","    780.4"," ,X","","","      374"," ,X","     12.04","X","     17.33","X","      6.75","X","","","","","","","","","","","","","","","","","","","","","",""
"USW00093822","1926","39.84529","-89.68401","179.7","SPRINGFIELD ABRAHAM LINCOLN CAPITAL AIRPORT, IL US","","","    689.8","","     689.8","X","       131","X","        82","X","        14","X","       18","","         6","X","         1","X","       123","X","        35","X","       151","X","        34","X","        23"," ","","","        62"," ","  -18.9","X,0122, ","   178"," ,X,1118,+","   201"," ,X,1117, "," 138.2"," ,X,0908, ","   37.2","X,0811, ","0.0","X,1025","-5.0","X,1109","-5.0","X,1109","-7.2","X,1110","-8.9","X,1121","-0.6","X,0419","-2.8","X,0415","-5.6","X,0401","-9.4","X,0314","-9.4","X,0314","    3362.4","4","    3362.4","X","   1384.2"," ,X","","","      689"," ,X","     11.25","X","     15.99","X","      6.51","X","","","","","","","","","","","","","","","","","","","","","",""
"USW00093822","1927","39.84529","-89.68401","179.7","SPRINGFIELD ABRAHAM LINCOLN CAPITAL AIRPORT, IL US","","","    551.2","","     551.2","X","       112","X","        77","X","        15","X","       23","","         5","X","         4","X","        88","X","        27","X","       161","X","        23","X","        22"," ","","","        59"," ","  -25.0","X,0115, ","   203"," ,X,0113, ","   142"," ,X,0113, ","  46.5"," ,X,0518, ","   35.6","X,0701,+","-2.2","X,1105","-2.2","X,1105","-4.4","X,1106","-6.7","X,1201","-14.4","X,1207","-0.6","X,0423","-2.2","X,0304","-6.1","X,0302","-6.7","X,0219","-17.8","X,0127","    3023.1","1","    3023.1","X","   1248.3"," ,X","","","      504"," ,X","     12.07","X","     16.90","X","      7.23","X","","","","","","","","","","","","","","","","","","","","","",""
"USW00093822","1928","39.84529","-89.68401","179.7","SPRINGFIELD ABRAHAM LINCOLN CAPITAL AIRPORT, IL US","","","    604.9","","     604.9","X","       108","X","        63","X","         6","X","       10","","         2","X","         3","X","        91","X","        22","X","       160","X","        27","X","        29"," ","","","        48"," ","  -22.8","X,0102, ","   152"," ,X,0102,+","    61"," ,X,0223, ","  58.9"," ,X,0518, ","   35.0","X,0707,+","0.0","X,1029","-3.3","X,1123","-7.2","X,1125","-7.2","X,1125","-11.1","X,1205","-3.9","X,0415","-3.9","X,0415","-8.3","X,0305","-8.3","X,0305","-9.4","X,0226","    2949.1","1","    2949.1","X","    806.6"," ,X","","","      148"," ,X","     11.90","X","     16.81","X","      6.99","X","","","","","","","","","","","","","","","","","","","","","",""
"USW00093822","1929","39.84529","-89.68401","179.7","SPRINGFIELD ABRAHAM LINCOLN CAPITAL AIRPORT, IL US","","","    546.0","","     546.0","X","       114","X","        62","X","         7","X","       28","","         4","X","         9","X","       104","X","        50","X","       143","X","        16","X","        33"," ","","","        42"," ","  -20.6","X,0107, ","   127"," ,X,1223,+","   145"," ,X,1218, ","  42.7"," ,X,0612, ","   35.0","X,0822, ","-0.6","X,1023","-4.4","X,1120","-4.4","X,1120","-8.9","X,1121","-8.9","X,1121","0.0","X,0502","-6.7","X,0310","-6.7","X,0310","-6.7","X,0310","-15.0","X,0222","    3155.5","5","    3155.5","X","    856.8"," ,X","","","      554"," ,X","     10.57","X","     15.47","X","      5.67","X","","","","","","","","","","","","","","","","","","","","","",""
"USW00093822","1930","39.84529","-89.68401","179.7","SPRINGFIELD ABRAHAM LINCOLN CAPITAL AIRPORT, IL US","","","    772.1","","     772.1","X","        94","X","        51","X","         7","X","       23","","         3","X","         5","X","       108","X","        34","X","       167","X","        41","X","        28"," ","","","        31"," ","  -27.8","X,0118, ","   127"," ,X,0325, ","   122"," ,X,0325, ","  54.4"," ,X,0914, ","   40.0","X,0728,+","0.0","X,1017","-3.9","X,1020","-5.0","X,1106","-12.2","X,1126","-12.2","X,1126","0.0","X,0402","-3.3","X,0328","-5.6","X,0326","-7.8","X,0303","-11.1","X,0302","    3146.7","7","    3146.7","X","    618.7"," ,X","","","      367"," ,X","     12.25","X","     17.39","X","      7.10","X","","","","","","","","","","","","","","","","","","","","","",""
"USW00093822","1931","39.84529","-89.68401","179.7","SPRINGFIELD ABRAHAM LINCOLN CAPITAL AIRPORT, IL US","","","    939.4","","     939.4","X","       107","X","        67","X","         8","X","        8","","         6","X","         0","X","        74","X","         9","X","       170","X","        56","X","        28"," ","","","        41"," ","  -12.8","X,0101, ","   279"," ,X,0308, ","   137"," ,X,0306, ","  50.0"," ,X,0805, ","   38.9","X,0701,+","0.0","X,1106","-3.3","X,1125","","","","","","","-0.6","X,0406","-2.2","X,0329","-4.4","X,0310","-9.4","X,0214","-9.4","X,0214","    2849.6","6","    2849.6","X","    919.7"," ,X","","","      494"," ,X","     14.11","X","     19.14","X","      9.08","X","","","","","","","","","","","","","","","","","","","","","",""
"USW00093822","1932","39.84529","-89.68401","179.7","SPRINGFIELD ABRAHAM LINCOLN CAPITAL AIRPORT, IL US","","","    746.0","","     746.0","X","       100","X","        68","X","         7","X","       19","","         4","X","         2","X","       100","X","        29","X","       168","X","        36","X","        23"," ","","","        52"," ","  -20.6","X,1216, ","   178"," ,X,1115, ","   193"," ,X,1115, ","  52.3"," ,X,1025, ","   37.8","X,0720,+","-1.7","X,1030","-3.9","X,1111","-5.6","X,1112","-6.7","X,1116","-9.4","X,1120","-1.1","X,0331","-2.8","X,0324","-4.4","X,0322","-8.9","X,0314","-8.9","X,0314","    2389.9","9","    2389.9","X","    814.5"," ,X","","","      423"," ,X","     12.45","X","     17.69","X","      7.20","X","","","","","","","","","","","","","","","","","","","","","",""
"USW00093822","1933","39.84529","-89.68401","179.7","SPRINGFIELD ABRAHAM LINCOLN CAPITAL AIRPORT, IL US","","","    957.9","","     957.9","X","       110","X","        65","X","         7","X","        6","","         2","X","         3","X","        85","X","        16","X","       169","X","        62","X","        30"," ","","","        45"," ","  -23.3","X,0209, ","    51"," ,X,0210,+","    91"," ,X,0322, ","  83.1"," ,X,0331, ","   38.3","X,0701,+","-0.6","X,1025","-2.8","X,1107","-4.4","X,1108","-8.3","X,1115","-8.9","X,1212","-0.6","X,0324","-3.3","X,0322","-4.4","X,0321","-11.7","X,0310","-11.7","X,0310","    2892.9","9","    2892.9","X","    927.3"," ,X","","","      187"," ,X","     13.49","X","     18.93","X","      8.04","X","","","","","","","","","","","","","","","","","","","","","",""
"USW00093822","1934","39.84529","-89.68401","179.7","SPRINGFIELD ABRAHAM LINCOLN CAPITAL AIRPORT, IL US","","","    967.0","","     967.0","X","       105","X","        67","X","         9","X","       24","","        10","X","         3","X","       108","X","        28","X","       179","X","        68","X","        37"," ","","","        53"," ","  -19.4","X,0227, ","   178"," ,X,0226,+","   145"," ,X,0326, ","  69.1"," ,X,0715, ","   42.2","X,0809,+","-0.6","X,1028","-2.2","X,1115","-5.0","X,1206","-7.2","X,1207","-11.1","X,1210","-1.1","X,0331","-10.0","X,0328","-10.0","X,0328","-10.0","X,0328","-10.0","X,0328","    2864.8","8","    2864.8","X","    906.5"," ,X","","","      903"," ,X","     13.09","X","     18.51","X","      7.66","X","","","","","","","","","","","","","","","","","","","","","",""
"USW00093822","1935","39.84529","-89.68401","179.7","SPRINGFIELD ABRAHAM LINCOLN CAPITAL AIRPORT, IL US","","","    725.4","","     725.4","X","       117","X","        82","X","        10","X","       16","","         4","X","         6","X","        96","X","        26","X","       153","X","        43","X","        74"," ","","","        41"," ","  -19.4","X,1226,+","    76"," ,X,1225, ","    51"," ,X,1225, ","  60.7"," ,X,1104, ","   37.8","X,0806,+","0.0","X,1004","-2.8","X,1106","-4.4","X,1121","-7.8","X,1122","-13.3","X,1219","-1.1","X,0416","-2.8","X,0317","-6.1","X,0308","-11.7","X,0227","-11.7","X,0227","    2799.0","0","    2799.0","X","   1047.7"," ,X","","","      202"," ,X","     11.97","X","     16.73","X","      7.21","X","","","","","","","","","","","","","","","","","","","","","",""
"USW00093822","1936","39.84529","-89.68401","179.7","SPRINGFIELD ABRAHAM LINCOLN CAPITAL AIRPORT, IL US","","","   1095.3","","    1095.3","X","       101","X","        53","X","         6","X","       37","","         7","X","        19","X","       115","X","        35","X","       172","X","        70","X","        38"," ","","","        48"," ","  -26.7","X,0123, ","   102"," ,X,0203,+","    84"," ,X,0122, ","  67.8"," ,X,0323, ","   43.3","X,0714, ","0.0","X,1026","-3.9","X,1104","-4.4","X,1119","-9.4","X,1127","-9.4","X,1127","0.0","X,0423","-2.8","X,0408","-6.7","X,0403","-6.7","X,0403","-11.1","X,0222","    3374.8","8","    3374.8","X","    735.2"," ,X","","","      463"," ,X","     12.47","X","     17.93","X","      7.00","X","","","","","","","","","","","","","","","","","","","","","",""
"USW00093822","1937","39.84529","-89.68401","179.7","SPRINGFIELD ABRAHAM LINCOLN CAPITAL AIRPORT, IL US","","","    791.0","","     791.0","X","       117","X","        68","X","         8","X","       15","","         6","X","         1","X","       117","X","        49","X","       158","X","        48","X","        48"," ","","","        38"," ","  -17.8","X,0123, ","    76"," ,X,0122,+","    86"," ,X,0121, ","  64.3"," ,X,0712, ","   37.8","X,0625,+","-1.7","X,1014","-3.3","X,1103","-9.4","X,1119","-9.4","X,1119","-9.4","X,1119","-1.1","X,0329","-6.1","X,0327","-6.1","X,0327","-7.8","X,0226","-11.1","X,0225","    3014.7","7","    3014.7","X","    880.0"," ,X","","","      402"," ,X","     11.64","X","     16.65","X","      6.63","X","","","","","","","","","","","","","","","","","","","","","",""
"USW00093822","1938","39.84529","-89.68401","179.7","SPRINGFIELD ABRAHAM LINCOLN CAPITAL AIRPORT, IL US","","","    907.9","","     907.9","X","       110","X","        70","X","         7","X","        4","","         1","X","         0","X","        86","X","        18","X","       184","X","        46","X","        45"," ","","","        51"," ","  -16.7","X,0131, ","    25"," ,X,0219,+","    36"," ,X,0219, ","  54.4"," ,X,1018, ","   37.8","X,0810,+","0.0","X,1107","-2.2","X,1108","-7.2","X,1124","-7.2","X,1124","-10.6","X,1127","-1.7","X,0409","-3.3","X,0306","-10.6","X,0201","-10.6","X,0201","-10.6","X,0201","    2817.2","2","    2817.2","X","    939.2"," ,X","","","      134"," ,X","     13.85","X","     19.07","X","      8.62","X","","","","","","","","","","","","","","","","","","","","","",""
"USW00093822","1939","39.84529","-89.68401","179.7","SPRINGFIELD ABRAHAM LINCOLN CAPITAL AIRPORT, IL US","","","    915.2","","     915.2","X","        99","X","        61","X","         7","X","       23","","         9","X","         1","X","        98","X","        21","X","       172","X","        49","X","        72"," ","","","        56"," ","  -17.8","X,1231, ","   203"," ,X,0130, ","   168"," ,X,0130, ","  73.4"," ,X,0311, ","   38.3","X,0713,+","-1.1","X,1031","-3.3","X,1127","-4.4","X,1213","-6.7","X,1222","-10.0","X,1228","-0.6","X,0413","-4.4","X,0412","-4.4","X,0412","-6.7","X,0318","-12.2","X,0223","    2708.0","0","    2708.0","X","    840.4"," ,X","","","      663"," ,X","     13.33","X","     18.63","X","      8.03","X","","","","","","","","","","","","","","","","","","","","","",""
"USW00093822","1940","39.84529","-89.68401","179.7","SPRINGFIELD ABRAHAM LINCOLN CAPITAL AIRPORT, IL US","","","    778.9","","     778.9","X","       111","X","        57","X","         2","X","       40","","         4","X","        10","X","       114","X","        45","X","       173","X","        46","X","        58"," ","","","        47"," ","  -24.4","X,0119, ","   229"," ,X,0107, ","   137"," ,X,0107, ","  36.1"," ,X,0302, ","   38.9","X,0725, ","0.0","X,1107","-4.4","X,1111","-4.4","X,1111","-7.2","X,1112","-10.6","X,1113","-0.6","X,0413","-5.0","X,0412","-5.0","X,0412","-9.4","X,0325","-9.4","X,0325","    3178.2","2","    3178.2","X","    582.1"," ,X","","","      339"," ,X","     11.76","X","     16.81","X","      6.71","X","","","","","","","","","","","","","","","","","","","","","",""
"USW00093822","1941","39.84529","-89.68401","179.7","SPRINGFIELD ABRAHAM LINCOLN CAPITAL AIRPORT, IL US","","","    934.4","","     934.4","X","       115","X","        75","X","        11","X","       13","","         9","X","         0","X","       103","X","        27","X","       175","X","        55","X","        80"," ","","","        62"," ","  -15.0","X,0219,+","   102"," ,X,0124, ","   114"," ,X,0124, "," 120.4"," ,X,1004, ","   38.9","X,0729, ","-1.1","X,1028","-2.2","X,1111","-5.6","X,1123","-9.4","X,1124","-9.4","X,1124","-1.1","X,0329","-2.8","X,0325","-11.7","X,0318","-11.7","X,0318","-11.7","X,0318","    2769.5","5","    2769.5","X","   1136.5"," ,X","","","      625"," ,X","     13.44","X","     18.35","X","      8.53","X","","","","","","","","","","","","","","","","","","","","","",""
"USW00093822","1942","39.84529","-89.68401","179.7","SPRINGFIELD ABRAHAM LINCOLN CAPITAL AIRPORT, IL US","","","    808.7","","     808.7","X","       117","X","        69","X","        13","X","       24","","         6","X","         5","X","        95","X","        34","X","       168","X","        44","X","        79"," ","","","        69"," ","  -21.1","X,0110, ","   127"," ,X,1207,+","   127"," ,X,0209, ","  58.7"," ,X,1122, ","   36.7","X,0801,+","-1.7","X,1025","-4.4","X,1026","-4.4","X,1026","-6.7","X,1201","-15.0","X,1202","0.0","X,0331","-2.2","X,0330","-5.6","X,0225","-12.2","X,0220","-12.2","X,0220","    2656.2","2","    2656.2","X","   1102.2"," ,X","","","      639"," ,X","     12.44","X","     17.24","X","      7.63","X","","","","","","","","","","","","","","","","","","","","","",""
"USW00093822","1943","39.84529","-89.68401","179.7","SPRINGFIELD ABRAHAM LINCOLN CAPITAL AIRPORT, IL US","","","    791.1","","     791.1","X","       107","X","        65","X","         5","X","       19","","         7","X","         6","X","       112","X","        33","X","       156","X","        48","X","       189"," ","","","        50"," ","  -21.7","X,0119, ","   152"," ,X,1228, ","   157"," ,X,1228, ","  63.0"," ,X,0517, ","   37.8","X,0824, ","-0.6","X,1017","-2.2","X,1110","-5.6","X,1111","-6.7","X,1211","-11.7","X,1213","-1.7","X,0415","-2.2","X,0414","-5.0","X,0320","-15.0","X,0308","-15.0","X,0308","    3070.7","7","    3070.7","X","    822.4"," ,X","","","      492"," ,X","     11.93","X","     17.13","X","      6.72","X","","","","","","","","","","","","","","","","","","","","","",""
"USW00093822","1944","39.84529","-89.68401","179.7","SPRINGFIELD ABRAHAM LINCOLN CAPITAL AIRPORT, IL US","","","    923.8","","     923.8","X","       110","X","        66","X","         7","X","       49","","         8","X","         2","X","       104","X","        35","X","       163","X","        63","X","       206"," ","","","        54"," ","  -21.1","X,0212, ","   203"," ,X,1210, ","   163"," ,X,1210, ","  85.1"," ,X,0410, ","   37.8","X,0811,+","-1.1","X,1124","-3.3","X,1129","-7.2","X,1130","-7.2","X,1130","-11.1","X,1212","-3.3","X,0405","-3.3","X,0405","-4.4","X,0330","-8.3","X,0309","-8.9","X,0308","    3043.3","3","    3043.3","X","    845.9"," ,X","","","      770"," ,X","     12.74","X","     17.63","X","      7.84","X","","","","","","","","","","","","","","","","","","","","","",""
"USW00093822","1945","39.84529","-89.68401","179.7","SPRINGFIELD ABRAHAM LINCOLN CAPITAL AIRPORT, IL US","","","    619.2","","     619.2","X","       136","X","        77","X","        10","X","       60","","        10","X","         1","X","        99","X","        45","X","       164","X","        24","X","       178"," ","","","        71"," ","  -19.4","X,0109, ","   178"," ,X,1222,+","   122"," ,X,1218, ","  70.6"," ,X,0913, ","   37.2","X,0724, ","-0.6","X,1103","-4.4","X,1104","-4.4","X,1104","-7.8","X,1122","-11.7","X,1210","-2.2","X,0308","-2.2","X,0308","-6.1","X,0227","-7.2","X,0226","-10.0","X,0218","    2909.2","2","    2909.2","X","   1103.1"," ,X","","","      670"," ,X","     11.75","X","     16.53","X","      6.98","X","","","","","","","","","","","","","","","","","","","","","",""
"USW00093822","1946","39.84529","-89.68401","179.7","SPRINGFIELD ABRAHAM LINCOLN CAPITAL AIRPORT, IL US","","","    679.7","","     679.7","X","       114","X","        71","X","        10","X","       10","","         3","X","         0","X","        82","X","        14","X","       174","X","        33","X","        99"," ","","","        48"," ","  -15.0","X,0215,+","   152"," ,X,0215,+","    84"," ,X,0213, ","  72.4"," ,X,0618, ","   37.2","X,0719, ","-3.9","X,1117","-3.9","X,1117","-6.1","X,1201","-8.9","X,1202","-8.9","X,1202","0.0","X,0412","-2.2","X,0311","-5.0","X,0309","-15.0","X,0215","-15.0","X,0215","    2709.3","3","    2709.3","X","    999.2"," ,X","","","      202"," ,X","     13.65","X","     18.90","X","      8.40","X","","","","","","","","","","","","","","","","","","","","","",""
"USW00093822","1947","39.84529","-89.68401","179.7","SPRINGFIELD ABRAHAM LINCOLN CAPITAL AIRPORT, IL US","","","    847.1","","     847.1","X","       115","X","        66","X","         5","X","       18","","         6","X","         1","X","       114","X","        29","X","       161","X","        51","X","        85"," ","","","        54"," ","  -18.9","X,0104, ","   127"," ,X,0302,+","    89"," ,X,0324, ","  55.9"," ,X,0901, ","   38.9","X,0806,+","0.0","X,1108","-2.8","X,1112","-4.4","X,1113","-6.7","X,1129","-11.1","X,1130","-2.2","X,0330","-2.2","X,0330","-6.7","X,0326","-6.7","X,0326","-11.1","X,0303","    2869.5","5","    2869.5","X","    922.1"," ,X","","","      544"," ,X","     12.30","X","     17.21","X","      7.40","X","","","","","","","","","","","","","","","","","","","","","",""
"USW00093822","1948","39.84529","-89.68401","179.7","SPRINGFIELD ABRAHAM LINCOLN CAPITAL AIRPORT, IL US","","","    604.7","","     604.7","0","       111","0","        65","0","         7","0","       19","","         6","0","         7","0","       117","0","        40","0","       163","0","        25","0","       116"," ","","","        47"," ","  -22.2","0,0312, ","    76"," ,0,0311,+","    74"," ,0,0310, ","  57.2"," ,0,0626,+","   34.4","0,0919,+","-3.3","0,1017","-3.3","0,1017","-4.4","0,1018","-7.8","0,1208","-14.4","0,1210","0.0","X,0409","-2.8","X,0328","-12.8","X,0313","-12.8","X,0313","-12.8","X,0313","    3045.1","1","    3045.1","0","    784.8"," ,0","","","      397"," ,0","     11.45","0","     17.06","0","      5.85","0","","","","","","","","","","","","","","","","","","","","","",""
"USW00093822","1949","39.84529","-89.68401","179.7","SPRINGFIELD ABRAHAM LINCOLN CAPITAL AIRPORT, IL US","","","    647.5","","     647.5","0","       113","0","        71","0","        10","0","        6","","         1","0","         2","0","       118","0","        29","0","       175","0","        21","0","       103"," ","","","        51"," ","  -18.9","0,0130, ","    51"," ,0,0203, ","    94"," ,0,0203, ","  61.0"," ,0,1221, ","   36.7","0,0701, ","0.0","0,1025","-2.8","0,1031","-6.1","0,1121","-8.3","0,1122","-9.4","0,1208","-2.8","0,0419","-2.8","0,0419","-8.3","0,0319","-8.3","0,0319","-9.4","0,0315","    2953.1","1","    2953.1","0","    953.3"," ,0","","","      209"," ,0","     11.99","0","     17.48","0","      6.49","0","","","","","","","","","","","","","","","","","","","","","",""
"USW00093822","1950","39.84529","-89.68401","179.7","SPRINGFIELD ABRAHAM LINCOLN CAPITAL AIRPORT, IL US","","","    447.0","","     447.0","0","       119","0","        66","0","         8","0","       28","","         7","0","         6","0","       129","0","        46","0","       168","0","         6","0","       114"," ","","","        51"," ","  -21.1","0,1218, ","   152"," ,0,1212,+","    91"," ,0,1206, ","  88.4"," ,0,0703, ","   34.4","0,0625, ","0.0","0,1025","-3.9","0,1104","-4.4","0,1105","-7.8","0,1110","-9.4","0,1111","-1.1","0,0421","-2.8","0,0415","-5.0","0,0414","-8.3","0,0314","-9.4","0,0309","    3058.2","2","    3058.2","0","    815.0"," ,0","","","      421"," ,0","     10.32","0","     15.68","0","      4.96","0","","","","","","","","","","","","","","","","","","","","","",""
"USW00093822","1951","39.84529","-89.68401","179.7","SPRINGFIELD ABRAHAM LINCOLN CAPITAL AIRPORT, IL US","","","    519.1","","     519.1","0","       132","0","        70","0","         8","0","       36","","        10","0","         8","0","       125","0","        37","0","       153","0","         9","0","       135"," ","","","        53"," ","  -26.1","0,0202, ","   178"," ,0,1106, ","   198"," ,0,1106, ","  87.1"," ,0,0628, ","   35.0","0,0830, ","-1.7","0,1101","-10.6","0,1102","-10.6","0,1102","-10.6","0,1102","-10.6","0,1102","-1.1","0,0423","-2.2","0,0417","-6.1","0,0324","-10.0","0,0321","-10.0","0,0321","    3406.5","5","    3406.5","0","   1004.3"," ,0","","","      936"," ,0","     10.45","0","     15.64","0","      5.26","0","","","","","","","","","","","","","","","","","","","","","",""
"USW00093822","1952","39.84529","-89.68401","179.7","SPRINGFIELD ABRAHAM LINCOLN CAPITAL AIRPORT, IL US","","","    721.9","","     721.9","0","       114","0","        66","0","         5","0","       14","","         6","0","         0","0","       126","0","        22","0","       165","0","        49","0","        91"," ","","","        51"," ","  -16.7","0,0129, ","    76"," ,0,1202, ","    66"," ,0,1201, ","  54.4"," ,0,0702, ","   37.8","0,0629, ","-0.6","0,1003","-4.4","0,1006","-4.4","0,1006","-8.3","0,1029","-11.1","0,1128","-1.7","0,0411","-2.2","0,0407","-5.6","0,0324","-6.7","0,0307","-10.6","0,0306","    3185.4","4","    3185.4","0","    772.7"," ,0","","","      319"," ,0","     12.01","0","     17.81","0","      6.20","0","","","","","","","","","","","","","","","","","","","","","",""
"USW00093822","1953","39.84529","-89.68401","179.7","SPRINGFIELD ABRAHAM LINCOLN CAPITAL AIRPORT, IL US","","","    789.9","","     789.9","0","       102","0","        52","0","         3","0","       16","","         4","0","         1","0","       111","0","        20","0","       169","0","        58","0","        79"," ","","","        47"," ","  -21.7","0,1223, ","   178"," ,0,0302, ","   185"," ,0,0301, ","  46.5"," ,0,0625, ","   38.9","0,0620, ","-2.2","0,1029","-2.2","0,1029","-5.6","0,1106","-7.8","0,1109","-8.9","0,1215","0.0","0,0421","-2.8","0,0419","-7.2","0,0308","-7.2","0,0308","-10.0","0,0222","    2960.1","1","    2960.1","0","    609.6"," ,0","","","      382"," ,0","     12.72","0","     18.65","0","      6.79","0","","","","","","","","","","","","","","","","","","","","","",""
"USW00093822","1954","39.84529","-89.68401","179.7","SPRINGFIELD ABRAHAM LINCOLN CAPITAL AIRPORT, IL US","","","    866.3","","     866.3","0","       107","0","        64","0","         3","0","        7","","         2","0","         0","0","       117","0","        16","0","       171","0","        51","0","        95"," ","","","        59"," ","  -17.2","0,0112, ","    51"," ,0,0303, ","    51"," ,0,0302, ","  37.1"," ,0,0819, ","   44.4","0,0714, ","0.0","0,1019","-2.8","0,1030","-4.4","0,1101","-7.2","0,1210","-8.9","0,1219","-1.1","0,0504","-4.4","0,0403","-4.4","0,0403","-6.7","0,0321","-10.6","0,0306","    2815.4","4","    2815.4","0","    677.9"," ,0","","","      166"," ,0","     12.78","0","     18.49","0","      7.07","0","","","","","","","","","","","","","","","","","","","","","",""
"USW00093822","1955","39.84529","-89.68401","179.7","SPRINGFIELD ABRAHAM LINCOLN CAPITAL AIRPORT, IL US","","","    753.2","","     753.2","0","       106","0","        58","0","        12","0","       21","","         6","0","         7","0","       119","0","        33","0","       176","0","        49","0","        80"," ","","","        48"," ","  -21.7","0,0211, ","    76"," ,0,0322, ","    51"," ,0,0210, ","  87.4"," ,0,0714, ","   36.7","0,0728, ","0.0","0,1019","-5.0","0,1103","-5.0","0,1103","-7.2","0,1116","-12.2","0,1127","0.0","0,0408","-4.4","0,0329","-4.4","0,0329","-7.2","0,0328","-10.0","0,0327","    2868.6","6","    2868.6","0","    868.1"," ,0","","","      366"," ,0","     12.05","0","     17.77","0","      6.33","0","","","","","","","","","","","","","","","","","","","","","",""
"USW00093822","1956","39.84529","-89.68401","179.7","SPRINGFIELD ABRAHAM LINCOLN CAPITAL AIRPORT, IL US","","","    683.6","","     683.6","0","       120","0","        62","0","         6","0","       33","","        10","0","         1","0","       129","0","        27","0","       182","0","        27","0","        93"," ","","","        57"," ","  -18.3","0,0131, ","   102"," ,0,0202, ","    76"," ,0,0201, ","  66.3"," ,0,0801, ","   36.1","0,0727,+","-2.8","0,1108","-2.8","0,1108","-4.4","0,1109","-8.3","0,1122","-13.9","0,1123","-5.0","0,0424","-5.0","0,0424","-5.0","0,0424","-7.2","0,0313","-9.4","0,0308","    3234.9","9","    3234.9","0","    793.6"," ,0","","","      571"," ,0","     11.99","0","     17.79","0","      6.19","0","","","","","","","","","","","","","","","","","","","","","",""
"USW00093822","1957","39.84529","-89.68401","179.7","SPRINGFIELD ABRAHAM LINCOLN CAPITAL AIRPORT, IL US","","","    644.1","","     644.1","0","       132","0","        82","0","         8","0","       24","","         7","0","         3","0","       120","0","        23","0","       160","0","        28","0","       147"," ","","","        58"," ","  -25.6","0,0114, ","    76"," ,0,1204, ","   119"," ,0,1203, ","  45.0"," ,0,0713, ","   35.6","0,0707, ","0.0","0,1019","-2.2","0,1027","-5.6","0,1109","-6.7","0,1110","-10.6","0,1130","-0.6","0,0414","-5.0","0,0413","-5.0","0,0413","-7.8","0,0308","-8.9","0,0303","    2936.3","3","    2936.3","0","   1067.0"," ,0","","","      445"," ,0","     11.65","0","     16.87","0","      6.44","0","","","","","","","","","","","","","","","","","","","","","",""
"USW00093822","1958","39.84529","-89.68401","179.7","SPRINGFIELD ABRAHAM LINCOLN CAPITAL AIRPORT, IL US","","","    521.4","","     521.4","0","       104","0","        57","0","         5","0","       11","","         3","0","        10","0","       125","0","        45","0","       166","0","        12","0","       110"," ","","","        49"," ","  -22.8","0,0217, ","    51"," ,0,1201,+","    46"," ,0,1128, "," 113.8"," ,0,0610, ","   35.0","0,0608, ","-0.6","0,1028","-2.2","0,1030","-6.1","0,1126","-8.3","0,1127","-11.1","0,1128","0.0","0,0429","-5.0","0,0322","-5.0","0,0322","-15.0","0,0220","-15.0","0,0220","    3198.7","7","    3198.7","0","    777.0"," ,0","","","      233"," ,0","     10.81","0","     16.22","0","      5.39","0","","","","","","","","","","","","","","","","","","","","","",""
"USW00093822","1959","39.84529","-89.68401","179.7","SPRINGFIELD ABRAHAM LINCOLN CAPITAL AIRPORT, IL US","","","    777.1","","     777.1","0","       109","0","        59","0","        10","0","       29","","         5","0","         5","0","       115","0","        32","0","       164","0","        32","0","       119"," ","","","        54"," ","  -21.7","0,0105, ","    76"," ,0,1221,+","    58"," ,0,0121, "," 130.0"," ,0,0926, ","   36.1","0,0629, ","-0.6","0,1018","-2.8","0,1105","-6.1","0,1106","-7.2","0,1107","-9.4","0,1115","-1.1","0,0422","-2.8","0,0328","-6.7","0,0322","-6.7","0,0322","-16.7","0,0220","    3129.0","0","    3129.0","0","    914.9"," ,0","","","      272"," ,0","     11.82","0","     17.04","0","      6.60","0","","","","","","","","","","","","","","","","","","","","","",""
"USW00093822","1960","39.84529","-89.68401","179.7","SPRINGFIELD ABRAHAM LINCOLN CAPITAL AIRPORT, IL US","","","    616.6","","     616.6","0","       114","0","        66","0","        10","0","       59","","        19","0","        11","0","       131","0","        59","0","       168","0","        22","0","       122"," ","","","        48"," ","  -24.4","0,0305, ","   330"," ,0,0316, ","   163"," ,0,0225, ","  59.4"," ,0,0623, ","   37.2","0,0906, ","0.0","0,1019","-3.9","0,1020","-4.4","0,1107","-7.2","0,1130","-10.6","0,1201","-3.9","0,0410","-3.9","0,0410","-5.0","0,0326","-13.9","0,0325","-13.9","0,0325","    3410.6","6","    3410.6","0","    988.7"," ,0","","","     1214"," ,0","     10.69","0","     15.98","0","      5.39","0","","","","","","","","","","","","","","","","","","","","","",""
"USW00093822","1961","39.84529","-89.68401","179.7","SPRINGFIELD ABRAHAM LINCOLN CAPITAL AIRPORT, IL US","","","    598.7","","     598.7","0","       115","0","        69","0","        10","0","       36","","        11","0","         9","0","       122","0","        37","0","       157","0","        20","0","       138"," ","","","        55"," ","  -20.6","0,1228,+","   178"," ,0,0204,+","   132"," ,0,0202, ","  57.2"," ,0,0913, ","   35.0","0,0629, ","-0.6","0,1026","-3.3","0,1106","-5.0","0,1118","-6.7","0,1207","-8.9","0,1211","0.0","0,0417","-2.2","0,0416","-6.1","0,0402","-6.7","0,0210","-11.7","0,0209","    3183.3","3","    3183.3","0","    963.8"," ,0","","","      697"," ,0","     11.13","0","     16.67","0","      5.58","0","","","","","","","","","","","","","","","","","","","","","",""
"USW00093822","1962","39.84529","-89.68401","179.7","SPRINGFIELD ABRAHAM LINCOLN CAPITAL AIRPORT, IL US","","","    700.0","","     700.0","0","       116","0","        62","0","         7","0","       39","","        10","0","        11","0","       128","0","        42","0","       174","0","        32","0","       131"," ","","","        47"," ","  -23.9","0,0110, ","   152"," ,0,0119, ","   157"," ,0,0106, ","  77.0"," ,0,1001, ","   36.7","0,0820, ","-1.7","0,1023","-2.8","0,1024","-4.4","0,1025","-6.7","0,1206","-10.6","0,1209","-3.3","0,0416","-3.3","0,0416","-5.0","0,0317","-6.7","0,0316","-10.6","0,0302","    3254.2","2","    3254.2","0","    778.5"," ,0","","","      763"," ,0","     11.24","0","     16.90","0","      5.57","0","","","","","","","","","","","","","","","","","","","","","",""
"USW00093822","1963","39.84529","-89.68401","179.7","SPRINGFIELD ABRAHAM LINCOLN CAPITAL AIRPORT, IL US","","","    610.1","","     610.1","0","        90","0","        48","0","         8","0","       42","","         5","0","        30","0","       120","0","        57","0","       189","0","        26","0","       108"," ","","","        41"," ","  -30.0","0,0226, ","   229"," ,0,0225, ","   196"," ,0,0223, ","  65.8"," ,0,0706, ","   37.2","0,0609,+","-1.1","0,1101","-5.0","0,1102","-5.0","0,1102","-6.7","0,1201","-8.9","0,1210","0.0","0,0501","-2.2","0,0424","-10.6","0,0302","-10.6","0,0302","-10.6","0,0302","    3327.9","9","    3327.9","0","    734.6"," ,0","","","      575"," ,0","     10.88","0","     17.10","0","      4.66","0","","","","","","","","","","","","","","","","","","","","","",""
"USW00093822","1964","39.84529","-89.68401","179.7","SPRINGFIELD ABRAHAM LINCOLN CAPITAL AIRPORT, IL US","","","    768.5","","     768.5","0","        97","0","        61","0","         9","0","       35","","        11","0","         3","0","       130","0","        33","0","       177","0","        55","0","       104"," ","","","        46"," ","  -21.7","0,0114, ","   279"," ,0,0113, ","   168"," ,0,0112, ","  64.5"," ,0,0419, ","   39.4","0,0803, ","0.0","0,1006","-3.3","0,1010","-4.4","0,1020","-8.3","0,1120","-12.8","0,1121","-1.7","0,0409","-2.2","0,0331","-8.3","0,0330","-8.3","0,0330","-12.8","0,0227","    3044.5","5","    3044.5","0","    788.2"," ,0","","","      932"," ,0","     12.18","0","     18.29","0","      6.08","0","","","","","","","","","","","","","","","","","","","","","",""
"USW00093822","1965","39.84529","-89.68401","179.7","SPRINGFIELD ABRAHAM LINCOLN CAPITAL AIRPORT, IL US","","","    650.9","","     650.9","0","       112","0","        70","0","         8","0","       32","","        11","0","         8","0","       114","0","        35","0","       169","0","        17","0","       115"," ","        10"," ","        56"," ","  -24.4","0,0131, ","   305"," ,0,0225, ","   208"," ,0,0224, ","  98.3"," ,0,0601, ","   35.6","0,0723, ","0.0","0,1024","-2.8","0,1029","-4.4","0,1128","-7.2","0,1129","-9.4","0,1130","0.0","0,0402","-7.2","0,0327","-7.2","0,0327","-7.2","0,0327","-8.9","0,0324","    3151.6","6","    3151.6","0","    992.7"," ,0","      58.1","X","      918"," ,0","     11.88","0","     17.52","0","      6.24","0","   158454","X","","","","","","","","","       270","X","","","","","","","","","      20.1","X"
"USW00093822","1966","39.84529","-89.68401","179.7","SPRINGFIELD ABRAHAM LINCOLN CAPITAL AIRPORT, IL US","","","    564.8","","     564.8","0","       100","0","        62","0","        10","0","       14","","         3","0","         7","0","       125","0","        45","0","       150","0","        35","0","       103"," ","        19"," ","        47"," ","  -23.9","0,0129, ","   127"," ,0,0202, ","   130"," ,0,0201, ","  45.7"," ,0,0420, ","   41.1","0,0713,+","0.0","0,1017","-2.8","0,1025","-4.4","0,1102","-6.7","0,1103","-12.2","0,1201","-2.2","0,0510","-2.2","0,0510","-6.7","0,0328","-6.7","0,0328","-11.1","0,0222","    3081.0","0","    3081.0","0","    780.2"," ,0","      59.6","X","      377"," ,0","     10.78","0","     16.42","0","      5.13","0","   163524","X","","","","","","","","","       270","X","","","","","","","","","      18.8","X"
"USW00093822","1967","39.84529","-89.68401","179.7","SPRINGFIELD ABRAHAM LINCOLN CAPITAL AIRPORT, IL US","","","    486.5","","     486.5","0","       125","0","        78","0","         9","0","       21","","        10","0","         3","0","       116","0","        37","0","       154","0","        10","0","       134"," ","        18"," ","        51"," ","  -22.8","0,1231, ","   127"," ,0,0127, ","    81"," ,0,0126, ","  57.2"," ,0,1221, ","   35.0","0,0525, ","0.0","0,1021","-3.9","0,1104","-5.6","0,1107","-7.8","0,1127","-8.9","0,1222","0.0","0,0424","-2.2","0,0319","-7.2","0,0318","-7.2","0,0318","-11.7","0,0308","    3106.0","0","    3106.0","0","    922.8"," ,0","      57.4","X","      557"," ,0","     10.88","0","     15.95","0","      5.80","0","   156624","X","","","","","","","","","       225","X","","","","","","","","","      22.8","X"
"USW00093822","1968","39.84529","-89.68401","179.7","SPRINGFIELD ABRAHAM LINCOLN CAPITAL AIRPORT, IL US","","","    610.0","","     610.0","0","       111","0","        56","0","        11","0","       32","","        10","0","        10","0","       120","0","        42","0","       158","0","        35","0","       119"," ","        17"," ","        42"," ","  -25.6","0,0107, ","   330"," ,0,0115, ","   130"," ,0,0113, ","  50.0"," ,0,0523, ","   35.6","0,0823,+","0.0","0,1004","-3.3","0,1029","-5.0","0,1110","-7.2","0,1113","-8.9","0,1207","0.0","0,0425","-3.9","0,0324","-6.1","0,0323","-16.1","0,0313","-16.1","0,0313","    3351.0","0","    3351.0","0","    805.3"," ,0","      58.9","X","      626"," ,0","     10.99","0","     16.52","0","      5.46","0","   161526","X","","","","","","","","","       270","X","","","","","","","","","      18.8","X"
"USW00093822","1969","39.84529","-89.68401","179.7","SPRINGFIELD ABRAHAM LINCOLN CAPITAL AIRPORT, IL US","","","    627.4","","     627.4","0","       112","0","        67","0","         7","0","       40","","         7","0","         3","0","       132","0","        44","0","       163","0","        23","0","       158"," ","        19"," ","        44"," ","  -20.6","0,0104, ","   152"," ,0,0301, ","   160"," ,0,0228, ","  81.8"," ,0,0418, ","   36.1","0,0607, ","-0.6","0,1017","-2.2","0,1027","-4.4","0,1028","-7.8","0,1114","-9.4","0,1216","0.0","0,0406","-8.9","0,0331","-8.9","0,0331","-8.9","0,0331","-8.9","0,0331","    3298.7","7","    3298.7","0","    881.5"," ,0","      57.6","X","      752"," ,0","     10.78","0","     16.13","0","      5.42","0","   158778","X","","","","","","","","","       315","X","","","","","","","","","      21.5","X"
"USW00093822","1970","39.84529","-89.68401","179.7","SPRINGFIELD ABRAHAM LINCOLN CAPITAL AIRPORT, IL US","","","    666.8","","     666.8","0","       122","0","        70","0","         6","0","       34","","         5","0","        13","0","       118","0","        38","0","       166","0","        27","0","       146"," ","        21"," ","        57"," ","  -25.6","0,0106, ","   127"," ,0,0101, ","    61"," ,0,0214,+","  90.9"," ,0,0430, ","   37.8","0,0702,+","-1.1","0,1016","-3.3","0,1115","-4.4","0,1116","-11.7","0,1123","-11.7","0,1123","-1.7","0,0405","-2.8","0,0330","-5.6","0,0329","-8.9","0,0316","-8.9","0,0316","    3394.0","0","    3394.0","0","    972.3"," ,0","      58.1","X","      438"," ,0","     11.32","0","     16.67","0","      5.97","0","   157476","X","","","","","","","","","        45","X","","","","","","","","","      22.4","X"
"USW00093822","1971","39.84529","-89.68401","179.7","SPRINGFIELD ABRAHAM LINCOLN CAPITAL AIRPORT, IL US","","","    707.0","","     707.0","0","       101","0","        57","0","         5","0","       14","","         7","0","         5","0","       112","0","        25","0","       180","0","        42","0","       127"," ","        18"," ","        44"," ","  -22.2","0,0202, ","    51"," ,0,0406,+","    76"," ,0,0405, ","  66.5"," ,0,0710, ","   37.8","0,0626,+","0.0","0,1103","-2.8","0,1104","-8.9","0,1107","-8.9","0,1107","-8.9","0,1107","-2.8","0,0407","-2.8","0,0407","-8.3","0,0324","-8.3","0,0324","-8.9","0,0304","    3090.0","0","    3090.0","0","    701.8"," ,0","      61.2","X","      419"," ,0","     12.23","0","     17.98","0","      6.49","0","   168600","X","","","","","","","","","       225","X","","","","","","","","","      24.1","X"
"USW00093822","1972","39.84529","-89.68401","179.7","SPRINGFIELD ABRAHAM LINCOLN CAPITAL AIRPORT, IL US","","","    617.4","","     617.4","0","       127","0","        67","0","         6","0","       37","","        10","0","         7","0","       125","0","        36","0","       163","0","        33","0","       171"," ","        17"," ","        47"," ","  -24.4","0,0115, ","   102"," ,0,0211, ","    89"," ,0,0329, ","  48.8"," ,0,0312, ","   35.6","0,0723,+","0.0","0,1015","-6.1","0,1019","-6.1","0,1019","-6.7","0,1123","-15.0","0,1206","0.0","0,0425","-5.6","0,0408","-5.6","0,0408","-6.7","0,0309","-10.0","0,0305","    2919.7","7","    2919.7","0","    814.5"," ,0","      52.9","X","      668"," ,0","     10.83","0","     16.07","0","      5.59","0","   146610","X","","","","","","","       225","X","       270","X","","","","","","","      27.2","X","      20.1","X"
"USW00093822","1973","39.84529","-89.68401","179.7","SPRINGFIELD ABRAHAM LINCOLN CAPITAL AIRPORT, IL US","","","    657.5","","     657.5","0","       133","0","        79","0","         8","0","       20","","         6","0","         4","0","        93","0","        31","0","       166","0","        23","0","       153"," ","        25"," ","        54"," ","  -27.2","0,1221, ","   381"," ,0,1220, ","   277"," ,0,1219, ","  82.3"," ,0,1003, ","   35.6","0,0827,+","-0.6","0,1103","-3.3","0,1105","-5.0","0,1106","-8.3","0,1110","-10.0","0,1210","-1.7","0,0413","-4.4","0,0411","-4.4","0,0411","-7.8","0,0222","-17.8","0,0217","    3116.2","2","    3116.2","0","   1125.7"," ,0","      56.6","X","      736"," ,0","     12.27","0","     17.50","0","      7.04","0","   154908","X","","","","","","","       225","X","       225","X","","","","","","","      26.7","X","      20.1","X"
"USW00093822","1974","39.84529","-89.68401","179.7","SPRINGFIELD ABRAHAM LINCOLN CAPITAL AIRPORT, IL US","","","    533.1","","     533.1","0","       109","0","        81","0","        11","0","       35","","        10","0","         6","0","       102","0","        28","0","       166","0","        23","0","       168"," ","        29"," ","        48"," ","  -27.8","0,0112, ","   178"," ,0,0114,+","    91"," ,0,1113, ","  63.2"," ,0,0828, ","   38.3","0,0718, ","-2.2","0,1002","-2.2","0,1002","-5.6","0,1114","-7.2","0,1202","-13.3","0,1203","-3.3","0,0409","-3.3","0,0409","-11.7","0,0325","-11.7","0,0325","-11.7","0,0325","    2920.7","7","    2920.7","0","   1037.1"," ,0","      54.3","X","      679"," ,0","     11.46","0","     16.83","0","      6.09","0","   147762","X","","","","","","","       315","X","        45","X","","","","","","","      25.7","X","      21.5","X"
"USW00093822","1975","39.84529","-89.68401","179.7","SPRINGFIELD ABRAHAM LINCOLN CAPITAL AIRPORT, IL US","","","    651.7","","     651.7","0","       120","0","        70","0","         7","0","       25","","        11","0","         1","0","       114","0","        28","0","       171","0","        32","0","       164"," ","        18"," ","        61"," ","  -21.7","0,0209, ","   152"," ,0,1127, ","   193"," ,0,1126, ","  63.0"," ,0,0526, ","   35.6","0,0823, ","-0.6","0,1026","-3.9","0,1113","-7.8","0,1114","-7.8","0,1114","-9.4","0,1128","0.0","0,0412","-2.8","0,0405","-5.6","0,0404","-8.9","0,0313","-8.9","0,0313","    3089.0","0","    3089.0","0","    956.6"," ,0","      54.6","X","      928"," ,0","     11.90","0","     17.16","0","      6.65","0","   150504","X","","","","","","","       225","X","       225","X","","","","","","","      33.9","X","      21.9","X"
"USW00093822","1976","39.84529","-89.68401","179.7","SPRINGFIELD ABRAHAM LINCOLN CAPITAL AIRPORT, IL US","","","    551.7","","     551.7","0","        80","0","        47","0","        10","0","       23","","         7","0","         7","0","       137","0","        30","0","       170","0","        30","0","       124"," ","        11"," ","        39"," ","  -22.2","0,1231, ","    76"," ,0,1208,+","   137"," ,0,1206, ","  48.0"," ,0,0216, ","   37.2","0,0714, ","-1.1","0,1016","-3.3","0,1021","-5.0","0,1022","-9.4","0,1108","-9.4","0,1108","-1.7","0,0503","-2.8","0,0412","-7.2","0,0317","-7.2","0,0317","-12.8","0,0207","    2821.6","6","    2821.6","0","    653.6"," ,0","      64.8","X","      501"," ,0","     10.82","0","     17.25","0","      4.41","0","   175290","X","","","","","","","","","","","","","","","","","","","",""
"USW00093822","1977","39.84529","-89.68401","179.7","SPRINGFIELD ABRAHAM LINCOLN CAPITAL AIRPORT, IL US","","","    742.8","","     742.8","0","       136","0","        81","0","        14","0","       62","","        13","0","        26","0","       100","0","        50","0","       177","0","        31","0","       147"," ","        18"," ","        58"," ","  -29.4","0,0117, ","   279"," ,0,0128, ","   147"," ,0,1127, ","  46.5"," ,0,0610, ","   37.8","0,0605, ","-1.1","0,1013","-2.2","0,1111","-4.4","0,1113","-15.0","0,1125","-15.0","0,1125","-1.7","0,0406","-2.8","0,0322","-6.1","0,0302","-8.9","0,0301","-8.9","0,0301","    3498.2","2","    3498.2","0","   1085.5"," ,0","      56.7","X","     1195"," ,0","     11.57","0","     17.05","0","      6.09","0","   153162","X","","","","","","","       225","X","       270","X","","","","","","","      26.7","X","      21.0","X"
"USW00093822","1978","39.84529","-89.68401","179.7","SPRINGFIELD ABRAHAM LINCOLN CAPITAL AIRPORT, IL US","","","    677.9","","     677.9","0","       118","0","        72","0","         4","0","       75","","        10","0","        21","0","       117","0","        60","0","       159","0","        36","0","       159"," ","        15"," ","        54"," ","  -23.3","0,0206, ","   406"," ,0,0308, ","   208"," ,0,0307, ","  36.1"," ,0,0701, ","   36.1","0,0701,+","-0.6","0,1008","-5.6","0,1128","-5.6","0,1128","-7.8","0,1207","-11.1","0,1208","-0.6","0,0327","-8.9","0,0318","-8.9","0,0318","-8.9","0,0318","-8.9","0,0318","    3677.3","3","    3677.3","0","    809.0"," ,0","      54.8","X","     1020"," ,0","     10.31","0","     15.63","0","      4.99","0","   147780","X","","","","","","","       270","X","","","","","","","","","      25.7","X","",""
"USW00093822","1979","39.84529","-89.68401","179.7","SPRINGFIELD ABRAHAM LINCOLN CAPITAL AIRPORT, IL US","","","    651.0","","     651.0","0","       109","0","        60","0","         4","0","       60","","        10","0","        22","0","       124","0","        51","0","       166","0","        28","0","       163"," ","        18"," ","        35"," ","  -28.9","0,0209, ","   254"," ,0,0211,+","   150"," ,0,0309, "," 113.0"," ,0,0411, ","   36.1","0,0619, ","-1.7","0,1010","-2.8","0,1013","-4.4","0,1110","-6.7","0,1111","-11.1","0,1202","-0.6","0,0410","-5.0","0,0406","-5.0","0,0406","-6.7","0,0325","-9.4","0,0315","    3523.5","5","    3523.5","0","    745.7"," ,0","      55.9","X","      752"," ,0","     10.43","0","     16.16","0","      4.71","0","   154236","X","","","","","","","       315","X","       135","X","","","","","","","      22.6","X","      17.0","X"
"USW00093822","1980","39.84529","-89.68401","179.7","SPRINGFIELD ABRAHAM LINCOLN CAPITAL AIRPORT, IL US","","","    804.8","","     804.8","0","       116","0","        59","0","         5","0","       40","","        11","0","         7","0","       124","0","        43","0","       169","0","        51","0","       153"," ","        20"," ","        51"," ","  -23.9","0,0201, ","   152"," ,0,0301, ","   155"," ,0,0414, ","  69.6"," ,0,0916, ","   38.3","0,0720,+","-0.6","0,1005","-3.9","0,1029","-5.0","0,1118","-7.2","0,1119","-9.4","0,1126","-0.6","0,0416","-3.3","0,0318","-7.8","0,0314","-7.8","0,0314","-9.4","0,0306","    3219.9","9","    3219.9","0","    739.3"," ,0","      60.6","X","      894"," ,0","     11.40","0","     16.93","0","      5.86","0","   166566","X","","","","","","","","","","","","","","","","","","","",""
"USW00093822","1981","39.84529","-89.68401","179.7","SPRINGFIELD ABRAHAM LINCOLN CAPITAL AIRPORT, IL US","","","    649.1","","     649.1","0","       116","0","        71","0","        15","0","       29","","         6","0","         6","0","       110","0","        31","0","       168","0","        21","0","       161"," ","        15"," ","        47"," ","  -26.1","0,1219, ","   203"," ,0,1230,+","   188"," ,0,1222, "," 111.8"," ,0,0802, ","   35.6","0,0713,+","0.0","0,1019","-4.4","0,1023","-4.4","0,1023","-7.8","0,1122","-15.0","0,1217","-0.6","0,0406","-2.8","0,0323","-5.6","0,0318","-6.7","0,0214","-12.2","0,0213","    2949.9","9","    2949.9","0","   1222.8"," ,0","      57.3","X","      855"," ,0","     11.99","0","     17.61","0","      6.37","0","   152778","X","       180","X","","","","","       225","X","","","      16.1","X","","","","","      26.2","X","",""
"USW00093822","1982","39.84529","-89.68401","179.7","SPRINGFIELD ABRAHAM LINCOLN CAPITAL AIRPORT, IL US","","","    586.7","","     586.7","0","       136","0","        90","0","        10","0","       50","","         8","0","        13","0","       118","0","        44","0","       168","0","        18","0","       183"," ","        21"," ","        61"," ","  -27.8","0,0117,+","   279"," ,0,0209, ","   107"," ,0,0131, "," 119.4"," ,0,1202, ","   36.7","0,0803, ","-1.1","0,1020","-2.2","0,1021","-4.4","0,1022","-8.3","0,1113","-9.4","0,1211","-1.7","0,0421","-2.8","0,0410","-6.7","0,0407","-6.7","0,0407","-10.6","0,0309","    3392.3","3","    3392.3","0","   1130.7"," ,0","      51.9","X","      759"," ,0","     10.95","0","     16.41","0","      5.49","0","   141768","X","       250","X","","","","","       225","X","","","      20.1","X","","","","","      26.7","X","",""
"USW00093822","1983","39.84529","-89.68401","179.7","SPRINGFIELD ABRAHAM LINCOLN CAPITAL AIRPORT, IL US","","","    817.4","","     817.4","0","       115","0","        73","0","         6","0","       29","","         9","0","        10","0","       113","0","        43","0","       153","0","        62","0","       152"," ","         8"," ","        37"," ","  -27.8","0,1222, ","   229"," ,0,1230,+","   130"," ,0,1221, ","  50.5"," ,0,1021, ","   38.9","0,0723,+","0.0","0,1014","-2.2","0,1111","-5.6","0,1130","-7.8","0,1201","-8.9","0,1206","-1.7","0,0420","-4.4","0,0419","-4.4","0,0419","-7.2","0,0325","-15.0","0,0207","    2963.7","7","    2963.7","0","    830.3"," ,0","      56.0","X","      648"," ,0","     11.57","0","     16.82","0","      6.33","0","   156204","X","       240","X","","","","","       225","X","","","      17.0","X","","","","","      20.0","X","",""
"USW00093822","1984","39.84529","-89.68401","179.7","SPRINGFIELD ABRAHAM LINCOLN CAPITAL AIRPORT, IL US","       5.0","X","    670.0","","     670.0","0","       119","0","        75","0","        16","0","       42","","         6","0","         8","0","       115","0","        35","0","       156","0","        30","0","       165"," ","        18"," ","        40"," ","  -26.1","0,0121, ","   178"," ,0,0228,+","   168"," ,0,0227, ","  57.7"," ,0,1007, ","   38.3","0,0901, ","0.0","0,0930","-3.3","0,1102","-5.6","0,1119","-7.2","0,1120","-18.3","0,1206","-1.1","0,0401","-2.2","0,0323","-6.7","0,0313","-6.7","0,0313","-10.0","0,0312","    3488.8","8","    3488.8","0","   1082.8"," ,0","","","      556"," ,0","     11.40","0","     16.53","0","      6.27","0","   141620","X","       230","X","","","","","","","","","      19.7","X","","","","","","","",""
"USW00093822","1985","39.84529","-89.68401","179.7","SPRINGFIELD ABRAHAM LINCOLN CAPITAL AIRPORT, IL US","       4.9","X","    547.6","","     547.6","0","       138","0","        72","0","         7","0","       43","","         8","0","        18","0","       111","0","        54","0","       169","0","        15","0","       167"," ","        18"," ","        46"," ","  -29.4","0,0120, ","   102"," ,0,0210,+","    51"," ,0,0116, ","  62.5"," ,0,0611, ","   35.0","0,0713, ","-0.6","0,1006","-3.3","0,1119","-5.6","0,1120","-7.8","0,1124","-12.2","0,1201","-3.3","0,0409","-3.3","0,0409","-5.6","0,0306","-6.7","0,0219","-15.0","0,0215","    3042.5","5","    3042.5","0","    989.0"," ,0","","","      410"," ,0","     10.78","0","     16.17","0","      5.38","0","   149296","X","       170","X","","","","","       225","X","","","      16.1","X","","","","","      23.6","X","",""
"USW00093822","1986","39.84529","-89.68401","179.7","SPRINGFIELD ABRAHAM LINCOLN CAPITAL AIRPORT, IL US","       4.4","X","    693.0","","     693.0","0","       112","0","        63","0","         9","0","       13","","         3","0","         6","0","       109","0","        33","0","       177","0","        28","0","       171"," ","        29"," ","        42"," ","  -22.8","0,0215, ","   178"," ,0,0224, ","   173"," ,0,0223, "," 107.4"," ,0,0920, ","   33.9","0,0826,+","0.0","0,1015","-2.8","0,1109","-4.4","0,1110","-11.1","0,1112","-11.1","0,1112","0.0","0,0423","-2.2","0,0327","-8.3","0,0321","-8.3","0,0321","-10.6","0,0228","    3061.9","9","    3061.9","0","    907.8"," ,0","","","      421"," ,0","     12.07","0","     17.51","0","      6.63","0","   161886","X","       190","X","","","","","        45","X","","","      13.9","X","","","","","      26.7","X","",""
"USW00093822","1987","39.84529","-89.68401","179.7","SPRINGFIELD ABRAHAM LINCOLN CAPITAL AIRPORT, IL US","       4.5","X","    789.9","","     789.9","0","       102","0","        57","0","         7","0","       26","","         4","0","         4","0","       103","0","        17","0","       176","0","        48","0","       147"," ","        10"," ","        51"," ","  -23.3","0,0123, ","   178"," ,0,0120,+","   203"," ,0,0109, ","  75.2"," ,0,0704, ","   37.8","0,0803,+","-1.1","0,1008","-2.2","0,1011","-4.4","0,1012","-6.7","0,1111","-15.6","0,1217","0.0","0,0412","-4.4","0,0404","-4.4","0,0404","-6.7","0,0312","-10.0","0,0209","    2849.9","9","    2849.9","0","    746.1"," ,0","","","      664"," ,0","     12.85","0","     18.55","0","      7.16","0","   172954","X","","","","","","","       270","X","","","","","","","","","      30.8","X","",""
"USW00093822","1988","39.84529","-89.68401","179.7","SPRINGFIELD ABRAHAM LINCOLN CAPITAL AIRPORT, IL US","       4.5","X","    759.4","","     759.4","0","        77","0","        45","0","         8","0","       22","","         4","0","         8","0","       123","0","        37","0","       172","0","        53","0","        98"," ","         6"," ","        29"," ","  -25.6","0,0212, ","   203"," ,0,0213,+","   132"," ,0,0210, ","  55.4"," ,0,1222, ","   38.9","0,0816, ","-1.1","0,1006","-2.8","0,1026","-4.4","0,1030","-8.9","0,1209","-8.9","0,1209","-1.1","0,0419","-2.8","0,0327","-4.4","0,0317","-7.2","0,0314","-9.4","0,0305","    3084.5","5","    3084.5","0","    643.7"," ,0","","","      536"," ,0","     11.63","0","     17.75","0","      5.51","0","   189053","X","       240","X","","","","","       225","X","","","      20.6","X","","","","","      26.7","X","",""
"USW00093822","1989","39.84529","-89.68401","179.7","SPRINGFIELD ABRAHAM LINCOLN CAPITAL AIRPORT, IL US","       4.5","X","    525.9","","     525.9","0","       103","0","        58","0","         6","0","       49","","         7","0","        18","0","       122","0","        46","0","       160","0","        15","0","       166"," ","        16"," ","        43"," ","  -29.4","0,1223, ","   178"," ,0,0207, ","   132"," ,0,0306, ","  74.2"," ,0,0901, ","   35.6","0,0707, ","0.0","0,1021","-3.9","0,1103","-7.2","0,1116","-7.2","0,1116","-9.4","0,1118","0.0","0,0419","-3.3","0,0413","-4.4","0,0410","-6.7","0,0319","-11.7","0,0308","    3216.7","7","    3216.7","0","    712.7"," ,0","","","      668"," ,0","     10.41","0","     15.93","0","      4.88","0","   167725","X","       340","X","","","","","        45","X","","","      15.6","X","","","","","      24.2","X","",""
"USW00093822","1990","39.84529","-89.68401","179.7","SPRINGFIELD ABRAHAM LINCOLN CAPITAL AIRPORT, IL US","       4.8","X","    619.0","","     619.0","0","       119","0","        78","0","        15","0","       10","","         5","0","         2","0","       109","0","        11","0","       155","0","        22","0","       157"," ","        20"," ","        40"," ","  -22.2","0,1224, ","   127"," ,0,1228, ","    61"," ,0,1222, "," 102.1"," ,0,0620, ","   36.1","0,0906,+","0.0","0,1011","-2.2","0,1028","-5.6","0,1108","-9.4","0,1221","-9.4","0,1221","-2.2","0,0418","-2.2","0,0418","-5.0","0,0412","-6.7","0,0407","-12.2","0,0225","    3033.6","6","    3033.6","0","   1338.0"," ,0","","","      298"," ,0","     12.37","0","     17.76","0","      6.98","0","   155396","X","       250","X","","","","","        45","X","","","      16.1","X","","","","","      29.8","X","",""
"USW00093822","1991","39.84529","-89.68401","179.7","SPRINGFIELD ABRAHAM LINCOLN CAPITAL AIRPORT, IL US","       4.7","X","    751.0","","     751.0","0","       116","0","        73","0","         9","0","       30","","         5","0","         0","0","       111","0","        32","0","       170","0","        27","0","       190"," ","        15"," ","        57"," ","  -17.2","0,1108,+","    76"," ,0,0314,+","    81"," ,0,0125, ","  82.3"," ,0,1004, ","   35.6","0,0802, ","0.0","0,1007","-2.8","0,1020","-6.7","0,1102","-6.7","0,1102","-9.4","0,1103","-4.4","0,0330","-4.4","0,0330","-4.4","0,0330","-7.2","0,0226","-13.3","0,0216","    2835.5","5","    2835.5","0","    963.6"," ,0","","","      367"," ,0","     12.41","0","     17.66","0","      7.15","0","   158756","X","       240","X","","","","","       225","X","","","      25.0","X","","","","","      31.9","X","",""
"USW00093822","1992","39.84529","-89.68401","179.7","SPRINGFIELD ABRAHAM LINCOLN CAPITAL AIRPORT, IL US","       4.3","X","    492.3","","     492.3","0","       124","0","        65","0","         4","0","       10","","         3","0","         2","0","       101","0","        14","0","       170","0","         9","0","       176"," ","        12"," ","        42"," ","  -21.7","0,0116, ","    76"," ,0,0117,+","    53"," ,0,0113, ","  41.1"," ,0,0730, ","   35.0","0,0809, ","-2.8","0,1017","-2.8","0,1017","-7.2","0,1019","-7.2","0,1019","-9.4","0,1205","-0.6","0,0428","-2.2","0,0405","-7.8","0,0313","-7.8","0,0313","-11.1","0,0209","    2880.6","6","    2880.6","0","    750.3"," ,0","","","      291"," ,0","     11.92","0","     17.35","0","      6.48","0","   139295","X","       210","X","","","","","       135","X","","","      17.0","X","","","","","      26.7","X","",""
"USW00093822","1993","39.84529","-89.68401","179.7","SPRINGFIELD ABRAHAM LINCOLN CAPITAL AIRPORT, IL US","       4.2","X","    603.7","","     603.7","0","       137","0","        80","0","        11","0","       38","","         6","0","         3","0","       108","0","        40","0","       148","0","        19","0","       177"," ","        17"," ","        56"," ","  -26.1","0,0218, ","   152"," ,0,0226,+","   168"," ,0,0225, ","  88.1"," ,0,0604, ","   34.4","0,0826, ","-0.6","0,1010","-3.3","0,1031","-6.1","0,1101","-7.2","0,1106","-8.9","0,1107","-1.1","0,0417","-3.3","0,0403","-7.2","0,0318","-7.2","0,0318","-12.2","0,0314","    3103.5","5","    3103.5","0","   1208.8"," ,0","","","      740"," ,0","     11.16","0","     16.06","0","      6.26","0","   132059","X","       280","X","","","","","       360","X","","","      18.3","X","","","","","      26.2","X","",""
"USW00093822","1994","39.84529","-89.68401","179.7","SPRINGFIELD ABRAHAM LINCOLN CAPITAL AIRPORT, IL US","       4.0","X","    624.5","","     624.5","0","       102","0","        58","0","         6","0","       22","","         5","0","        10","0","       100","0","        28","0","       163","0","        28","0","       155"," ","        18"," ","        48"," ","  -26.7","0,0119,+","    76"," ,0,0302,+","    71"," ,0,0116, ","  74.9"," ,0,0411, ","   36.7","0,0619, ","0.0","0,1025","-2.8","0,1026","-5.0","0,1122","-8.3","0,1210","-11.7","0,1211","-5.0","0,0407","-5.0","0,0407","-5.0","0,0407","-7.8","0,0303","-14.4","0,0227","    3216.2","2","    3216.2","0","    902.4"," ,0","","","      356"," ,0","     11.98","0","     17.59","0","      6.37","0","   163370","X","       220","X","","","","","       225","X","","","      15.6","X","","","","","      22.6","X","",""
"USW00093822","1995","39.84529","-89.68401","179.7","SPRINGFIELD ABRAHAM LINCOLN CAPITAL AIRPORT, IL US","       4.0","X","    721.6","","     721.6","0","       111","0","        58","0","         7","0","       35","","         7","0","         7","0","       115","0","        41","0","       166","0","        41","0","       179"," ","        16"," ","        54"," ","  -21.1","0,0206, ","    76"," ,0,1224,+","    79"," ,0,0203, ","  42.9"," ,0,0307, ","   38.9","0,0713, ","0.0","0,0923","-3.3","0,1103","-6.7","0,1104","-6.7","0,1104","-10.6","0,1111","-5.0","0,0405","-5.0","0,0405","-5.0","0,0405","-10.0","0,0309","-10.0","0,0309","    2801.8","8","    2801.8","0","    799.4"," ,0","","","      386"," ,0","     11.52","0","     17.17","0","      5.87","0","   149961","X","","","","","","","","","","","","","","","","","","","",""
"USW00093822","1996","39.84529","-89.68401","179.7","SPRINGFIELD ABRAHAM LINCOLN CAPITAL AIRPORT, IL US","       4.5","X","    514.0","","     514.0","0","       105","0","        58","0","         8","0","       20","","         6","0","         8","0","       130","0","        39","0","       153","0","        26","0","       212"," ","        28"," ","        37"," ","  -28.3","0,0203, ","   127"," ,0,0105, ","   157"," ,0,0104, ","  89.9"," ,0,0508, ","   34.4","0,0629,+","-0.6","0,1009","-2.2","0,1019","-6.1","0,1102","-6.7","0,1103","-9.4","0,1126","-1.1","0,0414","-3.9","0,0410","-5.6","0,0409","-7.2","0,0327","-11.1","0,0309","    3438.8","8","    3438.8","0","    812.0"," ,0","","","      420"," ,0","     10.37","0","     16.00","0","      4.73","0","","","","","       250","X","       250","X","","","","","","","      20.6","X","      23.7","X","","","",""
"USW00093822","1997","39.84529","-89.68401","179.7","SPRINGFIELD ABRAHAM LINCOLN CAPITAL AIRPORT, IL US","       4.1","X","    534.7","","     534.7","0","       108","0","        71","0","         4","0","       29","","         7","0","        11","0","       120","0","        35","0","       151","0","        24","0","       210"," ","        21"," ","        33"," ","  -25.0","0,0112, ","   229"," ,0,0116, ","   137"," ,0,0109, ","  42.2"," ,0,0817, ","   35.6","0,0726,+","-0.6","0,1018","-5.0","0,1022","-5.0","0,1022","-6.7","0,1112","-9.4","0,1230","-2.2","0,0418","-2.2","0,0418","-5.0","0,0414","-7.2","0,0409","-9.4","0,0315","    3336.0","0","    3336.0","0","    761.0"," ,0","","","      713"," ,0","     10.82","0","     16.26","0","      5.39","0","","","","","         0","X","       250","X","","","","","","","      44.3","X","      26.8","X","","","",""
"USW00093822","1998","39.84529","-89.68401","179.7","SPRINGFIELD ABRAHAM LINCOLN CAPITAL AIRPORT, IL US","       3.9","X","    685.6","","     685.6","0","       119","0","        79","0","        10","0","       12","","         5","0","         2","0","        89","0","        22","0","       170","0","        17","0","       243"," ","        15"," ","        45"," ","  -20.0","0,1231, ","   102"," ,0,0310, ","   119"," ,0,0309, ","  78.5"," ,0,0818, ","   35.0","0,0721, ","-1.7","0,1022","-2.8","0,1106","-5.0","0,1107","-6.7","0,1211","-12.2","0,1221","-1.1","0,0405","-2.8","0,0324","-5.0","0,0315","-18.3","0,0312","-18.3","0,0312","    2839.3","3","    2839.3","0","   1141.5"," ,0","","","      331"," ,0","     12.97","0","     18.01","0","      7.93","0","","","","","       250","X","       250","X","","","","","","","      41.1","X","      41.1","X","","","",""
"USW00093822","1999","39.84529","-89.68401","179.7","SPRINGFIELD ABRAHAM LINCOLN CAPITAL AIRPORT, IL US","       4.2","X","    570.3","","     570.3","0","        96","0","        57","0","         6","0","       33","","         6","0","         4","0","       105","0","        17","0","       173","0","        27","0","       181"," ","        25"," ","        32"," ","  -29.4","0,0105, ","   305"," ,0,0103, ","   185"," ,0,0102, ","  74.7"," ,0,0812, ","   36.1","0,0730,+","0.0","0,1005","-3.3","0,1018","-5.0","0,1024","-10.0","0,1130","-10.0","0,1130","-2.8","0,0329","-2.8","0,0329","-6.1","0,0326","-6.7","0,0312","-9.4","0,0307","    2815.9","9","    2815.9","0","    735.1"," ,0","","","      716"," ,0","     12.04","0","     17.89","0","      6.18","0","","","","","       250","X","       260","X","","","","","","","      20.6","X","      23.2","X","","","",""
"USW00093822","2000","39.84529","-89.68401","179.7","SPRINGFIELD ABRAHAM LINCOLN CAPITAL AIRPORT, IL US","       4.2","X","    588.4","","     588.4","0","       109","0","        61","0","         6","0","       42","","         6","0","        11","0","       123","0","        38","0","       176","0","        10","0","       192"," ","        21"," ","        42"," ","  -22.8","0,1225, ","   178"," ,0,1231,+","   140"," ,0,0311, ","  64.5"," ,0,0620, ","   35.6","0,0901,+","-1.7","0,1007","-2.8","0,1008","-5.6","0,1115","-7.8","0,1117","-11.7","0,1121","0.0","0,0422","-2.2","0,0329","-10.6","0,0312","-10.6","0,0312","-10.6","0,0312","    2722.6","6","    2722.6","0","    793.4"," ,0","","","      575"," ,0","     11.39","0","     17.00","0","      5.78","0","","","","","       250","X","       170","X","","","","","","","      17.9","X","      22.8","X","","","",""
"USW00093822","2001","39.84529","-89.68401","179.7","SPRINGFIELD ABRAHAM LINCOLN CAPITAL AIRPORT, IL US","       4.1","X","    611.1","","     611.1","0","       106","0","        66","0","         7","0","       19","","         1","0","         3","0","       115","0","        26","0","       170","0","        24","0","       191"," ","        23"," ","        44"," ","  -21.1","0,0102, ","   178"," ,0,0103,+","    76"," ,0,1214, ","  49.0"," ,0,0224, ","   35.6","0,0723,+","0.0","0,1006","-2.8","0,1017","-4.4","0,1109","-6.7","0,1209","-11.1","0,1225","-2.2","0,0418","-2.2","0,0418","-8.9","0,0327","-8.9","0,0327","-8.9","0,0327","    3336.3","3","    3336.3","0","    889.3"," ,0","","","      171"," ,0","     12.03","0","     17.77","0","      6.29","0","","","","","        40","X","        60","X","","","","","","","      23.2","X","      27.7","X","","","",""
"USW00093822","2002","39.84529","-89.68401","179.7","SPRINGFIELD ABRAHAM LINCOLN CAPITAL AIRPORT, IL US","       4.0","X","    718.2","","     718.2","0","        97","0","        57","0","        15","0","       10","","         6","0","         1","0","       119","0","        18","0","       157","0","        36","0","       216"," ","        20"," ","        32"," ","  -18.9","0,0304, ","   127"," ,0,1225, ","   130"," ,0,1224, ","  75.7"," ,0,0512, ","   35.0","0,0721, ","0.0","0,1013","-2.2","0,1020","-5.0","0,1102","-10.0","0,1127","-10.0","0,1127","-3.3","0,0406","-3.3","0,0406","-5.0","0,0405","-9.4","0,0322","-9.4","0,0322","    2786.7","7","    2786.7","0","   1020.4"," ,0","","","      326"," ,0","     11.98","0","     17.53","0","      6.43","0","","","","","       300","X","       300","X","","","","","","","      27.3","X","      33.1","X","","","",""
"USW00093822","2003","39.84529","-89.68401","179.7","SPRINGFIELD ABRAHAM LINCOLN CAPITAL AIRPORT, IL US","       4.1","X","    491.9","","     491.9","0","       112","0","        59","0","         7","0","       26","","         8","0","         7","0","       119","0","        40","0","       167","0","        17","0","       197"," ","        26"," ","        37"," ","  -22.8","0,0127, ","   152"," ,0,0217,+","   152"," ,0,0215, ","  83.3"," ,0,0831, ","   35.6","0,0826,+","0.0","0,0929","-5.0","0,1002","-5.0","0,1002","-6.7","0,1129","-11.1","0,1212","-1.1","0,0411","-2.8","0,0410","-5.0","0,0330","-8.9","0,0311","-8.9","0,0311","    3257.0","0","    3257.0","0","    884.2"," ,0","","","      596"," ,0","     11.05","0","     16.78","0","      5.32","0","","","","","       280","X","       310","X","","","","","","","      17.9","X","      23.2","X","","","",""
"USW00093822","2004","39.84529","-89.68401","179.7","SPRINGFIELD ABRAHAM LINCOLN CAPITAL AIRPORT, IL US","       4.1","X","    486.6","","     486.6","0","       119","0","        67","0","         7","0","       26","","         6","0","         4","0","       107","0","        34","0","       171","0","         5","0","       206"," ","        22"," ","        38"," ","  -25.6","0,0131,+","   102"," ,0,1126,+","   145"," ,0,1124, ","  62.5"," ,0,0710, ","   33.3","0,0713, ","-1.1","0,1003","-2.2","0,1005","-4.4","0,1113","-10.0","0,1125","-10.0","0,1125","-1.1","0,0414","-6.1","0,0322","-6.1","0,0322","-6.7","0,0312","-9.4","0,0216","    2922.0","0","    2922.0","0","    871.6"," ,0","","","      426"," ,0","     11.73","0","     17.32","0","      6.15","0","","","","","       190","X","       190","X","","","","","","","      18.3","X","      21.9","X","","","",""
"USW00093822","2005","39.84529","-89.68401","179.7","SPRINGFIELD ABRAHAM LINCOLN CAPITAL AIRPORT, IL US","       4.0","X","    769.5","","     769.5","0","       104","0","        66","0","         7","0","       36","","         8","0","         2","0","       103","0","        30","0","       174","0","        50","0","       188"," ","        25"," ","        37"," ","  -18.9","0,1207, ","   127"," ,0,1209, ","   119"," ,0,1208, ","  43.2"," ,0,0919, ","   36.7","0,0724, ","-0.6","0,1026","-6.7","0,1116","-6.7","0,1116","-6.7","0,1116","-8.9","0,1117","-1.1","0,0504","-2.8","0,0320","-6.7","0,0315","-6.7","0,0315","-11.7","0,0123","    2788.0","0","    2788.0","0","    804.5"," ,0","","","      647"," ,0","     12.45","0","     18.11","0","      6.79","0","","","","","       270","X","       320","X","","","","","","","      17.9","X","      23.2","X","","","",""
"USW00093822","2006","39.84529","-89.68401","179.7","SPRINGFIELD ABRAHAM LINCOLN CAPITAL AIRPORT, IL US","       4.1","W","    652.9","","     652.9","0","       111","0","        63","0","         6","0","       18","","         3","0","         2","0","       100","0","        14","0","       164","0","        29","0","       176"," ","        19"," ","        60"," ","  -19.4","0,1208, ","   127"," ,0,1201, ","   140"," ,0,1201,+","  55.4"," ,0,0312, ","   36.7","0,0802,+","-1.1","0,1011","-2.2","0,1013","-4.4","0,1024","-7.2","0,1103","-13.9","0,1201","-0.6","0,0408","-3.9","0,0326","-4.4","0,0323","-10.0","0,0322","-10.0","0,0322","    2755.4","4","    2755.4","0","    829.6"," ,0","","","      457"," ,0","     12.63","0","     18.37","0","      6.88","0","","","","","       310","X","       280","X","","","","","","","      23.3","X","      26.4","X","","","",""
"USW00093822","2007","39.84529","-89.68401","179.7","SPRINGFIELD ABRAHAM LINCOLN CAPITAL AIRPORT, IL US","       3.9","W","    777.3","","     777.3","0","       108","0","        68","0","         4","0","       31","","         6","0","         4","0","       122","0","        34","0","       188","0","        40","0","       166"," ","        20"," ","        39"," ","  -23.9","0,0216, ","   279"," ,0,0217,+","   213"," ,0,0213, ","  40.1"," ,0,1121, ","   37.2","0,0812, ","-1.1","0,1028","-2.8","0,1102","-7.2","0,1107","-7.2","0,1107","-10.0","0,1206","-1.1","0,0413","-6.1","0,0407","-6.1","0,0407","-9.4","0,0304","-9.4","0,0304","    2930.5","5","    2930.5","0","    806.1"," ,0","","","      745"," ,0","     12.46","0","     18.12","0","      6.81","0","","","","","       260","X","       260","X","","","","","","","      21.9","X","      26.4","X","","","",""
"USW00093822","2008","39.84529","-89.68401","179.7","SPRINGFIELD ABRAHAM LINCOLN CAPITAL AIRPORT, IL US","       4.1","W","    511.9","","     511.9","0","       125","0","        82","0","        14","0","       18","","         9","0","         1","0","       122","0","        37","0","       159","0","         7","0","       194"," ","        25"," ","        45"," ","  -18.9","0,0124, ","   254"," ,0,0201, ","   165"," ,0,0201, "," 119.6"," ,0,0603, ","   33.9","0,0804,+","0.0","0,1027","-2.8","0,1028","-5.0","0,1109","-7.8","0,1110","-8.9","0,1121","-1.7","0,0415","-2.8","0,0402","-4.4","0,0311","-10.6","0,0308","-10.6","0,0308","    3102.5","5","    3102.5","0","   1365.1"," ,0","","","      716"," ,0","     10.87","0","     16.29","0","      5.44","0","","","","","       290","X","       280","X","","","","","","","      20.6","X","      30.4","X","","","",""
"USW00093822","2009","39.84529","-89.68401","179.7","SPRINGFIELD ABRAHAM LINCOLN CAPITAL AIRPORT, IL US","       3.8","W","    500.8","","     500.8","0","       131","0","        77","0","        13","0","       25","","         7","0","         3","0","       102","0","        29","0","       159","0","        12","0","       196"," ","        19"," ","        47"," ","  -22.8","0,0116,+","   152"," ,0,0329, ","   147"," ,0,0329, ","  67.1"," ,0,0616, ","   35.6","0,0623, ","-1.7","0,1018","-2.2","0,1112","-8.3","0,1204","-8.3","0,1204","-11.7","0,1209","-1.1","0,0412","-3.3","0,0320","-6.1","0,0313","-7.2","0,0312","-11.7","0,0303","    3022.4","4","    3022.4","0","   1336.7"," ,0","","","      514"," ,0","     11.63","0","     16.94","0","      6.31","0","","","","","       260","X","       290","X","","","","","","","      21.0","X","      26.8","X","","","",""
"USW00093822","2010","39.84529","-89.68401","179.7","SPRINGFIELD ABRAHAM LINCOLN CAPITAL AIRPORT, IL US","       3.6","W","    842.0","","     842.0","0","       122","0","        80","0","        11","0","       52","","         8","0","         8","0","       109","0","        45","0","       186","0","        37","0","       174"," ","        26"," ","        53"," ","  -23.3","0,0110, ","   152"," ,0,0216,+","   107"," ,0,1224, ","  90.2"," ,0,0902, ","   36.7","0,0813, ","-1.1","0,1028","-2.8","0,1029","-4.4","0,1103","-6.7","0,1205","-10.0","0,1206","0.0","0,0409","-3.9","0,0326","-4.4","0,0306","-7.2","0,0227","-10.0","0,0225","    2969.3","3","    2969.3","0","   1192.4"," ,0","","","      631"," ,0","     12.38","0","     17.84","0","      6.91","0","","","","","       170","X","       280","X","","","","","","","      17.0","X","      24.6","X","","","",""
"USW00093822","2011","39.84529","-89.68401","179.7","SPRINGFIELD ABRAHAM LINCOLN CAPITAL AIRPORT, IL US","       3.9","W","    787.0","","     787.0","X","       122","X","        68","X","         7","X","       38","","         7","X","         4","X","       100","X","        29","X","       166","X","        45","X","       154"," ","        19"," ","        47"," ","  -23.3","X,0121, ","   279"," ,X,0202, ","   218"," ,X,0201, ","  34.0"," ,X,1103, ","   38.9","X,0901, ","-0.6","X,1002","-2.2","X,1028","-4.4","X,1117","-7.8","X,1209","-10.6","X,1210","-0.6","X,0421","-3.9","X,0328","-4.4","X,0327","-7.2","X,0212","-9.4","X,0211","    3026.3","3","    3026.3","X","    778.3"," ,X","","","      683"," ,X","     12.58","X","     18.11","X","      7.05","X","","","","","       320","X","        60","X","","","","","","","      17.9","X","      24.1","X","","","",""
"USW00093822","2012","39.84529","-89.68401","179.7","SPRINGFIELD ABRAHAM LINCOLN CAPITAL AIRPORT, IL US","       3.8","X","    832.2","","     832.2","X","       102","X","        60","X","         7","X","       10","","         5","X","         0","X","        98","X","        13","X","       193","X","        63","X","        56"," ","        15"," ","        43"," ","  -14.4","X,0114,+","   102"," ,X,0113, ","    99"," ,X,0112, ","  59.2"," ,X,0520, ","   40.0","X,0707,+","0.0","X,1007","-3.9","X,1104","-5.0","X,1124","-7.8","X,1127","-11.1","X,1222","-0.6","X,0412","-2.2","X,0411","-10.6","X,0305","-10.6","X,0305","-10.6","X,0305","    2314.6","6","    2314.6","X","    764.2"," ,X","","","      350"," ,X","     14.04","X","     20.32","X","      7.75","X","","","","","       190","X","       250","X","","","","","","","      17.9","X","      25.0","X","","","",""
"USW00093822","2013","39.84529","-89.68401","179.7","SPRINGFIELD ABRAHAM LINCOLN CAPITAL AIRPORT, IL US","       3.9","W","    618.5","","     618.5","W","       114","W","        63","W","        14","W","       23","","         7","W","         0","W","       137","W","        34","W","       164","W","        24","W","        91"," ","         3"," ","        10"," ","  -17.2","W,0102, ","   406"," ,W,0325, ","   432"," ,W,0324, ","  55.4"," ,W,0503, ","   35.0","W,0830,+","-1.6","W,1021","-3.8","W,1024","-6.0","W,1025","-8.2","W,1112","-9.3","W,1123","-1.0","W,0420","-3.8","W,0403","-6.7","X,0328","-6.7","X,0328","-10.0","X,0321","    3015.1","1","    3015.1","W","    974.6"," ,W","","","      952"," ,W","     11.01","W","     16.64","W","      5.39","W","","","","","       260","W","       250","W","","","","","","","      21.0","W","      27.7","W","","","",""
"USW00093822","2014","39.84529","-89.68401","179.7","SPRINGFIELD ABRAHAM LINCOLN CAPITAL AIRPORT, IL US","       4.0","W","    627.7","","     627.7","W","       124","W","        70","W","         9","W","       43","","         9","W","        17","W","       128","W","        47","W","       167","W","        15","W","        95"," ","         5"," ","        27"," ","  -24.9","W,0211,+","   280"," ,W,0215, ","   244"," ,W,0105, ","  65.3"," ,W,0623, ","   35.6","W,0825, ","0.0","W,1031","-3.2","W,1107","-7.1","W,1113","-7.1","W,1113","-9.3","W,1117","-1.6","W,0415","-2.7","W,0330","-8.8","W,0326","-8.8","W,0326","-10.5","W,0304","    3471.1","1","    3471.1","W","   1154.5"," ,W","","","     1045"," ,W","     10.71","W","     16.29","W","      5.13","W","","","","","       250","W","       250","W","","","","","","","      22.8","W","      28.6","W","","","",""
"USW00093822","2015","39.84529","-89.68401","179.7","SPRINGFIELD ABRAHAM LINCOLN CAPITAL AIRPORT, IL US","       4.1","W","    746.1","","     746.1","W","       125","W","        76","W","        12","W","       38","","         9","W","         7","W","       100","W","        27","W","       179","W","        28","W","       163"," ","        21"," ","        55"," ","  -25.5","W,0227, ","   300"," ,W,0221, ","   226"," ,W,0220, ","  54.1"," ,W,0708, ","   35.6","W,0906,+","-2.1","W,1017","-2.7","W,1018","-6.0","W,1121","-8.8","W,1122","","","0.0","W,0501","-3.2","W,0404","-5.5","W,0328","-17.7","W,0306","-17.7","W,0306","    3172.3","3","    3172.3","W","   1120.8"," ,W","","","      772"," ,W","     12.66","W","     18.35","W","      6.97","W","","","","","       310","W","       320","W","","","","","","","      19.2","W","      24.1","W","","","",""
"USW00093822","2016","39.84529","-89.68401","179.7","SPRINGFIELD ABRAHAM LINCOLN CAPITAL AIRPORT, IL US","       3.9","W","    883.0","","     883.0","W","       109","W","        72","W","         7","W","       22","","         6","W","         2","W","        85","W","        24","W","       185","W","        43","W","       175"," ","        27"," ","        61"," ","  -19.3","W,1219,+","   100"," ,W,0215,+","    91"," ,W,0119, "," 142.0"," ,W,0812, ","   35.0","W,0625,+","-1.6","W,1112","-4.3","W,1120","-4.9","W,1121","-7.1","W,1208","-10.5","W,1213","-2.7","W,0409","-2.7","W,0409","-8.8","W,0302","-8.8","W,0302","-13.8","W,0213","    2424.6","6","    2424.6","W","   1087.1"," ,W","","","      452"," ,W","     13.74","W","     19.16","W","      8.32","W","","","","","       280","W","       280","W","","","","","","","      20.1","W","      27.7","W","","","",""
"USW00093822","2017","39.84529","-89.68401","179.7","SPRINGFIELD ABRAHAM LINCOLN CAPITAL AIRPORT, IL US","       4.1","W","    753.3","","     753.3","W","       113","W","        55","W","         7","W","       12","","         3","W","         3","W","        86","W","        18","W","       186","W","        40","W","       162"," ","        23"," ","        56"," ","  -22.7","W,1227, ","   100"," ,W,0314,+","   112"," ,W,0313, ","  57.9"," ,W,1010, ","   35.6","W,0922,+","-4.9","W,1029","-4.9","W,1029","-4.9","W,1029","-10.5","W,1207","-10.5","W,1207","-1.6","W,0322","-5.5","W,0316","-5.5","W,0316","-9.9","W,0315","-9.9","W,0315","    2341.4","4","    2341.4","W","    801.3"," ,W","","","      298"," ,W","     13.62","W","     19.55","W","      7.69","W","","","","","       270","W","       270","W","","","","","","","      19.7","W","      24.6","W","","","",""
"USW00093822","2018","39.84529","-89.68401","179.7","SPRINGFIELD ABRAHAM LINCOLN CAPITAL AIRPORT, IL US","       4.0","W","    937.5","","     937.5","W","       115","W","        71","W","        13","W","       30","","         9","W","         8","W","       132","W","        32","W","       171","W","        53","W","       181"," ","        20"," ","        47"," ","  -24.9","W,0102,+","   100"," ,W,1116,+","   135"," ,W,1115, ","  71.1"," ,W,0729, ","   36.7","W,0528, ","-1.0","W,1013","-6.0","W,1021","-6.0","W,1021","-9.3","W,1110","-9.3","W,1110","-1.0","W,0420","-4.9","W,0408","-4.9","W,0408","-8.8","W,0402","-9.3","W,0213","    2933.1","1","    2933.1","W","   1154.2"," ,W","","","      532"," ,W","     12.33","W","     18.02","W","      6.65","W","","","","","       250","W","       220","W","","","","","","","      19.2","W","      33.5","W","","","",""
"USW00093822","2019","39.84529","-89.68401","179.7","SPRINGFIELD ABRAHAM LINCOLN CAPITAL AIRPORT, IL US","       4.0","W","    714.1","","     714.1","W","       130","W","        87","W","        13","W","       39","","        10","W","         3","W","       131","W","        35","W","       160","W","        22","W","       192"," ","        22"," ","        55"," ","  -25.5","W,0130, ","   250"," ,W,0114,+","   213"," ,W,0112, ","  83.8"," ,W,0929, ","   35.6","W,0710, ","0.0","W,1012","-3.2","W,1031","-4.9","W,1101","-9.9","W,1108","-9.9","W,1108","-1.6","W,0415","-2.7","W,0401","-14.3","W,0306","-14.3","W,0306","-14.3","W,0306","    3189.0","0","    3189.0","W","   1253.9"," ,W","","","      789"," ,W","     11.66","W","     17.09","W","      6.24","W","","","","","       250","W","       250","W","","","","","","","      21.9","W","      30.0","W","","","",""
"USW00093822","2020","39.84529","-89.68401","179.7","SPRINGFIELD ABRAHAM LINCOLN CAPITAL AIRPORT, IL US","       3.8","W","    648.3","","     648.3","W","       121","W","        76","W","         8","W","       18","","         7","W","         2","W","       113","W","        17","W","       163","W","        27","W","       182"," ","        23"," ","        45"," ","  -20.5","W,0214, ","    80"," ,W,0226,+","    81"," ,W,0226, ","  59.7"," ,W,0721, ","   34.4","W,0608,+","0.0","W,1004","-2.7","W,1016","-6.6","W,1102","-8.8","W,1201","-12.1","W,1224","0.0","W,0509","-3.2","W,0416","-7.7","W,0229","-7.7","W,0229","-10.5","W,0221","    2956.5","5","    2956.5","W","   1014.7"," ,W","","","      475"," ,W","     12.24","W","     17.80","W","      6.68","W","","","","","       260","W","        10","W","","","","","","","      17.4","W","      23.3","W","","","",""
"USW00093822","2021","39.84529","-89.68401","179.7","SPRINGFIELD ABRAHAM LINCOLN CAPITAL AIRPORT, IL US","       3.9","W","    735.4","","     735.4","W","       120","W","        74","W","        14","W","       29","","         8","W","         8","W","       107","W","        24","W","       172","W","        20","W","       182"," ","        17"," ","        46"," ","  -22.1","W,0216, ","   180"," ,W,0218,+","   147"," ,W,0215, ","  59.9"," ,W,0904, ","   37.2","W,0618, ","-1.6","W,1102","-2.7","W,1103","-7.1","W,1119","-7.1","W,1119","","","-1.6","W,0422","-4.9","W,0402","-4.9","W,0402","-9.3","W,0220","-9.3","W,0220","    2975.4","4","    2975.4","W","   1194.3"," ,W","","","      527"," ,W","     12.59","W","     18.02","W","      7.16","W","","","","","       200","W","       300","W","","","","","","","      19.2","W","      31.3","W","","","",""
"USW00093822","2022","39.84529","-89.68401","179.7","SPRINGFIELD ABRAHAM LINCOLN CAPITAL AIRPORT, IL US","       4.3","W","    696.2","","     696.2","W","       103","W","        64","W","        11","W","       27","","         7","W","         4","W","       115","W","        35","W","       173","W","        23","W","       110"," ","         9"," ","        34"," ","  -22.1","W,1223,+","   250"," ,W,0204, ","   201"," ,W,0202, ","  94.2"," ,W,0708, ","   36.1","W,0705,+","-0.5","W,1008","-4.9","W,1019","-4.9","W,1019","-7.7","W,1118","-9.3","W,1119","-1.0","W,0419","-3.8","W,0328","-12.7","W,0312","-12.7","W,0312","-12.7","W,0312","    2832.0","0","    2832.0","W","   1011.5"," ,W","","","      639"," ,W","     11.63","W","     17.38","W","      5.89","W","","","","","       250","W","       250","W","","","","","","","      17.4","W","      28.2","W","","","",""
"USW00093822","2023","39.84529","-89.68401","179.7","SPRINGFIELD ABRAHAM LINCOLN CAPITAL AIRPORT, IL US","       3.9","W","    620.2","","     620.2","W","       100","W","        63","W","        10","W","        3","","         3","W","         0","W","        94","W","         8","W","       182","W","        30","W","       178"," ","        18"," ","        51"," ","  -14.9","W,0131, ","    50"," ,W,0108, ","    56"," ,W,0303, ","  92.5"," ,W,0809, ","   37.2","W,0825, ","-4.3","W,1030","-4.3","W,1030","-6.0","W,1101","-9.9","W,1128","-9.9","W,1128","-1.0","W,0424","-3.8","W,0320","-8.8","W,0319","-8.8","W,0319","-14.3","W,0203","    2747.5","5","    2747.5","W","    865.2"," ,W","","","      174"," ,W","     13.12","W","     19.09","W","      7.14","W","","","","","       150","W","       290","W","","","","","","","      19.2","W","      29.1","W","","","",""
"USW00093822","2024","39.84529","-89.68401","179.7","SPRINGFIELD ABRAHAM LINCOLN CAPITAL AIRPORT, IL US","","","","","","","       119","W","        68","W","         9","W","       12","","         6","W","","","","","        18","W","       193","W","        30","W","       148"," ","        13"," ","        52"," ","","","   130"," ,W,0218,+","   135"," ,W,0216, ","  72.4"," ,W,0716, ","   36.7","W,0827, ","","","","","","","","","","","","","","","","","","","","","","","","","   1077.1"," ,W","","","      376"," ,W","","","     19.20","W","","","","","","","","","","","","","","","","","","","","","","","",""
"USW00093822","2025","39.84529","-89.68401","179.7","SPRINGFIELD ABRAHAM LINCOLN CAPITAL AIRPORT, IL US","","","","","","","","","","","","","","","","","","","","","","","","","","","        35"," ","         4"," ","         8"," ","","","","","","","","","","","","","","","","","","","","","","","","","","","","","","","","","","","","","","","","","","","","","","","","","","","","","","","","","","","","","","","","","","","",""
