"STATION","DATE","LATITUDE","LONGITUDE","ELEVATION","NAME","AWND","AWND_ATTRIBUTES","CDSD","CDSD_ATTRIBUTES","CLDD","CLDD_ATTRIBUTES","DP01","DP01_ATTRIBUTES","DP10","DP10_ATTRIBUTES","DP1X","DP1X_ATTRIBUTES","DSND","DSND_ATTRIBUTES","DSNW","DSNW_ATTRIBUTES","DT00","DT00_ATTRIBUTES","DT32","DT32_ATTRIBUTES","DX32","DX32_ATTRIBUTES","DX70","DX70_ATTRIBUTES","DX90","DX90_ATTRIBUTES","DYFG","DYFG_ATTRIBUTES","DYHF","DYHF_ATTRIBUTES","DYTS","DYTS_ATTRIBUTES","EMNT","EMNT_ATTRIBUTES","EMSD","EMSD_ATTRIBUTES","EMSN","EMSN_ATTRIBUTES","EMXP","EMXP_ATTRIBUTES","EMXT","EMXT_ATTRIBUTES","FZF0","FZF0_ATTRIBUTES","FZF1","FZF1_ATTRIBUTES","FZF2","FZF2_ATTRIBUTES","FZF3","FZF3_ATTRIBUTES","FZF4","FZF4_ATTRIBUTES","FZF5","FZF5_ATTRIBUTES","FZF6","FZF6_ATTRIBUTES","FZF7","FZF7_ATTRIBUTES","FZF8","FZF8_ATTRIBUTES","FZF9","FZF9_ATTRIBUTES","HDSD","HDSD_ATTRIBUTES","HTDD","HTDD_ATTRIBUTES","PRCP","PRCP_ATTRIBUTES","PSUN","PSUN_ATTRIBUTES","SNOW","SNOW_ATTRIBUTES","TAVG","TAVG_ATTRIBUTES","TMAX","TMAX_ATTRIBUTES","TMIN","TMIN_ATTRIBUTES","TSUN","TSUN_ATTRIBUTES","WDF1","WDF1_ATTRIBUTES","WDF2","WDF2_ATTRIBUTES","WDF5","WDF5_ATTRIBUTES","WDFG","WDFG_ATTRIBUTES","WDFM","WDFM_ATTRIBUTES","WDMV","WDMV_ATTRIBUTES","WSF1","WSF1_ATTRIBUTES","WSF2","WSF2_ATTRIBUTES","WSF5","WSF5_ATTRIBUTES","WSFG","WSFG_ATTRIBUTES","WSFM","WSFM_ATTRIBUTES"
"USW00023066","1900","39.13437","-108.54081","1470.4","GRAND JUNCTION WALKER FIELD, CO US","","","    672.2","","     672.2","0","        49","0","        12","0","         0","0","        2","","         1","0","         0","0","       131","0","         2","0","       172","0","        69","0","","","","","","","  -16.1","0,1231, ","    25"," ,0,0102,+","    25"," ,0,1120, ","  11.7"," ,0,0924, ","   40.0","0,0628, ","-1.1","0,1021","-3.3","0,1031","-5.6","0,1101","-7.2","0,1114","-9.4","0,1214","0.0","0,0417","-5.0","0,0329","-5.0","0,0329","-9.4","0,0217","-9.4","0,0217","","","","","     91.2"," ,0","","","       25"," ,0","     12.54","0","     20.08","0","      4.99","0","","","","","","","","","","","","","","","","","","","","","","","",""
"USW00023066","1901","39.13437","-108.54081","1470.4","GRAND JUNCTION WALKER FIELD, CO US","","","    717.9","","     717.9","0","        70","0","        26","0","         0","0","        7","","         6","0","         2","0","       144","0","         9","0","       174","0","        66","0","","","","","","","  -17.8","0,1213,+","    51"," ,0,1215,+","    81"," ,0,0404, ","  13.0"," ,0,0404, ","   39.4","0,0718, ","-0.6","0,1102","-5.0","0,1104","-5.0","0,1104","-7.2","0,1122","-9.4","0,1209","0.0","0,0418","-3.9","0,0417","-8.9","0,0405","-8.9","0,0405","-8.9","0,0405","    2974.4","4","    2974.4","0","    207.9"," ,0","","","      478"," ,0","     12.26","0","     19.77","0","      4.75","0","","","","","","","","","","","","","","","","","","","","","","","",""
"USW00023066","1902","39.13437","-108.54081","1470.4","GRAND JUNCTION WALKER FIELD, CO US","","","    594.6","","     594.6","0","        50","0","        21","0","         0","0","       15","","         7","0","         5","0","       137","0","        28","0","       174","0","        67","0","","","","","","","  -20.0","0,0203, ","    51"," ,0,1221,+","    56"," ,0,1213, ","  15.7"," ,0,1112, ","   39.4","0,0802, ","0.0","0,1003","-4.4","0,1103","-4.4","0,1103","-7.2","0,1127","-8.9","0,1203","0.0","0,0415","-5.6","0,0331","-5.6","0,0331","-8.3","0,0330","-17.2","0,0205","    2881.5","5","    2881.5","0","    155.5"," ,0","","","      343"," ,0","     11.37","0","     18.89","0","      3.86","0","","","","","","","","","","","","","","","","","","","","","","","",""
"USW00023066","1903","39.13437","-108.54081","1470.4","GRAND JUNCTION WALKER FIELD, CO US","","","","","","","","","","","","","","","","","","","","","","","","","","","","","","","","","","","","","","","","","","","","","","","","","","","","","","","","","","","","","","","    3528.3","3","    3528.3","0","","","","","","","","","","","","","","","","","","","","","","","","","","","","","","","","","","","",""
"USW00023066","1904","39.13437","-108.54081","1470.4","GRAND JUNCTION WALKER FIELD, CO US","","","    544.6","","     544.6","0","        62","0","        25","0","         0","0","        9","","         5","0","         2","0","       133","0","        15","0","       165","0","        41","0","","","","","","","  -18.3","0,1229,+","   102"," ,0,0208, ","   119"," ,0,0208, ","  11.7"," ,0,0524, ","   36.7","0,0719, ","-1.7","0,1018","-2.8","0,1104","-4.4","0,1109","-6.7","0,1111","-8.9","0,1113","0.0","0,0424","-7.8","0,0326","-7.8","0,0326","-7.8","0,0326","-10.0","0,0212","","","","","    169.3"," ,0","","","      365"," ,0","     11.61","0","     18.96","0","      4.27","0","","","","","","","","","","","","","","","","","","","","","","","",""
"USW00023066","1905","39.13437","-108.54081","1470.4","GRAND JUNCTION WALKER FIELD, CO US","","","    613.5","","     613.5","0","        73","0","        30","0","         1","0","       29","","         8","0","         8","0","       132","0","        33","0","       153","0","        60","0","","","","","","","  -25.6","0,0214, ","   229"," ,0,0211, ","   188"," ,0,0211, ","  25.7"," ,0,0503, ","   36.7","0,0822, ","-1.1","0,1009","-4.4","0,1019","-4.4","0,1019","-6.7","0,1126","-12.2","0,1202","0.0","0,0503","-2.8","0,0328","-5.0","0,0221","-10.6","0,0218","-10.6","0,0218","    3168.1","1","    3168.1","0","    260.6"," ,0","","","      913"," ,0","     10.99","0","     17.69","0","      4.30","0","","","","","","","","","","","","","","","","","","","","","","","",""
"USW00023066","1906","39.13437","-108.54081","1470.4","GRAND JUNCTION WALKER FIELD, CO US","","","    486.3","","     486.3","0","        79","0","        31","0","         1","0","       13","","         6","0","         0","0","       122","0","        12","0","       162","0","        38","0","","","","","","","  -17.2","0,0109, ","    51"," ,0,1122,+","    97"," ,0,1122, ","  46.5"," ,0,0524, ","   37.2","0,0722, ","-0.6","0,1018","-2.8","0,1023","-6.7","0,1118","-6.7","0,1118","-10.6","0,1120","-0.6","0,0403","-4.4","0,0320","-4.4","0,0320","-10.0","0,0319","-10.0","0,0319","    3143.1","1","    3143.1","0","    295.4"," ,0","","","      457"," ,0","     11.51","0","     18.37","0","      4.64","0","","","","","","","","","","","","","","","","","","","","","","","",""
"USW00023066","1907","39.13437","-108.54081","1470.4","GRAND JUNCTION WALKER FIELD, CO US","","","    474.7","","     474.7","0","        75","0","        27","0","         1","0","        3","","         4","0","         0","0","       111","0","         5","0","       165","0","        35","0","","","","","","","  -15.6","0,1230, ","    51"," ,0,1229,+","   107"," ,0,0228, ","  29.2"," ,0,1006, ","   36.7","0,0707,+","-2.2","0,1106","-2.2","0,1106","-5.6","0,1112","-6.7","0,1113","-9.4","0,1204","-1.7","0,0514","-2.8","0,0329","-4.4","0,0228","-6.7","0,0123","-11.1","0,0103","    2676.8","8","    2676.8","0","    236.8"," ,0","","","      270"," ,0","     12.30","0","     19.10","0","      5.49","0","","","","","","","","","","","","","","","","","","","","","","","",""
"USW00023066","1908","39.13437","-108.54081","1470.4","GRAND JUNCTION WALKER FIELD, CO US","","","    524.0","","     524.0","0","        64","0","        33","0","         2","0","       32","","        11","0","         7","0","       151","0","        19","0","       160","0","        48","0","","","","","","","  -21.1","0,1220, ","   152"," ,0,1215, ","   140"," ,0,1215, ","  34.3"," ,0,1018, ","   36.7","0,0804, ","-2.2","0,0927","-2.2","0,0927","-4.4","0,1111","-6.7","0,1117","-8.9","0,1214","0.0","0,0505","-2.8","0,0402","-5.0","0,0321","-8.9","0,0219","-8.9","0,0219","    3030.3","3","    3030.3","0","    260.5"," ,0","","","      564"," ,0","     10.54","0","     17.50","0","      3.57","0","","","","","","","","","","","","","","","","","","","","","","","",""
"USW00023066","1909","39.13437","-108.54081","1470.4","GRAND JUNCTION WALKER FIELD, CO US","","","    591.4","","     591.4","0","        71","0","        24","0","         0","0","       17","","         2","0","         7","0","       142","0","        33","0","       163","0","        47","0","","","","","","","  -26.1","0,1225, ","   152"," ,0,1225,+","   152"," ,0,1223, ","  13.7"," ,0,0122, ","   37.8","0,0702, ","-1.1","0,1009","-2.2","0,1031","-6.7","0,1116","-6.7","0,1116","-9.4","0,1206","-1.7","0,0501","-2.2","0,0430","-6.1","0,0408","-7.2","0,0406","-8.9","0,0206","    3297.6","6","    3297.6","0","    177.8"," ,0","","","      353"," ,0","     10.90","0","     17.58","0","      4.23","0","","","","","","","","","","","","","","","","","","","","","","","",""
"USW00023066","1910","39.13437","-108.54081","1470.4","GRAND JUNCTION WALKER FIELD, CO US","","","    750.6","","     750.6","0","        59","0","        22","0","         0","0","       26","","         6","0","         7","0","       123","0","        23","0","       181","0","        71","0","","","","","","","  -23.3","0,0108,+","   102"," ,0,1231,+","   102"," ,0,0103, ","  15.5"," ,0,0727, ","   38.3","0,0722, ","-1.7","0,1020","-2.8","0,1029","-5.6","0,1205","-6.7","0,1218","-13.9","0,1222","-0.6","0,0417","-3.3","0,0416","-6.7","0,0222","-6.7","0,0222","-9.4","0,0218","    3186.7","7","    3186.7","0","    193.8"," ,0","","","      444"," ,0","     12.39","0","     19.48","0","      5.31","0","","","","","","","","","","","","","","","","","","","","","","","",""
"USW00023066","1911","39.13437","-108.54081","1470.4","GRAND JUNCTION WALKER FIELD, CO US","","","    553.7","","     553.7","0","        82","0","        27","0","         1","0","       17","","         7","0","         8","0","       119","0","        18","0","       162","0","        37","0","","","","","","","  -22.2","0,0104, ","   102"," ,0,0107,+","    91"," ,0,0228, ","  26.2"," ,0,1005, ","   36.1","0,0817, ","-1.1","0,1019","-5.0","0,1021","-5.0","0,1021","-9.4","0,1111","-9.4","0,1111","-1.1","0,0417","-2.8","0,0415","-5.0","0,0413","-16.7","0,0109","-16.7","0,0109","    2748.6","6","    2748.6","0","    215.0"," ,0","","","      492"," ,0","     11.46","0","     18.12","0","      4.79","0","","","","","","","","","","","","","","","","","","","","","","","",""
"USW00023066","1912","39.13437","-108.54081","1470.4","GRAND JUNCTION WALKER FIELD, CO US","","","    469.3","","     469.3","0","        81","0","        25","0","         1","0","       16","","         4","0","         6","0","       147","0","        30","0","       142","0","        35","0","","","","","","","  -22.2","0,0103, ","    76"," ,0,0108, ","    81"," ,0,0108, ","  28.4"," ,0,0608, ","   36.1","0,0826, ","0.0","0,1006","-3.3","0,1101","-5.6","0,1119","-7.2","0,1126","-8.9","0,1201","-0.6","0,0423","-2.8","0,0414","-6.1","0,0229","-6.7","0,0228","-8.9","0,0203","    3441.5","5","    3441.5","0","    230.0"," ,0","","","      343"," ,0","      9.94","0","     16.74","0","      3.13","0","","","","","","","","","","","","","","","","","","","","","","","",""
"USW00023066","1913","39.13437","-108.54081","1470.4","GRAND JUNCTION WALKER FIELD, CO US","","","    602.7","","     602.7","0","        79","0","        22","0","         0","0","       38","","        13","0","        14","0","       135","0","        36","0","       163","0","        52","0","","","","","","","  -28.3","0,0107, ","   127"," ,0,1231, ","   102"," ,0,1223, ","  24.1"," ,0,0922, ","   37.8","0,0707,+","0.0","0,1006","-3.9","0,1026","-4.4","0,1122","-6.7","0,1212","-11.1","0,1219","-1.7","0,0424","-2.8","0,0328","-4.4","0,0327","-7.8","0,0315","-9.4","0,0222","    3589.1","1","    3589.1","0","    185.1"," ,0","","","      860"," ,0","     10.56","0","     17.27","0","      3.84","0","","","","","","","","","","","","","","","","","","","","","","","",""
"USW00023066","1914","39.13437","-108.54081","1470.4","GRAND JUNCTION WALKER FIELD, CO US","","","    552.4","","     552.4","0","        90","0","        30","0","         0","0","       20","","         4","0","         4","0","       123","0","        31","0","       157","0","        32","0","","","","","","","  -22.2","0,0112, ","   102"," ,0,0103,+","    46"," ,0,1219,+","  24.6"," ,0,1003, ","   35.6","0,0816,+","-0.6","0,1109","-2.8","0,1111","-6.1","0,1115","-6.7","0,1118","-9.4","0,1212","-2.2","0,0323","-2.2","0,0323","-5.6","0,0322","-6.7","0,0321","-8.9","0,0208","    3200.2","2","    3200.2","0","    249.4"," ,0","","","      345"," ,0","     11.27","0","     17.70","0","      4.84","0","","","","","","","","","","","","","","","","","","","","","","","",""
"USW00023066","1915","39.13437","-108.54081","1470.4","GRAND JUNCTION WALKER FIELD, CO US","","","    545.2","","     545.2","0","        77","0","        28","0","         0","0","       25","","         7","0","         4","0","       130","0","        29","0","       160","0","        45","0","","","","","","","  -20.0","0,0124, ","   254"," ,0,1231, ","   140"," ,0,1231, ","  20.6"," ,0,0925, ","   36.1","0,0711, ","0.0","0,1102","-3.3","0,1111","-4.4","0,1112","-6.7","0,1113","-8.9","0,1114","0.0","0,0503","-2.2","0,0322","-4.4","0,0219","-6.7","0,0210","-8.9","0,0209","    3210.5","5","    3210.5","0","    215.4"," ,0","","","      728"," ,0","     11.04","0","     17.64","0","      4.44","0","","","","","","","","","","","","","","","","","","","","","","","",""
"USW00023066","1916","39.13437","-108.54081","1470.4","GRAND JUNCTION WALKER FIELD, CO US","","","    508.5","","     508.5","0","        77","0","        31","0","         0","0","       55","","        13","0","         6","0","       144","0","        39","0","       157","0","        31","0","","","","","","","  -22.8","0,0201, ","   254"," ,0,0101, ","   112"," ,0,0301, ","  19.8"," ,0,0520, ","   36.7","0,0705, ","-1.7","0,1019","-3.3","0,1108","-5.0","0,1110","-12.2","0,1112","-12.2","0,1112","0.0","0,0515","-2.8","0,0420","-8.9","0,0303","-8.9","0,0303","-8.9","0,0303","    3187.7","7","    3187.7","0","    248.1"," ,0","","","      893"," ,0","     10.46","0","     17.27","0","      3.64","0","","","","","","","","","","","","","","","","","","","","","","","",""
"USW00023066","1917","39.13437","-108.54081","1470.4","GRAND JUNCTION WALKER FIELD, CO US","","","    593.2","","     593.2","0","        70","0","        22","0","         0","0","       29","","        10","0","        17","0","       153","0","        32","0","       152","0","        58","0","","","","","","","  -26.1","0,0202, ","   152"," ,0,0121, ","    86"," ,0,0117, ","  16.3"," ,0,0911, ","   37.2","0,0722,+","-0.6","0,1017","-3.9","0,1018","-8.9","0,1029","-8.9","0,1029","-8.9","0,1029","0.0","0,0505","-2.8","0,0407","-5.6","0,0404","-8.9","0,0326","-8.9","0,0326","    3919.9","9","    3919.9","0","    153.1"," ,0","","","      581"," ,0","     10.06","0","     17.10","0","      3.02","0","","","","","","","","","","","","","","","","","","","","","","","",""
"USW00023066","1918","39.13437","-108.54081","1470.4","GRAND JUNCTION WALKER FIELD, CO US","","","    610.4","","     610.4","0","        81","0","        26","0","         1","0","       49","","        13","0","         1","0","       136","0","        32","0","       169","0","        47","0","","","","","","","  -18.3","0,0203, ","   127"," ,0,0126, ","    89"," ,0,0113, ","  25.9"," ,0,0306, ","   38.3","0,0611, ","-1.1","0,1026","-2.2","0,1027","-4.4","0,1108","-8.9","0,1123","-8.9","0,1123","0.0","0,0512","-2.8","0,0420","-4.4","0,0226","-8.9","0,0216","-8.9","0,0216","    3006.1","1","    3006.1","0","    229.4"," ,0","","","      777"," ,0","     11.21","0","     17.82","0","      4.60","0","","","","","","","","","","","","","","","","","","","","","","","",""
"USW00023066","1919","39.13437","-108.54081","1470.4","GRAND JUNCTION WALKER FIELD, CO US","","","    768.3","","     768.3","0","        67","0","        23","0","         1","0","       58","","        12","0","        21","0","       145","0","        42","0","       162","0","        68","0","","","","","","","  -28.9","0,1209, ","   457"," ,0,1127, ","   356"," ,0,1127, ","  27.4"," ,0,1126, ","   37.8","0,0727, ","-2.2","0,1020","-2.2","0,1020","-4.4","0,1028","-6.7","0,1115","-10.0","0,1126","0.0","0,0416","-3.9","0,0317","-4.4","0,0316","-10.0","0,0306","-10.0","0,0306","    3231.2","2","    3231.2","0","    207.3"," ,0","","","     1296"," ,0","     10.70","0","     17.78","0","      3.62","0","","","","","","","","","","","","","","","","","","","","","","","",""
"USW00023066","1920","39.13437","-108.54081","1470.4","GRAND JUNCTION WALKER FIELD, CO US","","","    520.9","","     520.9","0","        82","0","        34","0","         0","0","       44","","        10","0","        11","0","       151","0","        37","0","       161","0","        39","0","","","","","","","  -25.6","0,0109, ","   102"," ,0,0113,+","   107"," ,0,0107, ","  11.4"," ,0,0803,+","   37.2","0,0720, ","0.0","0,1020","-2.2","0,1103","-6.7","0,1128","-6.7","0,1128","-10.0","0,1212","-1.1","0,0426","-3.3","0,0422","-7.8","0,0404","-7.8","0,0404","-10.0","0,0401","    3747.9","9","    3747.9","0","    236.5"," ,0","","","      817"," ,0","     10.19","0","     16.66","0","      3.71","0","","","","","","","","","","","","","","","","","","","","","","","",""
"USW00023066","1921","39.13437","-108.54081","1470.4","GRAND JUNCTION WALKER FIELD, CO US","","","    557.1","","     557.1","0","        81","0","        32","0","         1","0","        1","","         3","0","         0","0","       122","0","         4","0","       172","0","        46","0","","","","","","","  -15.0","0,0101, ","    25"," ,0,1218, ","    58"," ,0,0206, ","  36.3"," ,0,0824, ","   36.7","0,0720,+","0.0","0,1026","-2.8","0,1028","-5.6","0,1112","-6.7","0,1119","-8.9","0,1216","-0.6","0,0427","-5.0","0,0408","-5.0","0,0408","-7.8","0,0216","-8.9","0,0207","    3047.5","5","    3047.5","0","    270.1"," ,0","","","      188"," ,0","     12.40","0","     19.29","0","      5.51","0","","","","","","","","","","","","","","","","","","","","","","","",""
"USW00023066","1922","39.13437","-108.54081","1470.4","GRAND JUNCTION WALKER FIELD, CO US","","","    703.8","","     703.8","0","        83","0","        24","0","         0","0","       13","","         7","0","         2","0","       137","0","        15","0","       169","0","        60","0","","","","","","","  -21.7","0,0206, ","   102"," ,0,0206,+","   102"," ,0,0131, ","  17.8"," ,0,0822, ","   38.9","0,0715, ","-1.7","0,1022","-2.2","0,1031","-4.4","0,1106","-6.7","0,1114","-8.9","0,1226","-0.6","0,0419","-5.6","0,0418","-5.6","0,0418","-6.7","0,0309","-10.0","0,0306","    2986.9","9","    2986.9","0","    176.1"," ,0","","","      481"," ,0","     11.68","0","     18.54","0","      4.82","0","","","","","","","","","","","","","","","","","","","","","","","",""
"USW00023066","1923","39.13437","-108.54081","1470.4","GRAND JUNCTION WALKER FIELD, CO US","","","    547.4","","     547.4","0","        69","0","        34","0","         0","0","        8","","         9","0","         0","0","       142","0","         9","0","       148","0","        39","0","","","","","","","  -16.1","0,0128, ","   102"," ,0,1230, ","   127"," ,0,0304, ","  17.0"," ,0,1110, ","   37.2","0,0730, ","0.0","0,1015","-2.2","0,1102","-5.0","0,1119","-6.7","0,1129","-9.4","0,1210","0.0","0,0404","-2.2","0,0327","-4.4","0,0323","-10.6","0,0322","-10.6","0,0322","    2901.2","2","    2901.2","0","    248.8"," ,0","","","      779"," ,0","     11.25","0","     18.03","0","      4.47","0","","","","","","","","","","","","","","","","","","","","","","","",""
"USW00023066","1924","39.13437","-108.54081","1470.4","GRAND JUNCTION WALKER FIELD, CO US","","","    639.7","","     639.7","0","        70","0","        30","0","         0","0","       44","","        13","0","        12","0","       147","0","        37","0","       157","0","        68","0","","","","","","","  -29.4","0,1226, ","   178"," ,0,1231, ","   127"," ,0,0316, ","  15.5"," ,0,1007, ","   36.7","0,0904, ","0.0","0,1012","-2.2","0,1101","-5.6","0,1111","-8.3","0,1126","-8.9","0,1201","-0.6","0,0425","-4.4","0,0401","-4.4","0,0401","-7.2","0,0331","-10.0","0,0131","    3352.4","4","    3352.4","0","    248.5"," ,0","","","      731"," ,0","     10.56","0","     17.68","0","      3.44","0","","","","","","","","","","","","","","","","","","","","","","","",""
"USW00023066","1925","39.13437","-108.54081","1470.4","GRAND JUNCTION WALKER FIELD, CO US","","","    579.4","","     579.4","0","        86","0","        32","0","         1","0","       38","","         6","0","        19","0","       133","0","        24","0","       167","0","        39","0","","","","","","","  -27.2","0,0110, ","   203"," ,0,0102,+","   107"," ,0,0209, ","  34.0"," ,0,1005, ","   40.6","0,0715, ","0.0","0,1019","-2.2","0,1025","-4.4","0,1109","-7.2","0,1121","-10.0","0,1215","0.0","0,0325","-4.4","0,0318","-4.4","0,0318","-7.2","0,0213","-12.2","0,0131","    3373.3","3","    3373.3","0","    253.4"," ,0","","","      414"," ,0","     11.14","0","     17.82","0","      4.47","0","","","","","","","","","","","","","","","","","","","","","","","",""
"USW00023066","1926","39.13437","-108.54081","1470.4","GRAND JUNCTION WALKER FIELD, CO US","","","    640.6","","     640.6","0","        84","0","        28","0","         0","0","        3","","         6","0","         0","0","       129","0","        12","0","       176","0","        53","0","","","","","","","  -15.0","0,1226, ","    25"," ,0,1214,+","    51"," ,0,0215, ","  18.5"," ,0,0527, ","   37.8","0,0627, ","0.0","0,1024","-2.2","0,1101","-5.6","0,1110","-7.8","0,1117","-10.0","0,1213","-1.7","0,0401","-2.2","0,0331","-5.6","0,0330","-8.3","0,0129","-10.6","0,0128","    2891.1","1","    2891.1","0","    234.7"," ,0","","","      259"," ,0","     12.26","0","     19.16","0","      5.37","0","","","","","","","","","","","","","","","","","","","","","","","",""
"USW00023066","1927","39.13437","-108.54081","1470.4","GRAND JUNCTION WALKER FIELD, CO US","","","    518.1","","     518.1","0","       100","0","        48","0","         0","0","       11","","        10","0","         1","0","       130","0","        13","0","       167","0","        34","0","","","","","","","  -18.9","0,1231, ","   102"," ,0,1231,+","   102"," ,0,0122, ","  20.6"," ,0,0912, ","   37.2","0,0717,+","-0.6","0,1105","-3.9","0,1123","-4.4","0,1124","-7.8","0,1206","-10.6","0,1207","-1.1","0,0415","-2.2","0,0322","-8.3","0,0321","-8.3","0,0321","-11.1","0,0202","    2977.0","0","    2977.0","0","    349.4"," ,0","","","      745"," ,0","     11.40","0","     17.97","0","      4.83","0","","","","","","","","","","","","","","","","","","","","","","","",""
"USW00023066","1928","39.13437","-108.54081","1470.4","GRAND JUNCTION WALKER FIELD, CO US","","","    586.6","","     586.6","0","        85","0","        32","0","         1","0","       21","","         5","0","         2","0","       123","0","        10","0","       166","0","        48","0","","","","","","","  -18.9","0,1218, ","   203"," ,0,1214, ","   188"," ,0,1214, ","  31.8"," ,0,1013, ","   36.1","0,0819,+","0.0","0,1101","-2.8","0,1112","-4.4","0,1119","-12.2","0,1201","-12.2","0,1201","-0.6","0,0422","-5.0","0,0409","-5.0","0,0409","-7.2","0,0408","-8.9","0,0217","    2988.8","8","    2988.8","0","    292.3"," ,0","","","      489"," ,0","     11.65","0","     18.51","0","      4.80","0","","","","","","","","","","","","","","","","","","","","","","","",""
"USW00023066","1929","39.13437","-108.54081","1470.4","GRAND JUNCTION WALKER FIELD, CO US","","","    591.8","","     591.8","0","        92","0","        34","0","         0","0","       46","","        10","0","        16","0","       153","0","        35","0","       161","0","        49","0","","","","","","","  -24.4","0,0210, ","   102"," ,0,0215,+","   124"," ,0,0207, ","  16.0"," ,0,1107, ","   38.3","0,0628, ","-1.7","0,1023","-3.9","0,1101","-5.0","0,1105","-6.7","0,1114","-10.6","0,1122","-0.6","0,0412","-4.4","0,0410","-4.4","0,0410","-8.3","0,0301","-12.2","0,0220","    3497.2","2","    3497.2","0","    277.8"," ,0","","","      754"," ,0","     10.21","0","     16.96","0","      3.46","0","","","","","","","","","","","","","","","","","","","","","","","",""
"USW00023066","1930","39.13437","-108.54081","1470.4","GRAND JUNCTION WALKER FIELD, CO US","","","    624.1","","     624.1","0","        90","0","        34","0","         0","0","       42","","        14","0","         6","0","       136","0","        33","0","       161","0","        47","0","","","","","","","  -27.8","0,0122, ","   254"," ,0,0127,+","   102"," ,0,1118,+","  18.0"," ,0,0517, ","   38.3","0,0705, ","-1.1","0,1017","-2.2","0,1106","-4.4","0,1110","-6.7","0,1120","-9.4","0,1122","-1.1","0,0510","-5.6","0,0328","-5.6","0,0328","-7.8","0,0301","-13.3","0,0210","    3260.3","3","    3260.3","0","    241.8"," ,0","","","      835"," ,0","     10.88","0","     17.78","0","      3.98","0","","","","","","","","","","","","","","","","","","","","","","","",""
"USW00023066","1931","39.13437","-108.54081","1470.4","GRAND JUNCTION WALKER FIELD, CO US","","","    778.6","","     778.6","0","        73","0","        32","0","         0","0","       30","","         7","0","         6","0","       134","0","        29","0","       170","0","        73","0","","","","","","","  -22.8","0,1216, ","   102"," ,0,1124,+","    64"," ,0,1121,+","  21.6"," ,0,1002, ","   40.0","0,0726,+","-1.1","0,1027","-3.9","0,1117","-8.3","0,1121","-8.3","0,1121","-13.9","0,1123","-2.8","0,0404","-2.8","0,0404","-8.9","0,0327","-8.9","0,0327","-8.9","0,0327","    3135.5","5","    3135.5","0","    238.9"," ,0","","","      401"," ,0","     11.75","0","     18.67","0","      4.82","0","","","","","","","","","","","","","","","","","","","","","","","",""
"USW00023066","1932","39.13437","-108.54081","1470.4","GRAND JUNCTION WALKER FIELD, CO US","","","    602.5","","     602.5","0","        79","0","        21","0","         0","0","       30","","         7","0","         5","0","       143","0","        45","0","       172","0","        54","0","","","","","","","  -18.3","0,0126, ","   102"," ,0,1229,+","    66"," ,0,1220, ","  19.1"," ,0,0427, ","   38.9","0,0707, ","-1.7","0,1019","-3.9","0,1025","-5.0","0,1101","-9.4","0,1111","-9.4","0,1111","-0.6","0,0409","-3.3","0,0330","-6.7","0,0313","-6.7","0,0313","-8.9","0,0312","    3299.1","1","    3299.1","0","    193.2"," ,0","","","      442"," ,0","     10.96","0","     17.89","0","      4.02","0","","","","","","","","","","","","","","","","","","","","","","","",""
"USW00023066","1933","39.13437","-108.54081","1470.4","GRAND JUNCTION WALKER FIELD, CO US","","","    798.5","","     798.5","0","        77","0","        24","0","         0","0","       46","","         5","0","        23","0","       143","0","        38","0","       168","0","        71","0","","","","","","","  -29.4","0,0208, ","   102"," ,0,0203,+","    46"," ,0,0201, ","  13.7"," ,0,0909, ","   38.9","0,0713, ","0.0","0,1102","-5.0","0,1104","-5.0","0,1104","-6.7","0,1207","-10.0","0,1216","0.0","0,0420","-6.1","0,0414","-6.1","0,0414","-13.3","0,0223","-13.3","0,0223","    3736.6","6","    3736.6","0","    166.1"," ,0","","","      335"," ,0","     11.12","0","     18.41","0","      3.83","0","","","","","","","","","","","","","","","","","","","","","","","",""
"USW00023066","1934","39.13437","-108.54081","1470.4","GRAND JUNCTION WALKER FIELD, CO US","","","    829.4","","     829.4","0","        60","0","        30","0","         0","0","        3","","         5","0","         0","0","        95","0","         0","0","       200","0","        70","0","","","","","","","   -8.9","0,0112,+","    51"," ,0,0104, ","    58"," ,0,0104, ","  23.1"," ,0,0502, ","   39.4","0,0729,+","-0.6","0,1024","-3.3","0,1103","-6.7","0,1127","-6.7","0,1127","","","-0.6","0,0406","-2.8","0,0318","-4.4","0,0126","-7.8","0,0114","-8.9","0,0112","    2336.9","9","    2336.9","0","    206.0"," ,0","","","      221"," ,0","     14.09","0","     21.30","0","      6.88","0","","","","","","","","","","","","","","","","","","","","","","","",""
"USW00023066","1935","39.13437","-108.54081","1470.4","GRAND JUNCTION WALKER FIELD, CO US","","","    724.7","","     724.7","0","        67","0","        28","0","         0","0","        9","","         7","0","         0","0","       143","0","         6","0","       159","0","        72","0","","","","","","","  -15.0","0,0121, ","    76"," ,0,1231,+","   102"," ,0,1104, ","  10.2"," ,0,0926, ","   37.2","0,0727,+","-0.6","0,1017","-4.4","0,1022","-4.4","0,1022","-6.7","0,1121","-8.9","0,1216","-0.6","0,0411","-2.2","0,0329","-6.7","0,0316","-6.7","0,0316","-10.0","0,0226","    2767.0","0","    2767.0","0","    188.3"," ,0","","","      461"," ,0","     12.27","0","     19.05","0","      5.48","0","","","","","","","","","","","","","","","","","","","","","","","",""
"USW00023066","1936","39.13437","-108.54081","1470.4","GRAND JUNCTION WALKER FIELD, CO US","","","    794.7","","     794.7","0","        77","0","        27","0","         0","0","       16","","         5","0","         0","0","       139","0","        16","0","       174","0","        68","0","","","","","","","  -16.1","0,0102, ","   102"," ,0,0110,+","    66"," ,0,0326, ","  15.5"," ,0,0711, ","   39.4","0,0620, ","-1.1","0,1025","-3.9","0,1102","-7.8","0,1103","-7.8","0,1103","-8.9","0,1203","-0.6","0,0409","-4.4","0,0406","-4.4","0,0406","-6.7","0,0402","-10.0","0,0209","    2916.5","5","    2916.5","0","    203.3"," ,0","","","      328"," ,0","     12.51","0","     19.44","0","      5.58","0","","","","","","","","","","","","","","","","","","","","","","","",""
"USW00023066","1937","39.13437","-108.54081","1470.4","GRAND JUNCTION WALKER FIELD, CO US","","","    729.1","","     729.1","0","        68","0","        28","0","         0","0","       24","","         9","0","        12","0","       124","0","        33","0","       175","0","        64","0","","","","","","","  -25.6","0,0122, ","    76"," ,0,0101, ","    97"," ,0,0101, ","  19.3"," ,0,1213, ","   37.8","0,0723,+","0.0","0,1019","-3.3","0,1126","-6.1","0,1127","-7.2","0,1128","-11.1","0,1225","-0.6","0,0423","-2.8","0,0324","-6.1","0,0223","-8.3","0,0221","-11.7","0,0211","    3288.3","3","    3288.3","0","    220.3"," ,0","","","      521"," ,0","     11.71","0","     18.49","0","      4.94","0","","","","","","","","","","","","","","","","","","","","","","","",""
"USW00023066","1938","39.13437","-108.54081","1470.4","GRAND JUNCTION WALKER FIELD, CO US","","","    658.6","","     658.6","0","        79","0","        28","0","         1","0","        8","","         5","0","         0","0","       130","0","         8","0","       172","0","        50","0","","","","","","","  -15.0","0,1229, ","   102"," ,0,1216, ","   127"," ,0,1216, ","  39.6"," ,0,0902, ","   38.9","0,0801, ","0.0","0,1021","-3.9","0,1105","-5.6","0,1106","-8.9","0,1107","-8.9","0,1107","-1.1","0,0410","-2.2","0,0408","-5.0","0,0407","-9.4","0,0218","-9.4","0,0218","    2720.3","3","    2720.3","0","    236.1"," ,0","","","      391"," ,0","     11.95","0","     18.47","0","      5.43","0","","","","","","","","","","","","","","","","","","","","","","","",""
"USW00023066","1939","39.13437","-108.54081","1470.4","GRAND JUNCTION WALKER FIELD, CO US","","","    707.8","","     707.8","0","        53","0","        27","0","         0","0","       39","","         9","0","         1","0","       133","0","        18","0","       186","0","        64","0","","","","","","","  -20.0","0,0202, ","    76"," ,0,0207, ","    61"," ,0,0304, ","  19.1"," ,0,0905, ","   40.0","0,0712, ","0.0","0,1028","-2.8","0,1116","-5.6","0,1125","-7.2","0,1219","-9.4","0,1220","0.0","0,0418","-2.2","0,0406","-8.9","0,0307","-8.9","0,0307","-8.9","0,0307","    3192.7","7","    3192.7","0","    192.7"," ,0","","","      520"," ,0","     12.07","0","     19.18","0","      4.96","0","","","","","","","","","","","","","","","","","","","","","","","",""
"USW00023066","1940","39.13437","-108.54081","1470.4","GRAND JUNCTION WALKER FIELD, CO US","","","    813.1","","     813.1","0","        84","0","        36","0","         0","0","       30","","         8","0","         1","0","       115","0","        20","0","       183","0","        66","0","","","","","","","  -19.4","0,1215, ","   102"," ,0,1215,+","   145"," ,0,1212, ","  15.7"," ,0,1005, ","   39.4","0,0725,+","-1.1","0,1105","-2.2","0,1106","-5.0","0,1111","-8.3","0,1113","-10.0","0,1213","0.0","0,0321","-2.2","0,0315","-4.4","0,0314","-7.2","0,0313","-9.4","0,0125","    2619.0","0","    2619.0","0","    279.6"," ,0","","","      650"," ,0","     12.94","0","     19.33","0","      6.55","0","","","","","","","","","","","","","","","","","","","","","","","",""
"USW00023066","1941","39.13437","-108.54081","1470.4","GRAND JUNCTION WALKER FIELD, CO US","","","    564.8","","     564.8","0","       101","0","        47","0","         1","0","        2","","         3","0","         0","0","       115","0","         4","0","       142","0","        42","0","","","","","","","   -8.9","0,1123,+","    51"," ,0,1204,+","    89"," ,0,0130, ","  47.5"," ,0,0922, ","   37.2","0,0723, ","-1.7","0,1031","-2.2","0,1119","-5.6","0,1121","-6.7","0,1122","-8.9","0,1123","-1.1","0,0420","-2.2","0,0313","-6.1","0,0312","-7.2","0,0206","-8.9","0,0203","    2900.6","6","    2900.6","0","    375.9"," ,0","","","      367"," ,0","     11.90","0","     18.02","0","      5.79","0","","","","","","","","","","","","","","","","","","","","","","","",""
"USW00023066","1942","39.13437","-108.54081","1470.4","GRAND JUNCTION WALKER FIELD, CO US","","","    656.9","","     656.9","0","        60","0","        17","0","         0","0","       13","","         5","0","         7","0","       133","0","        15","0","       167","0","        60","0","","","","","","","  -22.2","0,0105, ","    51"," ,0,0225,+","    91"," ,0,0214, ","  24.4"," ,0,0717, ","   38.3","0,0713, ","-1.1","0,1027","-2.8","0,1030","-5.0","0,1114","-6.7","0,1129","-8.9","0,1206","-0.6","0,0330","-3.3","0,0328","-5.0","0,0327","-6.7","0,0307","-11.1","0,0226","    3130.1","1","    3130.1","0","    165.0"," ,0","","","      363"," ,0","     11.78","0","     18.72","0","      4.84","0","","","","","","","","","","","","","","","","","","","","","","","",""
"USW00023066","1943","39.13437","-108.54081","1470.4","GRAND JUNCTION WALKER FIELD, CO US","","","    672.9","","     672.9","0","        66","0","        23","0","         0","0","        3","","         4","0","         0","0","       125","0","         4","0","       186","0","        48","0","","","","","","","  -16.1","0,0119, ","    51"," ,0,0318,+","    81"," ,0,0318, ","  16.5"," ,0,0318, ","   37.8","0,0710,+","-0.6","0,1031","-2.2","0,1102","-6.7","0,1107","-6.7","0,1107","","","-0.6","0,0411","-5.6","0,0321","-5.6","0,0321","-7.2","0,0319","-12.2","0,0210","    2659.9","9","    2659.9","0","    191.4"," ,0","","","      308"," ,0","     12.87","0","     19.78","0","      5.96","0","","","","","","","","","","","","","","","","","","","","","","","",""
"USW00023066","1944","39.13437","-108.54081","1470.4","GRAND JUNCTION WALKER FIELD, CO US","","","    601.8","","     601.8","0","        77","0","        20","0","         0","0","        5","","         4","0","         1","0","       134","0","         9","0","       166","0","        55","0","","","","","","","  -17.8","0,0109, ","    51"," ,0,0226, ","    89"," ,0,0305, ","  16.5"," ,0,0428, ","   36.7","0,0814, ","-1.7","0,1110","-3.3","0,1115","-7.8","0,1126","-7.8","0,1126","-10.0","0,1210","-1.1","0,0423","-2.8","0,0415","-5.0","0,0330","-6.7","0,0329","-10.0","0,0328","    3040.9","9","    3040.9","0","    182.8"," ,0","","","      384"," ,0","     11.68","0","     18.40","0","      4.96","0","","","","","","","","","","","","","","","","","","","","","","","",""
"USW00023066","1945","39.13437","-108.54081","1470.4","GRAND JUNCTION WALKER FIELD, CO US","","","    582.5","","     582.5","0","        81","0","        24","0","         0","0","        6","","         5","0","         2","0","       140","0","        13","0","       163","0","        48","0","","","","","","","  -20.6","0,1215, ","    51"," ,0,1212, ","    64"," ,0,0410,+","  22.1"," ,0,0610, ","   37.2","0,0727, ","-0.6","0,1023","-2.2","0,1024","-4.4","0,1108","-8.3","0,1121","-8.9","0,1206","0.0","0,0425","-2.8","0,0415","-9.4","0,0404","-9.4","0,0404","-9.4","0,0404","    2814.3","3","    2814.3","0","    205.3"," ,0","","","      386"," ,0","     11.48","0","     18.11","0","      4.84","0","","","","","","","","","","","","","","","","","","","","","","","",""
"USW00023066","1946","39.13437","-108.54081","1470.4","GRAND JUNCTION WALKER FIELD, CO US","","","    702.1","","     702.1","0","        65","0","        26","0","         0","0","       12","","         7","0","         0","0","       149","0","         7","0","       170","0","        71","0","","","","","","","  -16.1","0,1231,+","   102"," ,0,1228, ","   104"," ,0,1228, ","  20.3"," ,0,1124, ","   38.3","0,0805, ","-1.1","0,1010","-4.4","0,1011","-4.4","0,1011","-10.6","0,1218","-10.6","0,1218","0.0","0,0501","-3.9","0,0326","-4.4","0,0322","-7.8","0,0215","-8.9","0,0214","    3061.9","9","    3061.9","0","    209.5"," ,0","","","      361"," ,0","     11.87","0","     19.17","0","      4.57","0","","","","","","","","","","","","","","","","","","","","","","","",""
"USW00023066","1947","39.13437","-108.54081","1470.4","GRAND JUNCTION WALKER FIELD, CO US","","","    594.8","","     594.8","0","        73","0","        27","0","         0","0","       50","","         7","0","         2","0","       136","0","        20","0","       167","0","        47","0","","","","","","","  -20.6","0,0116, ","    76"," ,0,0119,+","    66"," ,0,1208, ","  18.5"," ,0,1013, ","   38.3","0,0727, ","-0.6","0,1025","-2.2","0,1104","-6.1","0,1107","-9.4","0,1122","-9.4","0,1122","-1.1","0,0413","-2.8","0,0412","-4.4","0,0325","-8.3","0,0301","-13.3","0,0203","    3178.3","3","    3178.3","0","    210.2"," ,0","","","      475"," ,0","     11.20","0","     18.23","0","      4.17","0","","","","","","","","","","","","","","","","","","","","","","","",""
"USW00023066","1948","39.13437","-108.54081","1470.4","GRAND JUNCTION WALKER FIELD, CO US","","","    601.2","","     601.2","0","        80","0","        30","0","         0","0","       44","","        17","0","         3","0","       149","0","        24","0","       170","0","        64","0","        18"," ","","","        46"," ","  -23.9","0,0128, ","   254"," ,0,0211, ","   218"," ,0,0210, ","  22.6"," ,0,0808, ","   36.7","0,0727,+","0.0","0,1006","-2.8","0,1104","-4.4","0,1105","-6.7","0,1108","-9.4","0,1119","-0.6","0,0413","-3.3","0,0401","-5.0","0,0321","-12.2","0,0312","-12.2","0,0312","    3345.1","1","    3345.1","0","    255.1"," ,0","","","     1416"," ,0","     10.63","0","     17.79","0","      3.47","0","","","","","","","","","","","","","","","","","","","","","","","",""
"USW00023066","1949","39.13437","-108.54081","1470.4","GRAND JUNCTION WALKER FIELD, CO US","","","    555.4","","     555.4","0","        88","0","        31","0","         1","0","       60","","        13","0","        19","0","       141","0","        48","0","       166","0","        50","0","        20"," ","","","        55"," ","  -23.3","0,0206, ","   203"," ,0,0209,+","   109"," ,0,0328, ","  25.9"," ,0,0929, ","   37.2","0,0801,+","-0.6","0,1011","-2.8","0,1022","-4.4","0,1112","-8.3","0,1211","-11.1","0,1212","0.0","0,0415","-3.3","0,0227","-5.0","0,0224","-7.8","0,0222","-11.1","0,0220","    3526.3","3","    3526.3","0","    245.2"," ,0","","","      946"," ,0","     10.52","0","     17.54","0","      3.50","0","","","","","","","","","","","","","","","","","","","","","","","",""
"USW00023066","1950","39.13437","-108.54081","1470.4","GRAND JUNCTION WALKER FIELD, CO US","","","    505.3","","     505.3","0","        58","0","        20","0","         0","0","       24","","         8","0","         4","0","       133","0","        18","0","       181","0","        48","0","        13"," ","","","        34"," ","  -18.9","0,0108,+","   178"," ,0,0130, ","   137"," ,0,0129,+","  19.3"," ,0,0919, ","   36.1","0,0901,+","-0.6","0,1103","-9.4","0,1109","-9.4","0,1109","-9.4","0,1109","-9.4","0,1109","0.0","0,0430","-3.3","0,0404","-5.0","0,0328","-8.9","0,0313","-8.9","0,0313","    3161.7","7","    3161.7","0","    157.8"," ,0","","","      642"," ,0","     11.55","0","     18.63","0","      4.47","0","","","","","","","","","","","","","","","","","","","","","","","",""
"USW00023066","1951","39.13437","-108.54081","1470.4","GRAND JUNCTION WALKER FIELD, CO US","","","    557.5","","     557.5","0","        72","0","        26","0","         1","0","       24","","        10","0","         6","0","       143","0","        30","0","       155","0","        50","0","        18"," ","","","        38"," ","  -25.6","0,0201, ","   152"," ,0,0130, ","   155"," ,0,0129, ","  29.5"," ,0,1230, ","   36.7","0,0730,+","-0.6","0,1022","-6.7","0,1101","-6.7","0,1101","-6.7","0,1101","-10.0","0,1102","-6.7","0,0411","-6.7","0,0411","-6.7","0,0411","-6.7","0,0411","-11.7","0,0206","    2983.0","0","    2983.0","0","    214.5"," ,0","","","      815"," ,0","     10.45","0","     17.23","0","      3.68","0","","","","","","","","","","","","","     69801","0","","","","","","","","","",""
"USW00023066","1952","39.13437","-108.54081","1470.4","GRAND JUNCTION WALKER FIELD, CO US","","","    608.5","","     608.5","0","        73","0","        20","0","         0","0","       17","","         8","0","         0","0","       142","0","        35","0","       178","0","        58","0","        27"," ","","","        38"," ","  -16.1","0,0111, ","    76"," ,0,1209, ","   127"," ,0,1208, ","  16.0"," ,0,0826, ","   37.8","0,0723, ","-1.1","0,1015","-2.8","0,1109","-5.0","0,1110","-6.7","0,1124","-10.6","0,1125","-0.6","0,0402","-2.8","0,0401","-6.1","0,0325","-8.3","0,0324","-12.2","0,0323","    3398.3","3","    3398.3","0","    148.1"," ,0","","","      618"," ,0","     11.17","0","     17.84","0","      4.51","0","","","","","","","","","","","","","     66427","0","","","","","","","","","",""
"USW00023066","1953","39.13437","-108.54081","1470.4","GRAND JUNCTION WALKER FIELD, CO US","","","    626.4","","     626.4","0","        77","0","        24","0","         1","0","        9","","         9","0","         0","0","       141","0","        12","0","       164","0","        52","0","        15"," ","","","        39"," ","  -14.4","0,0221, ","    76"," ,0,0321, ","    81"," ,0,0330, ","  30.7"," ,0,0801, ","   38.3","0,0704, ","0.0","0,1024","-5.0","0,1119","-5.0","0,1119","-6.7","0,1120","-9.4","0,1205","-0.6","0,0511","-2.2","0,0415","-8.3","0,0321","-8.3","0,0321","-9.4","0,0304","    3107.5","5","    3107.5","0","    235.0"," ,0","","","      612"," ,0","     11.63","0","     18.47","0","      4.79","0","","","","","","","","","","","","","","","","","","","","","","","",""
"USW00023066","1954","39.13437","-108.54081","1470.4","GRAND JUNCTION WALKER FIELD, CO US","","","    651.5","","     651.5","0","        66","0","        32","0","         0","0","       17","","         5","0","         0","0","       134","0","        12","0","       180","0","        53","0","        15"," ","","","        50"," ","  -15.0","0,1230, ","   203"," ,0,1130, ","   206"," ,0,1129, ","  16.8"," ,0,1129, ","   38.9","0,0623, ","-0.6","0,1026","-3.9","0,1027","-4.4","0,1128","-9.4","0,1130","-9.4","0,1130","0.0","0,0408","-5.6","0,0331","-5.6","0,0331","-8.3","0,0314","-9.4","0,0303","    2794.9","9","    2794.9","0","    237.3"," ,0","","","      439"," ,0","     12.34","0","     19.38","0","      5.31","0","","","","","","","","","","","","","     74870","0","","","","","","","","","",""
"USW00023066","1955","39.13437","-108.54081","1470.4","GRAND JUNCTION WALKER FIELD, CO US","","","    651.4","","     651.4","0","        62","0","        23","0","         0","0","       38","","        11","0","         2","0","       151","0","        38","0","       167","0","        62","0","        25"," ","","","        31"," ","  -19.4","0,0220, ","    76"," ,0,0204, ","   140"," ,0,0411, ","  18.3"," ,0,0411, ","   37.2","0,0714, ","0.0","0,1007","-2.8","0,1028","-4.4","0,1029","-7.2","0,1102","-11.7","0,1115","-1.1","0,0428","-3.3","0,0405","-6.1","0,0404","-6.7","0,0327","-12.8","0,0321","    3469.3","3","    3469.3","0","    172.4"," ,0","","","      839"," ,0","     10.68","0","     17.29","0","      4.07","0","","","","","","","","","","","","","     66225","0","","","","","","","","","",""
"USW00023066","1956","39.13437","-108.54081","1470.4","GRAND JUNCTION WALKER FIELD, CO US","","","    666.9","","     666.9","0","        47","0","        14","0","         0","0","       32","","        10","0","         2","0","       144","0","        18","0","       183","0","        65","0","        19"," ","","","        32"," ","  -18.9","0,1210, ","   102"," ,0,1218,+","   135"," ,0,0216, ","  16.3"," ,0,0116, ","   36.7","0,0613, ","0.0","0,1024","-3.9","0,1102","-6.1","0,1103","-7.2","0,1104","-8.9","0,1115","-1.1","0,0409","-3.3","0,0406","-4.4","0,0329","-7.2","0,0328","-8.9","0,0315","    2858.0","0","    2858.0","0","    112.6"," ,0","","","      649"," ,0","     11.79","0","     18.92","0","      4.67","0","","","","","","","","","","","","","","","","","","","","","","","",""
"USW00023066","1957","39.13437","-108.54081","1470.4","GRAND JUNCTION WALKER FIELD, CO US","","","    484.9","","     484.9","0","       116","0","        49","0","         0","0","       52","","        13","0","         6","0","       123","0","        22","0","       146","0","        39","0","        52"," ","","","        45"," ","  -20.6","0,0206, ","   406"," ,0,0127, ","   193"," ,0,0126, ","  17.0"," ,0,1013, ","   36.7","0,0802,+","0.0","0,1106","-2.2","0,1115","-4.4","0,1117","-10.0","0,1122","-10.0","0,1122","-0.6","0,0426","-2.8","0,0408","-5.0","0,0324","-7.2","0,0212","-18.9","0,0207","    3399.7","7","    3399.7","0","    399.1"," ,0","","","     1196"," ,0","     10.50","0","     16.51","0","      4.48","0","","","","","","","","","","","","","","","","","","","","","","","",""
"USW00023066","1958","39.13437","-108.54081","1470.4","GRAND JUNCTION WALKER FIELD, CO US","","","    762.8","","     762.8","0","        62","0","        19","0","         0","0","       10","","         7","0","         0","0","       126","0","         4","0","       172","0","        71","0","        21"," ","","","        24"," ","  -12.2","0,0123,+","    51"," ,0,0213,+","    64"," ,0,0111, ","  17.3"," ,0,0821, ","   38.9","0,0712, ","-2.2","0,1021","-2.2","0,1021","-6.7","0,1117","-6.7","0,1117","-10.6","0,1230","-0.6","0,0426","-2.2","0,0401","-7.2","0,0310","-7.2","0,0310","-12.2","0,0123","    3023.3","3","    3023.3","0","    161.0"," ,0","","","      389"," ,0","     12.59","0","     19.44","0","      5.74","0","","","","","","","","","","","","","     62741","0","","","","","","","","","",""
"USW00023066","1959","39.13437","-108.54081","1470.4","GRAND JUNCTION WALKER FIELD, CO US","","","    702.8","","     702.8","0","        67","0","        20","0","         0","0","       11","","         6","0","         0","0","       142","0","         4","0","       159","0","        69","0","        23"," ","","","        36"," ","  -15.6","0,0104, ","    51"," ,0,0210,+","    81"," ,0,0209, ","  10.7"," ,0,0209, ","   37.8","0,0724,+","0.0","0,1008","-5.0","0,1105","-5.0","0,1105","-7.2","0,1106","-8.9","0,1128","-0.6","0,0419","-2.8","0,0411","-6.7","0,0316","-6.7","0,0316","-11.7","0,0210","    2856.3","3","    2856.3","0","    158.4"," ,0","","","      445"," ,0","     11.82","0","     18.56","0","      5.08","0","","","","","","","","","","","","","","","","","","","","","","","",""
"USW00023066","1960","39.13437","-108.54081","1470.4","GRAND JUNCTION WALKER FIELD, CO US","","","    725.0","","     725.0","0","        65","0","        25","0","         0","0","       15","","         8","0","         0","0","       133","0","        22","0","       169","0","        66","0","        22"," ","","","        27"," ","  -15.6","0,0104, ","   203"," ,0,0302, ","   150"," ,0,0227, ","  11.2"," ,0,0227, ","   38.9","0,0727, ","0.0","0,1029","-3.9","0,1030","-4.4","0,1031","-6.7","0,1116","-11.1","0,1206","-2.8","0,0425","-2.8","0,0425","-6.1","0,0317","-11.1","0,0303","-11.1","0,0303","    3231.4","4","    3231.4","0","    159.0"," ,0","","","      645"," ,0","     11.76","0","     18.57","0","      4.96","0","","","","","","","","","","","","","     51989","0","","","","","","","","","",""
"USW00023066","1961","39.13437","-108.54081","1470.4","GRAND JUNCTION WALKER FIELD, CO US","","","    660.3","","     660.3","0","        65","0","        28","0","         0","0","       25","","         8","0","         2","0","       139","0","        20","0","       157","0","        61","0","        29"," ","","","        29"," ","  -19.4","0,1213, ","   127"," ,0,1219,+","    69"," ,0,0303, ","  19.1"," ,0,0825, ","   37.8","0,0716,+","-1.7","0,1023","-2.8","0,1029","-4.4","0,1104","-6.7","0,1114","-11.1","0,1209","-0.6","0,0426","-3.9","0,0415","-5.0","0,0309","-6.7","0,0307","-8.9","0,0206","    2956.0","0","    2956.0","0","    240.9"," ,0","","","      479"," ,0","     11.18","0","     18.04","0","      4.33","0","","","","","","","","","","","","","","","","","","","","","","","",""
"USW00023066","1962","39.13437","-108.54081","1470.4","GRAND JUNCTION WALKER FIELD, CO US","","","    603.1","","     603.1","0","        56","0","        21","0","         0","0","       35","","         8","0","        12","0","       124","0","        22","0","       165","0","        60","0","        12"," ","","","        29"," ","  -24.4","0,1226, ","   102"," ,0,1225,+","   107"," ,0,1224, ","  20.1"," ,0,0921, ","   37.2","0,0815,+","-3.3","0,1108","-3.3","0,1108","-5.6","0,1119","-6.7","0,1214","-11.1","0,1224","0.0","0,0430","-3.3","0,0331","-5.6","0,0316","-8.3","0,0315","-8.9","0,0314","    3360.1","1","    3360.1","0","    153.2"," ,0","","","      601"," ,0","     11.75","0","     18.81","0","      4.68","0","","","","","","","","","","","","","","","","","","","","","","","",""
"USW00023066","1963","39.13437","-108.54081","1470.4","GRAND JUNCTION WALKER FIELD, CO US","","","    654.9","","     654.9","0","        59","0","        24","0","         0","0","       55","","         7","0","        16","0","       127","0","        31","0","       186","0","        47","0","        21"," ","","","        32"," ","  -30.6","0,0113, ","   305"," ,0,0119, ","   165"," ,0,0118, ","  18.5"," ,0,0709, ","   37.8","0,0725,+","-0.6","0,1101","-3.9","0,1117","-4.4","0,1119","-6.7","0,1129","-10.6","0,1208","-1.1","0,0423","-4.4","0,0403","-4.4","0,0403","-8.9","0,0305","-8.9","0,0305","    3104.3","3","    3104.3","0","    186.7"," ,0","","","      747"," ,0","     11.71","0","     18.80","0","      4.62","0","","","","","","","","","","","","","","","","","","","","","","","",""
"USW00023066","1964","39.13437","-108.54081","1470.4","GRAND JUNCTION WALKER FIELD, CO US","","","    639.2","","     639.2","0","        71","0","        29","0","         0","0","       35","","        11","0","         1","0","       147","0","        16","0","       177","0","        61","0","        11"," ","","","        24"," ","  -19.4","0,0114, ","    51"," ,0,1219,+","   152"," ,0,1116, ","  10.9"," ,0,0812, ","   38.9","0,0720,+","-1.1","0,1024","-4.4","0,1111","-4.4","0,1111","-7.2","0,1119","-10.0","0,1207","0.0","0,0425","-3.9","0,0328","-6.7","0,0325","-6.7","0,0325","-12.2","0,0314","    3177.5","5","    3177.5","0","    175.2"," ,0","","","      736"," ,0","     11.06","0","     18.34","0","      3.79","0","","","","","","","","","","","","","","","","","","","","","","","",""
"USW00023066","1965","39.13437","-108.54081","1470.4","GRAND JUNCTION WALKER FIELD, CO US","","","    633.5","","     633.5","0","        86","0","        43","0","         1","0","       25","","        10","0","         0","0","       107","0","         9","0","       172","0","        50","0","        20"," ","         8"," ","        36"," ","  -15.6","0,0213, ","    76"," ,0,0217,+","    86"," ,0,0209, ","  26.7"," ,0,0918, ","   38.3","0,0809, ","-1.7","0,1126","-5.0","0,1128","-5.0","0,1128","-6.7","0,1216","-8.9","0,1218","-0.6","0,0414","-7.8","0,0325","-7.8","0,0325","-7.8","0,0325","-8.9","0,0320","    2968.6","6","    2968.6","0","    360.5"," ,0","      63.5","X","      681"," ,0","     12.36","0","     18.98","0","      5.75","0","   171264","X","","","","","","","","","        45","X","","","","","","","","","","","      21.9","X"
"USW00023066","1966","39.13437","-108.54081","1470.4","GRAND JUNCTION WALKER FIELD, CO US","","","    719.3","","     719.3","0","        69","0","        18","0","         0","0","       38","","         8","0","         6","0","       120","0","        15","0","       193","0","        65","0","        22"," ","         9"," ","        30"," ","  -20.6","0,0121, ","   102"," ,0,1231,+","   145"," ,0,0131, ","  24.6"," ,0,1206, ","   38.3","0,0706, ","-3.3","0,1102","-3.3","0,1102","-6.1","0,1109","-6.7","0,1209","-9.4","0,1223","0.0","0,0427","-2.8","0,0420","-5.6","0,0323","-10.0","0,0305","-10.0","0,0305","    2803.2","2","    2803.2","0","    191.7"," ,0","      73.5","X","      775"," ,0","     12.26","0","     19.62","0","      4.90","0","   199068","X","","","","","","","","","       315","X","","","","","","","","","","","      29.1","X"
"USW00023066","1967","39.13437","-108.54081","1470.4","GRAND JUNCTION WALKER FIELD, CO US","","","    578.2","","     578.2","0","        72","0","        28","0","         0","0","       53","","         8","0","         9","0","       140","0","        42","0","       173","0","        59","0","        18"," ","         7"," ","        33"," ","  -20.0","0,1224,+","   178"," ,0,1218, ","   112"," ,0,1213, ","  15.0"," ,0,0717, ","   36.7","0,0825, ","0.0","0,1016","-3.3","0,1027","-5.6","0,1102","-8.3","0,1103","-10.0","0,1127","0.0","0,0514","-4.4","0,0421","-4.4","0,0421","-7.2","0,0308","-8.9","0,0221","    2918.5","5","    2918.5","0","    195.5"," ,0","      67.6","X","      525"," ,0","     11.11","0","     18.46","0","      3.75","0","   182316","X","","","","","","","","","       270","X","","","","","","","","","","","      25.0","X"
"USW00023066","1968","39.13437","-108.54081","1470.4","GRAND JUNCTION WALKER FIELD, CO US","","","    524.9","","     524.9","0","        70","0","        26","0","         0","0","       42","","         5","0","        17","0","       153","0","        34","0","       158","0","        47","0","        32"," ","        13"," ","        32"," ","  -25.0","0,0108,+","   203"," ,0,0116,+","    79"," ,0,1226, ","  15.5"," ,0,0809, ","   38.9","0,0620, ","0.0","0,1016","-2.8","0,1017","-4.4","0,1107","-6.7","0,1108","-9.4","0,1129","-2.8","0,0507","-2.8","0,0507","-4.4","0,0414","-6.7","0,0203","-10.6","0,0126","    3524.9","9","    3524.9","0","    189.7"," ,0","      63.4","X","      347"," ,0","     10.05","0","     17.26","0","      2.84","0","   172728","X","","","","","","","","","        45","X","","","","","","","","","","","      18.8","X"
"USW00023066","1969","39.13437","-108.54081","1470.4","GRAND JUNCTION WALKER FIELD, CO US","","","    719.4","","     719.4","0","        88","0","        32","0","         1","0","       27","","         6","0","         0","0","       147","0","        15","0","       171","0","        69","0","        23"," ","         8"," ","        47"," ","  -16.7","0,0109, ","   102"," ,0,0307, ","   122"," ,0,0306, ","  27.4"," ,0,0624, ","   39.4","0,0806, ","0.0","0,1005","-2.8","0,1102","-4.4","0,1117","-7.2","0,1118","-8.9","0,1228","0.0","0,0427","-2.2","0,0426","-4.4","0,0326","-8.3","0,0315","-9.4","0,0309","    3253.6","6","    3253.6","0","    262.2"," ,0","      67.6","X","      576"," ,0","     11.68","0","     18.81","0","      4.55","0","   183516","X","","","","","","","","","       315","X","","","","","","","","","","","      21.5","X"
"USW00023066","1970","39.13437","-108.54081","1470.4","GRAND JUNCTION WALKER FIELD, CO US","","","    679.7","","     679.7","0","        70","0","        22","0","         0","0","        8","","         9","0","         0","0","       158","0","        11","0","       157","0","        69","0","        27"," ","         7"," ","        30"," ","  -16.7","0,0107, ","    25"," ,0,1229,+","   127"," ,0,0302, ","  17.8"," ,0,0610, ","   39.4","0,0626, ","0.0","0,1008","-2.8","0,1027","-5.0","0,1028","-6.7","0,1119","-10.0","0,1225","-3.3","0,0502","-3.3","0,0502","-5.6","0,0404","-6.7","0,0328","-10.0","0,0129","    3134.8","8","    3134.8","0","    211.3"," ,0","      65.5","X","      663"," ,0","     11.56","0","     18.87","0","      4.26","0","   177756","X","","","","","","","","","       225","X","","","","","","","","","","","      22.4","X"
"USW00023066","1971","39.13437","-108.54081","1470.4","GRAND JUNCTION WALKER FIELD, CO US","","","    714.9","","     714.9","0","        66","0","        23","0","         0","0","       32","","         6","0","         9","0","       147","0","        24","0","       165","0","        78","0","        21"," ","         3"," ","        21"," ","  -26.1","0,0107, ","   127"," ,0,1223,+","    99"," ,0,1128, ","  16.3"," ,0,1017, ","   40.6","0,0713, ","-0.6","0,0918","-2.8","0,1029","-5.0","0,1030","-6.7","0,1107","-10.6","0,1207","-1.1","0,0426","-5.0","0,0405","-5.0","0,0405","-8.9","0,0401","-8.9","0,0401","    3163.1","1","    3163.1","0","    153.2"," ,0","      68.8","X","      533"," ,0","     11.27","0","     18.89","0","      3.66","0","   187086","X","","","","","","","","","       270","X","","","","","","","","","","","      19.2","X"
"USW00023066","1972","39.13437","-108.54081","1470.4","GRAND JUNCTION WALKER FIELD, CO US","","","    740.8","","     740.8","0","        73","0","        26","0","         0","0","       40","","         7","0","         4","0","       133","0","        22","0","       177","0","        73","0","        20"," ","         6"," ","        30"," ","  -22.2","0,0104, ","   102"," ,0,1030, ","    94"," ,0,1204, ","  15.2"," ,0,0919, ","   40.0","0,0730, ","0.0","0,1029","-7.2","0,1030","-7.2","0,1030","-7.2","0,1030","-9.4","0,1129","-2.8","0,0501","-2.8","0,0501","-5.0","0,0331","-8.3","0,0330","-8.9","0,0215","    3067.2","2","    3067.2","0","    187.1"," ,0","      66.3","X","      527"," ,0","     11.98","0","     19.32","0","      4.64","0","   180120","X","","","","","","","","","       225","X","","","","","","","","","","","      20.1","X"
"USW00023066","1973","39.13437","-108.54081","1470.4","GRAND JUNCTION WALKER FIELD, CO US","","","    632.8","","     632.8","0","        68","0","        28","0","         0","0","       65","","        12","0","        19","0","       130","0","        34","0","       168","0","        59","0","        41"," ","        13"," ","        29"," ","  -24.4","0,0108,+","   229"," ,0,0121,+","   170"," ,0,0104, ","  14.0"," ,0,1119, ","   39.4","0,0706,+","-0.6","0,1027","-2.8","0,1105","-4.4","0,1115","-11.1","0,1127","-11.1","0,1127","-3.3","0,0409","-3.3","0,0409","-7.2","0,0408","-7.2","0,0408","-8.9","0,0220","    3668.8","8","    3668.8","0","    201.7"," ,0","      66.2","X","      781"," ,0","     10.53","0","     17.42","0","      3.65","0","   180870","X","","","","","","","","","       315","X","","","","","","","","","","","      21.0","X"
"USW00023066","1974","39.13437","-108.54081","1470.4","GRAND JUNCTION WALKER FIELD, CO US","","","    690.7","","     690.7","0","        60","0","        22","0","         1","0","       60","","        11","0","        15","0","       125","0","        49","0","       177","0","        76","0","        37"," ","        13"," ","        20"," ","  -22.2","0,0208, ","   279"," ,0,0129,+","   104"," ,0,0219, ","  35.3"," ,0,0718, ","   38.9","0,0625, ","-0.6","0,1105","-2.8","0,1117","-4.4","0,1121","-7.2","0,1129","-8.9","0,1130","0.0","0,0415","-7.2","0,0413","-7.2","0,0413","-7.2","0,0413","-15.0","0,0226","    3303.7","7","    3303.7","0","    208.8"," ,0","      70.6","X","      725"," ,0","     10.87","0","     18.25","0","      3.48","0","   191568","X","","","","","","","","","       225","X","","","","","","","","","","","      20.1","X"
"USW00023066","1975","39.13437","-108.54081","1470.4","GRAND JUNCTION WALKER FIELD, CO US","","","    545.7","","     545.7","0","        76","0","        23","0","         0","0","       45","","        20","0","         7","0","       144","0","        28","0","       160","0","        60","0","        18"," ","         7"," ","        28"," ","  -22.2","0,0112, ","   178"," ,0,0418, ","   135"," ,0,0417, ","  24.9"," ,0,0716, ","   37.2","0,0701, ","-0.6","0,1008","-7.8","0,1024","-7.8","0,1024","-7.8","0,1024","-10.0","0,1120","0.0","0,0506","-2.8","0,0429","-4.4","0,0408","-11.7","0,0402","-11.7","0,0402","    3434.0","0","    3434.0","0","    234.1"," ,0","      73.6","X","     1371"," ,0","     10.12","0","     17.35","0","      2.89","0","   198636","X","","","","","","","       270","X","       225","X","","","","","","","","","      25.7","X","      21.0","X"
"USW00023066","1976","39.13437","-108.54081","1470.4","GRAND JUNCTION WALKER FIELD, CO US","","","    604.3","","     604.3","0","        63","0","        18","0","         0","0","       27","","         6","0","         6","0","       153","0","        16","0","       172","0","        67","0","        10"," ","         5"," ","        34"," ","  -23.3","0,0102, ","   102"," ,0,0109,+","    71"," ,0,0304, ","  14.7"," ,0,0508, ","   40.6","0,0710, ","-1.1","0,1018","-5.0","0,1019","-5.0","0,1019","-7.8","0,1124","-10.6","0,1126","-3.3","0,0427","-3.3","0,0427","-7.2","0,0330","-7.2","0,0330","-12.2","0,0305","    3289.5","5","    3289.5","0","    134.4"," ,0","      78.3","X","      325"," ,0","     11.02","0","     18.98","0","      3.06","0","   210066","X","","","","","","","       225","X","        45","X","","","","","","","","","      28.3","X","      21.9","X"
"USW00023066","1977","39.13437","-108.54081","1470.4","GRAND JUNCTION WALKER FIELD, CO US","","","    868.0","","     868.0","0","        57","0","        22","0","         0","0","       13","","         6","0","         4","0","       140","0","        16","0","       192","0","        90","0","        16"," ","         7"," ","        30"," ","  -20.6","0,0111, ","    76"," ,0,1120, ","    84"," ,0,1119, ","   9.9"," ,0,1006, ","   38.3","0,0807,+","-5.0","0,1101","-5.0","0,1101","-5.0","0,1101","-8.9","0,1109","-8.9","0,1109","0.0","0,0421","-5.0","0,0404","-5.0","0,0404","-8.3","0,0330","-10.0","0,0329","    3096.9","9","    3096.9","0","    144.8"," ,0","      75.8","X","      355"," ,0","     12.86","0","     20.59","0","      5.13","0","   203940","X","","","","","","","       180","X","       180","X","","","","","","","","","      26.7","X","      21.0","X"
"USW00023066","1978","39.13437","-108.54081","1470.4","GRAND JUNCTION WALKER FIELD, CO US","","","    614.9","","     614.9","0","        73","0","        25","0","         0","0","       48","","         9","0","         8","0","       123","0","        37","0","       170","0","        65","0","        48"," ","        19"," ","        24"," ","  -24.4","0,1208, ","   178"," ,0,0125,+","   173"," ,0,0123, ","  16.3"," ,0,0409, ","   38.3","0,0714, ","-1.7","0,0920","-2.2","0,1026","-7.2","0,1116","-7.2","0,1116","-9.4","0,1202","0.0","0,0506","-3.3","0,0422","-5.0","0,0315","-7.8","0,0219","-11.1","0,0128","    2837.6","6","    2837.6","0","    201.3"," ,0","      69.9","X","      758"," ,0","     11.10","0","     17.92","0","      4.28","0","   193356","X","","","","","","","       270","X","       225","X","","","","","","","","","      32.4","X","      17.9","X"
"USW00023066","1979","39.13437","-108.54081","1470.4","GRAND JUNCTION WALKER FIELD, CO US","","","    684.6","","     684.6","0","        72","0","        31","0","         0","0","       92","","        18","0","        10","0","       143","0","        50","0","       173","0","        70","0","        51"," ","        14"," ","        19"," ","  -23.3","0,0131, ","   279"," ,0,0205,+","   127"," ,0,0508, ","  16.5"," ,0,0508, ","   38.9","0,0805,+","-1.7","0,1022","-6.7","0,1031","-6.7","0,1031","-6.7","0,1031","-11.7","0,1122","0.0","0,0511","-2.8","0,0403","-4.4","0,0310","-7.8","0,0304","-9.4","0,0226","    3728.8","8","    3728.8","0","    226.7"," ,0","      61.5","X","     1262"," ,0","     10.42","0","     17.10","0","      3.74","0","   168720","X","","","","","","","       270","X","       270","X","","","","","","","","","      22.1","X","      18.3","X"
"USW00023066","1980","39.13437","-108.54081","1470.4","GRAND JUNCTION WALKER FIELD, CO US","","","    641.8","","     641.8","0","        71","0","        32","0","         0","0","       12","","         4","0","         0","0","       124","0","         7","0","       166","0","        65","0","        29"," ","         6"," ","        25"," ","  -10.0","0,0107, ","    51"," ,0,0108,+","    58"," ,0,0322, ","  17.8"," ,0,1014, ","   37.8","0,0718,+","-1.7","0,1023","-2.2","0,1024","-6.7","0,1117","-6.7","0,1117","","","-2.8","0,0414","-2.8","0,0414","-4.4","0,0401","-8.9","0,0331","-8.9","0,0331","    3037.8","8","    3037.8","0","    258.3"," ,0","      71.3","X","      261"," ,0","     12.54","0","     19.71","0","      5.38","0","   195828","X","       340","X","","","","","       270","X","","","","","      14.3","X","","","","","      26.2","X","",""
"USW00023066","1981","39.13437","-108.54081","1470.4","GRAND JUNCTION WALKER FIELD, CO US","","","    747.2","","     747.2","0","        82","0","        32","0","         0","0","        7","","         3","0","         0","0","       125","0","         7","0","       166","0","        65","0","        22"," ","         8"," ","        40"," ","  -11.7","0,1228, ","    51"," ,0,1231,+","    81"," ,0,0105, ","  16.0"," ,0,1015, ","   39.4","0,0623, ","-1.1","0,1025","-2.2","0,1031","-6.1","0,1119","-7.2","0,1126","-8.9","0,1223","-1.1","0,0406","-3.3","0,0405","-4.4","0,0223","-6.7","0,0213","-10.6","0,0211","    2531.6","6","    2531.6","0","    223.8"," ,0","      68.4","X","      336"," ,0","     12.85","0","     19.83","0","      5.86","0","   186276","X","       270","X","","","","","       270","X","","","","","      23.7","X","","","","","      30.8","X","",""
"USW00023066","1982","39.13437","-108.54081","1470.4","GRAND JUNCTION WALKER FIELD, CO US","","","    684.4","","     684.4","0","        73","0","        32","0","         0","0","       36","","         3","0","         4","0","       115","0","        19","0","       163","0","        57","0","        25"," ","         7"," ","        30"," ","  -19.4","0,0207,+","    76"," ,0,0119,+","    46"," ,0,0101, ","  25.1"," ,0,0911, ","   38.9","0,0628, ","-1.7","0,1011","-2.2","0,1112","-5.0","0,1116","-8.3","0,1214","-10.0","0,1227","-2.2","0,0421","-2.2","0,0421","-5.6","0,0408","-7.8","0,0210","-12.8","0,0209","    3008.3","3","    3008.3","0","    209.4"," ,0","      72.2","X","      257"," ,0","     11.95","0","     18.45","0","      5.46","0","   197730","X","       350","X","","","","","       180","X","","","","","      18.3","X","","","","","      24.7","X","",""
"USW00023066","1983","39.13437","-108.54081","1470.4","GRAND JUNCTION WALKER FIELD, CO US","","","    734.4","","     734.4","0","       110","0","        44","0","         0","0","       32","","        12","0","         0","0","       110","0","         6","0","       164","0","        65","0","        40"," ","        11"," ","        53"," ","  -15.0","0,1229, ","   279"," ,0,1230,+","   112"," ,0,1223, ","  24.4"," ,0,0516,+","   39.4","0,0706, ","-1.7","0,1109","-3.3","0,1122","-5.6","0,1123","-6.7","0,1126","-8.9","0,1216","-0.6","0,0417","-2.8","0,0415","-5.0","0,0203","-6.7","0,0115","-9.4","0,0103","    2862.9","9","    2862.9","0","    377.5"," ,0","      69.8","X","      919"," ,0","     12.73","0","     19.07","0","      6.38","0","   191550","X","       240","X","","","","","       315","X","","","","","      15.6","X","","","","","      24.7","X","",""
"USW00023066","1984","39.13437","-108.54081","1470.4","GRAND JUNCTION WALKER FIELD, CO US","       3.7","X","    688.3","","     688.3","0","        81","0","        35","0","         0","0","       53","","         5","0","         5","0","       125","0","        16","0","       156","0","        62","0","        36"," ","        10"," ","        47"," ","  -22.2","0,0120,+","   229"," ,0,0124,+","    84"," ,0,0330, ","  18.8"," ,0,1004, ","   36.7","0,0721,+","0.0","0,1024","-2.2","0,1110","-5.0","0,1115","-7.2","0,1127","-9.4","0,1202","-0.6","0,0429","-2.8","0,0412","-5.0","0,0305","-7.2","0,0223","-8.9","0,0209","    3111.9","9","    3111.9","0","    294.7"," ,0","","","      476"," ,0","     11.31","0","     17.82","0","      4.80","0","   195604","X","       320","X","","","","","       180","X","","","","","      15.6","X","","","","","      32.9","X","",""
"USW00023066","1985","39.13437","-108.54081","1470.4","GRAND JUNCTION WALKER FIELD, CO US","       3.8","X","    625.5","","     625.5","0","        81","0","        41","0","         0","0","       11","","         9","0","         0","0","       120","0","        12","0","       162","0","        64","0","        42"," ","        12"," ","        40"," ","  -17.2","0,0205,+","    76"," ,0,0328, ","    58"," ,0,1117, ","  22.4"," ,0,1008, ","   38.9","0,0705, ","0.0","0,0930","-4.4","0,1113","-4.4","0,1113","-13.3","0,1119","-13.3","0,1119","0.0","0,0423","-4.4","0,0330","-4.4","0,0330","-6.7","0,0304","-9.4","0,0211","    2940.3","3","    2940.3","0","    311.0"," ,0","","","      571"," ,0","     11.78","0","     18.48","0","      5.08","0","   202787","X","       290","X","","","","","       180","X","","","","","      20.6","X","","","","","      35.0","X","",""
"USW00023066","1986","39.13437","-108.54081","1470.4","GRAND JUNCTION WALKER FIELD, CO US","       3.6","X","    591.1","","     591.1","0","        77","0","        30","0","         0","0","        5","","         4","0","         0","0","       115","0","         6","0","       161","0","        55","0","        16"," ","         5"," ","        45"," ","  -12.8","0,0210, ","    51"," ,0,0107, ","    56"," ,0,1012, ","  16.8"," ,0,0813, ","   37.2","0,0817, ","-1.1","0,1012","-2.2","0,1013","-4.4","0,1109","-6.7","0,1209","-10.0","0,1210","0.0","0,0505","-5.0","0,0414","-5.0","0,0414","-6.7","0,0319","-12.8","0,0210","    2794.0","0","    2794.0","0","    225.7"," ,0","","","      180"," ,0","     12.33","0","     19.14","0","      5.51","0","   198811","X","       280","X","","","","","       225","X","","","","","      18.3","X","","","","","      28.8","X","",""
"USW00023066","1987","39.13437","-108.54081","1470.4","GRAND JUNCTION WALKER FIELD, CO US","       3.3","X","    515.1","","     515.1","0","        93","0","        39","0","         0","0","       28","","        13","0","         1","0","       136","0","        16","0","       167","0","        55","0","        43"," ","         6"," ","        40"," ","  -17.8","0,0122, ","    76"," ,0,1229,+","    97"," ,0,0316, ","  17.5"," ,0,0316, ","   37.8","0,0724, ","0.0","0,1021","-2.2","0,1115","-5.0","0,1116","-8.3","0,1118","-10.6","0,1214","0.0","0,0421","-2.2","0,0403","-5.0","0,0331","-8.9","0,0330","-8.9","0,0330","    3047.7","7","    3047.7","0","    293.4"," ,0","","","      680"," ,0","     11.47","0","     18.58","0","      4.36","0","   193182","X","       280","X","","","","","       270","X","","","","","      14.3","X","","","","","      29.3","X","",""
"USW00023066","1988","39.13437","-108.54081","1470.4","GRAND JUNCTION WALKER FIELD, CO US","       3.4","X","    739.5","","     739.5","0","        67","0","        25","0","         0","0","       57","","         8","0","         8","0","       134","0","        34","0","       179","0","        78","0","        39"," ","        11"," ","        38"," ","  -21.1","0,0114, ","   203"," ,0,0122,+","   124"," ,0,0105, ","  21.1"," ,0,0821, ","   38.3","0,0722,+","-1.1","0,1105","-2.8","0,1116","-4.4","0,1119","-6.7","0,1127","-8.9","0,1223","-0.6","0,0507","-2.8","0,0410","-7.2","0,0329","-7.2","0,0329","-8.9","0,0222","    3344.2","2","    3344.2","0","    200.4"," ,0","","","      579"," ,0","     11.33","0","     18.77","0","      3.88","0","   198515","X","        80","X","","","","","        90","X","","","","","      17.9","X","","","","","      26.7","X","",""
"USW00023066","1989","39.13437","-108.54081","1470.4","GRAND JUNCTION WALKER FIELD, CO US","       3.6","X","    674.1","","     674.1","0","        54","0","        18","0","         0","0","       47","","         6","0","        10","0","       134","0","        24","0","       186","0","        53","0","        22"," ","         5"," ","        36"," ","  -27.8","0,0206, ","   279"," ,0,0205, ","   221"," ,0,0204, ","  15.0"," ,0,0124, ","   40.0","0,0708,+","0.0","0,1018","-3.3","0,1029","-4.4","0,1030","-7.8","0,1031","-8.9","0,1129","-2.8","0,0410","-2.8","0,0410","-5.6","0,0315","-7.2","0,0305","-10.0","0,0217","    3046.7","7","    3046.7","0","    140.5"," ,0","","","      723"," ,0","     11.62","0","     19.11","0","      4.13","0","   214012","X","       200","X","","","","","       270","X","","","","","      20.6","X","","","","","      27.8","X","",""
"USW00023066","1990","39.13437","-108.54081","1470.4","GRAND JUNCTION WALKER FIELD, CO US","       3.8","X","    718.3","","     718.3","0","        67","0","        30","0","         0","0","       34","","         8","0","         8","0","       126","0","        19","0","       170","0","        70","0","        26"," ","         4"," ","        44"," ","  -27.2","0,1223, ","   102"," ,0,0215, ","    86"," ,0,0214, ","  15.2"," ,0,0329, ","   40.6","0,0627, ","-0.6","0,1009","-5.0","0,1104","-5.0","0,1104","-6.7","0,1121","-11.1","0,1128","0.0","0,0430","-3.9","0,0316","-8.9","0,0314","-8.9","0,0314","-8.9","0,0314","    2877.9","9","    2877.9","0","    213.7"," ,0","","","      610"," ,0","     11.87","0","     19.05","0","      4.69","0","   189666","X","       320","X","","","","","       270","X","","","","","      15.6","X","","","","","      26.2","X","",""
"USW00023066","1991","39.13437","-108.54081","1470.4","GRAND JUNCTION WALKER FIELD, CO US","       3.7","X","    616.6","","     616.6","0","        79","0","        36","0","         0","0","       65","","        13","0","        15","0","       141","0","        39","0","       168","0","        61","0","        41"," ","        11"," ","        35"," ","  -21.7","0,0130, ","   203"," ,0,0130,+","   160"," ,0,0104, ","  19.6"," ,0,0907, ","   38.3","0,0706, ","-3.9","0,1028","-3.9","0,1028","-4.4","0,1029","-7.2","0,1031","-9.4","0,1103","0.0","0,0505","-3.9","0,0428","-4.4","0,0312","-7.8","0,0214","-10.6","0,0211","    3498.6","6","    3498.6","0","    235.1"," ,0","","","      851"," ,0","     10.63","0","     17.50","0","      3.76","0","   192277","X","       160","X","","","","","       180","X","","","","","      16.1","X","","","","","      29.3","X","",""
"USW00023066","1992","39.13437","-108.54081","1470.4","GRAND JUNCTION WALKER FIELD, CO US","       3.8","X","    556.3","","     556.3","0","        73","0","        28","0","         0","0","       43","","         5","0","         4","0","       117","0","        29","0","       191","0","        43","0","        34"," ","         4"," ","        48"," ","  -18.3","0,0122,+","    76"," ,0,0105, ","    58"," ,0,1205, ","  20.8"," ,0,1031, ","   37.2","0,0820,+","-1.1","0,1008","-3.9","0,1104","-4.4","0,1112","-7.8","0,1125","-9.4","0,1126","0.0","0,0325","-2.8","0,0310","-4.4","0,0219","-8.3","0,0205","-8.9","0,0202","    2992.6","6","    2992.6","0","    234.0"," ,0","","","      281"," ,0","     11.64","0","     18.53","0","      4.75","0","   199744","X","       280","X","","","","","       270","X","","","","","      17.0","X","","","","","      28.8","X","",""
"USW00023066","1993","39.13437","-108.54081","1470.4","GRAND JUNCTION WALKER FIELD, CO US","       3.8","X","    528.8","","     528.8","0","        95","0","        37","0","         1","0","       13","","         7","0","         0","0","       135","0","        12","0","       153","0","        45","0","        35"," ","        14"," ","        32"," ","  -13.9","0,1224, ","    76"," ,0,1228,+","    79"," ,0,0217, ","  25.4"," ,0,0327, ","   37.2","0,0731, ","-2.2","0,1027","-2.2","0,1027","-6.7","0,1030","-6.7","0,1030","-10.6","0,1125","-1.7","0,0419","-2.2","0,0413","-5.6","0,0312","-7.2","0,0221","-9.4","0,0112","    3035.7","7","    3035.7","0","    297.5"," ,0","","","      544"," ,0","     11.29","0","     18.11","0","      4.47","0","   215343","X","       240","X","","","","","       225","X","","","","","      17.4","X","","","","","      28.8","X","",""
"USW00023066","1994","39.13437","-108.54081","1470.4","GRAND JUNCTION WALKER FIELD, CO US","       4.0","X","    859.1","","     859.1","0","        76","0","        21","0","         0","0","        9","","         5","0","         0","0","       127","0","         6","0","       172","0","        83","0","        24"," ","         6"," ","        38"," ","  -13.9","0,0202, ","    51"," ,0,1117,+","    51"," ,0,1117, ","  16.5"," ,0,0409, ","   40.0","0,0626, ","0.0","0,1026","-4.4","0,1031","-4.4","0,1031","-8.3","0,1114","-12.2","0,1127","-0.6","0,0412","-4.4","0,0330","-4.4","0,0330","-8.9","0,0328","-8.9","0,0328","    2972.1","1","    2972.1","0","    178.0"," ,0","","","      345"," ,0","     12.84","0","     19.98","0","      5.71","0","   190894","X","       330","X","","","","","       180","X","","","","","      16.5","X","","","","","      23.6","X","",""
"USW00023066","1995","39.13437","-108.54081","1470.4","GRAND JUNCTION WALKER FIELD, CO US","       3.7","X","    617.6","","     617.6","0","        84","0","        36","0","         0","0","        2","","         6","0","         0","0","       123","0","         1","0","       155","0","        58","0","        21"," ","         6"," ","        50"," ","  -13.3","0,1224, ","    25"," ,0,0329,+","    94"," ,0,0329, ","  23.1"," ,0,0617, ","   40.0","0,0729,+","0.0","0,1006","-3.3","0,1023","-4.4","0,1024","-7.8","0,1219","-11.1","0,1222","-1.1","0,0424","-2.2","0,0411","-4.4","0,0307","-7.2","0,0124","-8.9","0,0123","    2852.1","1","    2852.1","0","    259.1"," ,0","","","      348"," ,0","     12.51","0","     19.77","0","      5.25","0","   210193","X","       260","X","","","","","       270","X","","","","","      20.6","X","","","","","      30.8","X","",""
"USW00023066","1996","39.13437","-108.54081","1470.4","GRAND JUNCTION WALKER FIELD, CO US","       3.6","X","    683.3","","     683.3","0","        72","0","        35","0","         0","0","        5","","         4","0","         0","0","       141","0","         7","0","       172","0","        80","0","        42"," ","         5"," ","        31"," ","  -16.7","0,1218, ","    51"," ,0,1116, ","    71"," ,0,1115, ","  12.4"," ,0,0524, ","   38.9","0,0813, ","-0.6","0,0927","-4.4","0,1017","-4.4","0,1017","-6.7","0,1022","-8.9","0,1204","-4.4","0,0429","-4.4","0,0429","-4.4","0,0429","-7.2","0,0302","-11.1","0,0204","    2752.9","9","    2752.9","0","    255.7"," ,0","","","      369"," ,0","     12.09","0","     19.43","0","      4.75","0","   207963","X","","","","","","","","","","","","","","","","","","","","","",""
"USW00023066","1997","39.13437","-108.54081","1470.4","GRAND JUNCTION WALKER FIELD, CO US","       3.3","X","    551.4","","     551.4","0","        78","0","        42","0","         1","0","        6","","         8","0","         0","0","       158","0","        10","0","       168","0","        54","0","        53"," ","        10"," ","        37"," ","  -15.6","0,1228, ","   102"," ,0,0402, ","    91"," ,0,0112, ","  33.3"," ,0,0805, ","   37.8","0,0716,+","-0.6","0,1012","-2.2","0,1013","-4.4","0,1026","-6.7","0,1114","-9.4","0,1115","0.0","0,0503","-3.9","0,0414","-7.2","0,0413","-7.2","0,0413","-8.9","0,0412","    3123.3","3","    3123.3","0","    336.1"," ,0","","","      458"," ,0","     11.19","0","     18.26","0","      4.12","0","   186913","X","","","       210","X","       220","X","","","","","","","","","      19.7","X","      24.1","X","","","",""
"USW00023066","1998","39.13437","-108.54081","1470.4","GRAND JUNCTION WALKER FIELD, CO US","       3.3","X","    640.1","","     640.1","0","        77","0","        29","0","         0","0","       12","","         4","0","         5","0","       140","0","        10","0","       166","0","        59","0","        67"," ","        12"," ","        42"," ","  -24.4","0,1222, ","   127"," ,0,1221, ","   160"," ,0,1220, ","  12.2"," ,0,0710, ","   40.0","0,0719, ","0.0","0,1006","-2.8","0,1107","-5.0","0,1110","-8.3","0,1205","-11.7","0,1206","0.0","0,0421","-5.0","0,0330","-5.0","0,0330","-10.0","0,0308","-10.0","0,0308","    3118.6","6","    3118.6","0","    232.6"," ,0","","","      453"," ,0","     11.62","0","     18.76","0","      4.48","0","   199905","X","","","       200","X","       190","X","","","","","","","","","      18.3","X","      24.6","X","","","",""
"USW00023066","1999","39.13437","-108.54081","1470.4","GRAND JUNCTION WALKER FIELD, CO US","       3.5","X","    515.5","","     515.5","0","        67","0","        26","0","         1","0","        2","","         4","0","         0","0","       146","0","         4","0","       174","0","        43","0","        50"," ","         8"," ","        46"," ","  -14.4","0,1214, ","    25"," ,0,1211,+","    58"," ,0,0401, ","  25.9"," ,0,0811, ","   38.3","0,0702, ","0.0","0,0929","-2.8","0,1030","-4.4","0,1119","-8.3","0,1123","-10.0","0,1124","-1.1","0,0506","-2.2","0,0417","-7.2","0,0416","-7.2","0,0416","-8.9","0,0222","    2986.6","6","    2986.6","0","    206.1"," ,0","","","      229"," ,0","     11.75","0","     19.31","0","      4.19","0","   197018","X","","","       300","X","       260","X","","","","","","","","","      21.5","X","      28.6","X","","","",""
"USW00023066","2000","39.13437","-108.54081","1470.4","GRAND JUNCTION WALKER FIELD, CO US","       3.5","X","    776.0","","     776.0","0","        61","0","        30","0","         0","0","        5","","         4","0","         0","0","       130","0","        10","0","       181","0","        80","0","        44"," ","        10"," ","        39"," ","  -15.0","0,0107,+","    25"," ,0,1225,+","   124"," ,0,0320, ","  12.4"," ,0,0320,+","   39.4","0,0802,+","-0.6","0,1014","-2.2","0,1103","-5.6","0,1107","-6.7","0,1108","-9.4","0,1116","-1.7","0,0512","-2.2","0,0403","-5.0","0,0321","-6.7","0,0310","-11.1","0,0110","    2748.0","0","    2748.0","0","    190.9"," ,0","","","      382"," ,0","     12.51","0","     19.71","0","      5.31","0","","","","","       270","X","       190","X","","","","","","","","","      21.9","X","      26.8","X","","","",""
"USW00023066","2001","39.13437","-108.54081","1470.4","GRAND JUNCTION WALKER FIELD, CO US","       3.5","X","    738.8","","     738.8","0","        67","0","        28","0","         0","0","        9","","         7","0","         0","0","       124","0","         8","0","       178","0","        71","0","        58"," ","         8"," ","        34"," ","  -14.4","0,1216, ","    51"," ,0,0113, ","    64"," ,0,0311, ","  16.0"," ,0,0714, ","   40.0","0,0704, ","-3.3","0,1024","-3.3","0,1024","-5.6","0,1121","-8.9","0,1128","-8.9","0,1128","-0.6","0,0423","-2.2","0,0413","-5.6","0,0315","-9.4","0,0210","-9.4","0,0210","    3044.3","3","    3044.3","0","    213.9"," ,0","","","      442"," ,0","     12.44","0","     19.72","0","      5.16","0","   177377","W","","","       340","X","       340","X","","","","","","","","","      23.7","X","      26.8","X","","","",""
"USW00023066","2002","39.13437","-108.54081","1470.4","GRAND JUNCTION WALKER FIELD, CO US","       3.4","X","    742.1","","     742.1","0","        60","0","        28","0","         0","0","        4","","         4","Z","         0","0","       147","0","        13","0","       173","0","        77","0","        50"," ","        10"," ","        30"," ","  -16.1","0,0131, ","    76"," ,B,0314, ","    66"," ,Z,0301, ","  11.4"," ,0,1109,+","   40.6","0,0714,+","-0.6","0,1014","-2.2","0,1102","-4.4","0,1103","-6.7","0,1126","-10.0","0,1227","-3.3","0,0509","-3.3","0,0509","-6.1","0,0319","-7.8","0,0314","-8.9","0,0309","    3022.5","5","    3022.5","0","    200.2"," ,0","","","      347"," ,Z","     11.71","0","     19.39","0","      4.02","0","   153611","W","","","       310","X","       360","X","","","","","","","","","      20.1","X","      30.4","X","","","",""
"USW00023066","2003","39.13437","-108.54081","1470.4","GRAND JUNCTION WALKER FIELD, CO US","       3.4","X","    784.4","","     784.4","0","        56","0","        24","0","         0","0","        7","","         6","0","         0","0","       127","0","        10","0","       177","0","        74","0","        38"," ","         6"," ","        21"," ","  -15.6","0,1123, ","    51"," ,0,0228, ","    99"," ,0,0301, ","  18.8"," ,0,0509, ","   40.6","0,0713,+","0.0","0,1014","-3.3","0,1026","-4.4","0,1106","-8.3","0,1122","-15.6","0,1123","-0.6","0,0420","-2.8","0,0408","-4.4","0,0404","-6.7","0,0329","-10.6","0,0208","    2925.3","3","    2925.3","0","    185.7"," ,0","","","      476"," ,0","     12.57","0","     19.87","0","      5.28","0","","","","","       140","X","       160","X","","","","","","","","","      19.2","X","      26.8","X","","","",""
"USW00023066","2004","39.13437","-108.54081","1470.4","GRAND JUNCTION WALKER FIELD, CO US","       3.3","X","    629.4","","     629.4","0","        74","0","        28","0","         0","0","       51","","        10","0","         6","0","       119","0","        33","0","       170","0","        65","0","        66"," ","        20"," ","        22"," ","  -20.6","0,0106, ","   152"," ,0,0204, ","   173"," ,0,1128, ","  18.5"," ,0,0919, ","   38.3","0,0712, ","0.0","0,1031","-4.4","0,1102","-4.4","0,1102","-7.2","0,1128","-16.7","0,1129","-1.1","0,0329","-2.8","0,0328","-5.0","0,0217","-8.3","0,0216","-10.6","0,0215","    3062.6","6","    3062.6","0","    244.4"," ,0","","","      717"," ,0","     11.34","0","     18.22","0","      4.45","0","","","","","       270","X","       280","X","","","","","","","","","      19.2","X","      30.4","X","","","",""
"USW00023066","2005","39.13437","-108.54081","1470.4","GRAND JUNCTION WALKER FIELD, CO US","       3.3","X","    600.8","","     600.8","0","        77","0","        41","0","         1","0","        7","","         3","0","         0","0","       132","0","         9","0","       166","0","        58","0","        42"," ","         2"," ","        42"," ","  -16.1","0,1209, ","    76"," ,0,0113,+","   127"," ,0,0112, ","  30.7"," ,0,0921, ","   41.1","0,0721, ","0.0","0,1005","-4.4","0,1115","-4.4","0,1115","-7.8","0,1116","-10.0","0,1128","-0.6","0,0430","-2.2","0,0411","-4.4","0,0331","-8.3","0,0315","-9.4","0,0114","    2981.5","5","    2981.5","0","    300.9"," ,0","","","      285"," ,0","     12.12","0","     19.39","0","      4.84","0","","","","","       330","Z","       330","Z","","","","","","","","","      20.1","Z","      24.6","Z","","","",""
"USW00023066","2006","39.13437","-108.54081","1470.4","GRAND JUNCTION WALKER FIELD, CO US","       3.5","W","    690.6","","     690.6","0","        72","0","        37","0","         0","0","       15","","         6","0","         0","0","       142","0","        13","0","       162","0","        75","0","        53"," ","         6"," ","        43"," ","  -16.1","0,1130, ","    51"," ,0,1220,+","    99"," ,0,1128, ","  19.8"," ,0,1006, ","   40.0","0,0716, ","0.0","0,0917","-2.8","0,1101","-4.4","0,1115","-13.3","0,1129","-13.3","0,1129","-3.3","0,0420","-3.3","0,0420","-4.4","0,0323","-7.8","0,0313","-10.0","0,0223","    2867.6","6","    2867.6","0","    251.8"," ,0","","","      449"," ,0","     11.78","0","     19.07","0","      4.50","0","","","","","       240","X","       250","X","","","","","","","","","      22.8","X","      27.7","X","","","",""
"USW00023066","2007","39.13437","-108.54081","1470.4","GRAND JUNCTION WALKER FIELD, CO US","       3.3","W","    808.9","","     808.9","0","        76","0","        27","0","         1","0","       37","","         9","0","         8","0","       128","0","        31","0","       168","0","        78","0","        57"," ","         1"," ","        39"," ","  -22.2","0,0115, ","   102"," ,0,1227,+","    79"," ,0,0113, ","  27.7"," ,0,0923, ","   39.4","0,0702, ","-0.6","0,1007","-5.0","0,1022","-5.0","0,1022","-6.7","0,1121","-10.6","0,1122","-2.2","0,0419","-2.2","0,0419","-6.1","0,0305","-9.4","0,0304","-9.4","0,0304","    3185.4","4","    3185.4","0","    247.6"," ,0","","","      510"," ,0","     11.97","0","     19.39","0","      4.54","0","","","","","       190","X","       200","X","","","","","","","","","      21.9","X","      28.2","X","","","",""
"USW00023066","2008","39.13437","-108.54081","1470.4","GRAND JUNCTION WALKER FIELD, CO US","       3.1","W","    654.3","","     654.3","0","        62","0","        22","0","         0","0","       58","","         6","0","         3","0","       165","0","        40","0","       167","0","        73","0","        77"," ","        17"," ","        23"," ","  -20.0","0,1227, ","   152"," ,0,1224,+","   130"," ,0,1222, ","  20.8"," ,0,0831, ","   38.9","0,0801, ","-2.2","0,1012","-2.2","0,1012","-4.4","0,1013","-9.4","0,1106","-9.4","0,1106","-0.6","0,0503","-2.2","0,0502","-5.6","0,0401","-7.2","0,0306","-8.9","0,0210","    3447.5","5","    3447.5","0","    184.8"," ,0","","","      689"," ,0","     10.82","0","     18.19","0","      3.46","0","","","","","       180","X","       180","X","","","","","","","","","      20.6","X","      25.9","X","","","",""
"USW00023066","2009","39.13437","-108.54081","1470.4","GRAND JUNCTION WALKER FIELD, CO US","       3.1","W","    624.6","","     624.6","0","        62","0","        25","0","         0","0","       53","","         8","0","         7","0","       150","0","        34","0","       173","0","        60","0","        82"," ","        11"," ","        28"," ","  -26.7","0,1210, ","   178"," ,0,1231, ","   183"," ,0,1208, ","  18.5"," ,0,0524, ","   38.9","0,0724,+","-2.8","0,1001","-2.8","0,1001","-5.0","0,1026","-7.8","0,1116","-9.4","0,1201","0.0","0,0427","-2.2","0,0407","-4.4","0,0402","-8.3","0,0330","-9.4","0,0121","    3022.2","2","    3022.2","0","    198.4"," ,0","","","      635"," ,0","     11.09","0","     18.57","0","      3.62","0","","","","","       250","X","       260","X","","","","","","","","","      23.2","X","      29.5","X","","","",""
"USW00023066","2010","39.13437","-108.54081","1470.4","GRAND JUNCTION WALKER FIELD, CO US","       3.2","W","    690.8","","     690.8","0","        77","0","        30","0","         0","0","       50","","         4","0","         4","0","       147","0","        26","0","       173","0","        75","0","        97"," ","        13"," ","        22"," ","  -22.8","0,1231, ","   203"," ,0,0128, ","   109"," ,0,1230, ","  13.2"," ,0,0308, ","   40.6","0,0719, ","0.0","0,1025","-2.8","0,1110","-5.0","0,1112","-11.7","0,1124","-11.7","0,1124","-1.1","0,0507","-2.8","0,0402","-5.0","0,0320","-7.8","0,0224","-9.4","0,0223","    3594.9","9","    3594.9","0","    224.2"," ,0","","","      407"," ,0","     11.41","0","     18.47","0","      4.36","0","","","","","       320","X","       330","X","","","","","","","","","      21.9","X","      27.3","X","","","",""
"USW00023066","2011","39.13437","-108.54081","1470.4","GRAND JUNCTION WALKER FIELD, CO US","       3.2","W","    661.5","","     661.5","X","        74","X","        39","X","         0","X","       27","","         3","X","         7","X","       142","X","        23","X","       163","X","        67","X","        51"," ","         2"," ","        33"," ","  -22.8","X,0102, ","    76"," ,X,0209,+","    64"," ,X,0208, ","  23.9"," ,X,0711, ","   38.3","X,0824,+","0.0","X,1007","-2.2","X,1030","-4.4","X,1109","-6.7","X,1127","-11.1","X,1205","-2.2","X,0502","-2.2","X,0502","-4.4","X,0501","-8.3","X,0213","-10.6","X,0212","    3099.1","1","    3099.1","X","    248.3"," ,X","","","      229"," ,X","     11.18","X","     18.46","X","      3.91","X","","","","","       210","X","","","","","","","","","","","      20.6","X","","","","","",""
"USW00023066","2012","39.13437","-108.54081","1470.4","GRAND JUNCTION WALKER FIELD, CO US","       3.3","X","    825.7","","     825.7","X","        52","X","        17","X","         0","X","       17","","         7","X","         6","X","       132","X","        15","X","       191","X","        81","X","        29"," ","         7"," ","        17"," ","  -20.6","X,1222, ","   102"," ,X,1231,+","    94"," ,X,1219, ","  12.2"," ,X,0707, ","   38.9","X,0630,+","-1.1","X,1007","-2.2","X,1025","-4.4","X,1026","-10.6","X,1111","-10.6","X,1111","-2.8","X,0408","-2.8","X,0408","-6.7","X,0320","-6.7","X,0320","-9.4","X,0303","    2793.5","5","    2793.5","X","    115.6"," ,X","","","      484"," ,X","     12.86","X","     20.65","X","      5.08","X","","","","","       310","X","       200","X","","","","","","","","","      19.7","X","      26.4","X","","","",""
"USW00023066","2013","39.13437","-108.54081","1470.4","GRAND JUNCTION WALKER FIELD, CO US","       3.0","W","    690.2","","     690.2","W","        83","W","        35","W","         0","W","       61","","         8","W","        29","W","       154","W","        52","W","       155","W","        72","W","        51"," ","         6"," ","        26"," ","  -24.4","W,0115,+","   150"," ,W,1208, ","   150"," ,W,1204, ","  24.4"," ,W,0909, ","   39.4","W,0628, ","-0.5","W,1003","-3.2","W,1104","-5.5","W,1106","-22.1","W,1204","-22.1","W,1204","0.0","W,0503","-3.8","W,0419","-6.6","W,0410","-7.2","X,0325","-10.0","X,0324","    3401.4","4","    3401.4","W","    316.5"," ,W","","","      690"," ,W","     10.01","W","     17.01","W","      3.01","W","","","","","       250","W","       240","W","","","","","","","","","      20.6","W","      26.4","W","","","",""
"USW00023066","2014","39.13437","-108.54081","1470.4","GRAND JUNCTION WALKER FIELD, CO US","       3.1","W","    563.2","","     563.2","W","        72","W","        31","W","         1","W","       42","","         5","W","         1","W","       147","W","        19","W","       167","W","        49","W","        43"," ","         2"," ","        30"," ","  -18.8","W,1231, ","   130"," ,W,0206,+","   127"," ,W,0130, ","  29.7"," ,W,0804, ","   37.8","W,0723,+","-0.5","W,1013","-2.7","W,1104","-6.0","W,1111","-8.8","W,1112","-10.5","W,1113","-0.5","W,0514","-3.8","W,0501","-5.5","W,0319","-14.9","W,0206","-14.9","W,0206","    3507.9","9","    3507.9","W","    304.5"," ,W","","","      402"," ,W","     11.15","W","     18.39","W","      3.91","W","","","","","       320","W","       240","W","","","","","","","","","      21.0","W","      27.7","W","","","",""
"USW00023066","2015","39.13437","-108.54081","1470.4","GRAND JUNCTION WALKER FIELD, CO US","       3.2","W","    562.7","","     562.7","W","        92","W","        41","W","         0","W","       24","","         6","W","         1","W","       136","W","        17","W","       171","W","        51","W","        78"," ","        12"," ","        51"," ","  -20.5","W,1228, ","   100"," ,W,1227,+","   145"," ,W,1225, ","  22.4"," ,W,1022, ","   38.3","W,0630,+","-0.5","W,1028","-2.7","W,1107","-4.9","W,1114","-7.7","W,1122","-10.5","W,1130","0.0","W,0419","-2.7","W,0409","-5.5","W,0403","-8.2","W,0226","-9.3","W,0217","    2905.5","5","    2905.5","W","    337.3"," ,W","","","      508"," ,W","     11.83","W","     19.01","W","      4.65","W","","","","","       340","W","       350","W","","","","","","","","","      18.3","W","      22.8","W","","","",""
"USW00023066","2016","39.13437","-108.54081","1470.4","GRAND JUNCTION WALKER FIELD, CO US","       3.2","W","    675.2","","     675.2","W","        81","W","        32","W","         0","W","       49","","         7","W","         1","W","       132","W","        19","W","       171","W","        69","W","        58"," ","        10"," ","        48"," ","  -18.2","W,0203, ","   130"," ,W,0205,+","   102"," ,W,0201, ","  13.0"," ,W,0428, ","   40.0","W,0621, ","-0.5","W,1004","-5.5","W,1118","-5.5","W,1118","-7.7","W,1130","-9.3","W,1206","-1.0","W,0419","-3.2","W,0327","-4.9","W,0224","-7.1","W,0211","-11.0","W,0209","    3199.0","0","    3199.0","W","    225.2"," ,W","","","      501"," ,W","     11.89","W","     19.10","W","      4.68","W","","","","","       220","W","       220","W","","","","","","","","","      20.6","W","      26.4","W","","","",""
"USW00023066","2017","39.13437","-108.54081","1470.4","GRAND JUNCTION WALKER FIELD, CO US","       3.4","W","    804.0","","     804.0","W","        61","W","        20","W","         0","W","        9","","         5","W","         2","W","       119","W","         5","W","       172","W","        87","W","        36"," ","         3"," ","        34"," ","  -19.9","W,0106, ","    50"," ,W,0109,+","    79"," ,W,0105, ","   7.6"," ,W,0109, ","   38.9","W,0709,+","0.0","W,0925","-2.7","W,1010","-5.5","W,1108","-7.1","W,1118","-9.9","W,1119","-3.8","W,0430","-3.8","W,0430","-8.8","W,0307","-8.8","W,0307","-10.5","W,0226","    2602.3","3","    2602.3","W","    129.6"," ,W","","","      255"," ,W","     13.08","W","     20.80","W","      5.37","W","","","","","       260","W","       250","W","","","","","","","","","      20.6","W","      31.7","W","","","",""
"USW00023066","2018","39.13437","-108.54081","1470.4","GRAND JUNCTION WALKER FIELD, CO US","","","    881.4","","     881.4","W","        58","W","        24","W","         1","W","       10","","         5","W","         0","W","       140","W","        10","W","       169","W","        90","W","        45"," ","         6"," ","        27"," ","  -13.8","W,0122, ","    50"," ,W,1231,+","   109"," ,W,1231, ","  27.2"," ,W,1006, ","   38.9","W,0719,+","-0.5","W,1014","-2.7","W,1015","-5.5","W,1108","-7.1","W,1109","-9.9","W,1203","-2.7","W,0418","-2.7","W,0418","-5.5","W,0319","-8.2","W,0307","-9.9","W,0306","    2782.0","0","    2782.0","W","    208.8"," ,W","","","      453"," ,W","     12.73","W","     20.07","W","      5.39","W","","","","","       310","W","       310","W","","","","","","","","","      24.1","W","      31.3","W","","","",""
"USW00023066","2019","39.13437","-108.54081","1470.4","GRAND JUNCTION WALKER FIELD, CO US","       3.3","W","    701.0","","     701.0","W","        85","W","        23","W","         0","W","       27","","         7","W","         1","W","       148","W","        17","W","       159","W","        73","W","        54"," ","        12"," ","        31"," ","  -19.9","W,0102, ","    80"," ,W,1126,+","    46"," ,W,1126, ","  16.3"," ,W,0302, ","   38.9","W,0722, ","-1.6","W,1010","-7.1","W,1011","-7.1","W,1011","-7.1","W,1011","-13.8","W,1030","0.0","W,0503","-3.8","W,0412","-4.9","W,0226","-7.7","W,0224","-14.3","W,0220","    3178.2","2","    3178.2","W","    218.3"," ,W","","","      354"," ,W","     11.47","W","     18.72","W","      4.21","W","","","","","       310","W","       290","W","","","","","","","","","      20.6","W","      32.6","W","","","",""
"USW00023066","2020","39.13437","-108.54081","1470.4","GRAND JUNCTION WALKER FIELD, CO US","       3.4","W","    814.7","","     814.7","W","        45","W","        13","W","         0","W","       13","","         6","W","         0","W","       135","W","        20","W","       186","W","        82","W","        41"," ","        13"," ","        17"," ","  -17.1","W,1230, ","    50"," ,W,1231,+","   104"," ,W,1025, ","  22.9"," ,W,0319, ","   40.6","W,0713, ","-0.5","W,1024","-6.0","W,1025","-6.0","W,1025","-8.8","W,1026","-11.6","W,1027","-3.8","W,0417","-3.8","W,0417","-7.1","W,0414","-7.1","W,0414","-11.0","W,0227","    3097.3","3","    3097.3","W","    130.6"," ,W","","","      422"," ,W","     12.22","W","     20.04","W","      4.41","W","","","","","       310","W","       300","W","","","","","","","","","      21.9","W","      28.2","W","","","",""
"USW00023066","2021","39.13437","-108.54081","1470.4","GRAND JUNCTION WALKER FIELD, CO US","       3.4","W","    814.0","","     814.0","W","        71","W","        27","W","         0","W","       13","","         4","W","         0","W","       131","W","         4","W","       169","W","        78","W","        47"," ","         5"," ","        32"," ","  -15.5","W,0102,+","    80"," ,W,0125, ","   109"," ,W,1231, ","  23.6"," ,W,0819, ","   41.7","W,0709, ","-0.5","W,1015","-3.8","W,1117","-5.5","W,1122","-8.2","W,1211","-9.9","W,1219","0.0","W,0421","-4.9","W,0420","-4.9","W,0420","-7.1","W,0302","-10.5","W,0228","    3016.7","7","    3016.7","W","    249.0"," ,W","","","      321"," ,W","     12.54","W","     19.99","W","      5.10","W","","","","","       230","W","       330","W","","","","","","","","","      19.2","W","      26.8","W","","","",""
"USW00023066","2022","39.13437","-108.54081","1470.4","GRAND JUNCTION WALKER FIELD, CO US","       3.4","W","    821.0","","     821.0","W","        67","W","        24","W","         1","W","       19","","         6","W","         1","W","       145","W","        15","W","       182","W","        81","W","        51"," ","         5"," ","        39"," ","  -18.8","W,0103, ","   100"," ,W,1231,+","   102"," ,W,1228, ","  30.0"," ,W,0914, ","   39.4","W,0722, ","-1.6","W,1024","-4.9","W,1104","-4.9","W,1104","-7.1","W,1117","-11.6","W,1216","-1.6","W,0521","-3.8","W,0414","-4.9","W,0413","-9.9","W,0311","-9.9","W,0311","    3020.5","5","    3020.5","W","    237.6"," ,W","","","      442"," ,W","     12.01","W","     19.22","W","      4.80","W","","","","","       180","W","       190","W","","","","","","","","","      21.5","W","      28.2","W","","","",""
"USW00023066","2023","39.13437","-108.54081","1470.4","GRAND JUNCTION WALKER FIELD, CO US","       3.2","W","    784.6","","     784.6","W","        61","W","        23","W","         0","W","       20","","         6","W","         0","W","       139","W","         7","W","       181","W","        74","W","        55"," ","        11"," ","        40"," ","  -17.1","W,0216, ","   100"," ,W,0216, ","    86"," ,W,0215, ","  22.4"," ,W,0818, ","   41.7","W,0717, ","-2.1","W,1029","-6.6","W,1030","-6.6","W,1030","-7.1","W,1111","-9.3","W,1125","-4.3","W,0421","-4.3","W,0421","-5.5","W,0406","-8.8","W,0327","-9.3","W,0218","    3068.2","2","    3068.2","W","    191.6"," ,W","","","      488"," ,W","     12.43","W","     19.48","W","      5.38","W","","","","","       230","W","       240","W","","","","","","","","","      20.6","W","      30.9","W","","","",""
"USW00023066","2024","39.13437","-108.54081","1470.4","GRAND JUNCTION WALKER FIELD, CO US","       3.5","W","    985.0","","     985.0","W","        68","W","        31","W","         2","W","        7","","         5","W","         0","W","       111","W","         2","W","       188","W","        94","W","        28"," ","         3"," ","        39"," ","  -15.5","W,0112, ","    80"," ,W,0304,+","   112"," ,W,0303, ","  27.2"," ,W,0620, ","   40.0","W,0712, ","0.0","W,1101","-3.2","W,1107","-6.0","W,1120","-7.7","W,1210","","","-1.6","W,0508","-3.8","W,0407","-8.2","W,0229","-8.2","W,0229","-9.9","W,0116","    2550.7","7","    2550.7","W","    235.5"," ,W","","","      365"," ,W","     14.30","W","     21.58","W","      7.02","W","","","","","       310","W","       290","W","","","","","","","","","      19.7","W","      29.1","W","","","",""
"USW00023066","2025","39.13437","-108.54081","1470.4","GRAND JUNCTION WALKER FIELD, CO US","","","","","","","","","","","","","","","","","","","","","","","","","","","         9"," ","         2"," ","         1"," ","","","","","","","","","","","","","","","","","","","","","","","","","","","","","","","","","","","","","","","","","","","","","","","","","","","","","","","","","","","","","","","","","","","","","",""
