"STATION","DATE","LATITUDE","LONGITUDE","ELEVATION","NAME","AWND","AWND_ATTRIBUTES","CDSD","CDSD_ATTRIBUTES","CLDD","CLDD_ATTRIBUTES","DP01","DP01_ATTRIBUTES","DP10","DP10_ATTRIBUTES","DP1X","DP1X_ATTRIBUTES","DSND","DSND_ATTRIBUTES","DSNW","DSNW_ATTRIBUTES","DT00","DT00_ATTRIBUTES","DT32","DT32_ATTRIBUTES","DX32","DX32_ATTRIBUTES","DX70","DX70_ATTRIBUTES","DX90","DX90_ATTRIBUTES","DYFG","DYFG_ATTRIBUTES","DYHF","DYHF_ATTRIBUTES","DYTS","DYTS_ATTRIBUTES","EMNT","EMNT_ATTRIBUTES","EMSD","EMSD_ATTRIBUTES","EMSN","EMSN_ATTRIBUTES","EMXP","EMXP_ATTRIBUTES","EMXT","EMXT_ATTRIBUTES","FZF0","FZF0_ATTRIBUTES","FZF1","FZF1_ATTRIBUTES","FZF2","FZF2_ATTRIBUTES","FZF3","FZF3_ATTRIBUTES","FZF4","FZF4_ATTRIBUTES","FZF5","FZF5_ATTRIBUTES","FZF6","FZF6_ATTRIBUTES","FZF7","FZF7_ATTRIBUTES","FZF8","FZF8_ATTRIBUTES","FZF9","FZF9_ATTRIBUTES","HDSD","HDSD_ATTRIBUTES","HTDD","HTDD_ATTRIBUTES","PRCP","PRCP_ATTRIBUTES","PSUN","PSUN_ATTRIBUTES","SNOW","SNOW_ATTRIBUTES","TAVG","TAVG_ATTRIBUTES","TMAX","TMAX_ATTRIBUTES","TMIN","TMIN_ATTRIBUTES","TSUN","TSUN_ATTRIBUTES","WDF2","WDF2_ATTRIBUTES","WDF5","WDF5_ATTRIBUTES","WDFG","WDFG_ATTRIBUTES","WDFM","WDFM_ATTRIBUTES","WSF2","WSF2_ATTRIBUTES","WSF5","WSF5_ATTRIBUTES","WSFG","WSFG_ATTRIBUTES","WSFM","WSFM_ATTRIBUTES"
"USW00024128","1878","40.90178","-117.80812","1310.6","WINNEMUCCA AIRPORT, NV US","","","    318.8","","     318.8","Z","        54","0","        23","0","         0","0","","","         3","0","        12","0","       154","Z","         5","0","       137","0","        41","0","","","","","","","  -21.1","Z,1229,+","","","    89"," ,0,0220, ","  13.0"," ,0,0929, ","   37.8","0,0811, ","-1.1","0,0925","-6.1","0,1016","-6.1","0,1016","-6.7","0,1021","-10.6","0,1024","-0.6","0,0530","-2.2","0,0506","-4.4","0,0415","-6.7","0,0309","-10.0","0,0308","    3340.5","5","    3340.5","0","    172.4"," ,0","","","      215"," ,0","      9.68","Z","     17.80","0","      1.57","Z","","","","","","","","","","","","","","","","","",""
"USW00024128","1879","40.90178","-117.80812","1310.6","WINNEMUCCA AIRPORT, NV US","","","    301.4","","     301.4","0","        70","0","        27","0","         0","0","","","        15","0","        10","0","       141","0","        19","0","       138","0","        43","0","","","","","","","  -28.9","0,1224, ","","","   180"," ,0,1208, ","  18.0"," ,0,1208, ","   37.8","0,0809, ","-0.6","0,1002","-5.0","0,1011","-5.0","0,1011","-6.7","0,1101","-10.0","0,1121","-1.1","0,0520","-2.8","0,0511","-6.7","0,0503","-6.7","0,0503","-8.9","0,0301","    3553.2","2","    3553.2","0","    237.9"," ,0","","","     1196"," ,0","      9.71","0","     17.67","0","      1.75","0","","","","","","","","","","","","","","","","","",""
"USW00024128","1880","40.90178","-117.80812","1310.6","WINNEMUCCA AIRPORT, NV US","","","","","","","        56","0","        20","0","         0","0","","","        13","0","","","","","","","","","","","","","","","","","","","","","   206"," ,0,1203, ","  20.6"," ,0,1203, ","","","","","","","","","","","","","","","","","","","","","","","    3818.2","2","    3818.2","0","    166.6"," ,0","","","     1118"," ,0","","","","","","","","","","","","","","","","","","","","","","","",""
"USW00024128","1881","40.90178","-117.80812","1310.6","WINNEMUCCA AIRPORT, NV US","","","    202.5","","     202.5","0","        57","0","        34","0","         1","0","","","        13","0","         0","0","       154","0","         3","0","       149","0","        35","0","","","","","","","  -15.0","0,1118, ","","","   145"," ,0,1201, ","  27.9"," ,0,0130, ","   37.8","0,0806, ","-1.1","0,0910","-3.3","0,0919","-5.6","0,0930","-6.7","0,1007","-8.9","0,1008","0.0","0,0523","-2.2","0,0517","-6.7","0,0412","-6.7","0,0412","-9.4","0,0311","","","","","    301.2"," ,0","","","      748"," ,0","      9.52","0","     17.30","0","      1.73","0","","","","","","","","","","","","","","","","","",""
"USW00024128","1882","40.90178","-117.80812","1310.6","WINNEMUCCA AIRPORT, NV US","","","    285.9","","     285.9","0","        70","0","        32","0","         0","0","","","        11","0","        14","0","       173","0","        30","0","       129","0","        50","0","","","","","","","  -27.2","0,0218, ","","","   163"," ,0,0216, ","  20.3"," ,0,0916, ","   38.9","0,0809, ","-0.6","0,0926","-3.3","0,1014","-4.4","0,1106","-12.8","0,1111","-12.8","0,1111","-1.7","0,0520","-5.0","0,0515","-5.0","0,0515","-7.8","0,0421","-9.4","0,0321","    4148.1","1","    4148.1","0","    265.9"," ,0","","","     1044"," ,0","      8.14","0","     15.91","0","      0.37","0","","","","","","","","","","","","","","","","","",""
"USW00024128","1885","40.90178","-117.80812","1310.6","WINNEMUCCA AIRPORT, NV US","","","    209.4","","     209.4","0","        63","0","        33","0","         1","0","","","         3","0","         0","0","       122","0","         1","0","       149","0","        14","0","","","","","","","  -12.8","0,0101, ","","","   145"," ,0,0207, ","  29.2"," ,0,1104, ","   34.4","0,0814, ","-0.6","0,0926","-6.1","0,1011","-6.1","0,1011","-8.9","0,1212","-8.9","0,1212","-0.6","0,0606","-3.3","0,0523","-4.4","0,0423","-7.2","0,0304","-12.2","0,0208","","","","","    300.0"," ,0","","","      358"," ,0","     10.67","0","     18.02","0","      3.32","0","","","","","","","","","","","","","","","","","",""
"USW00024128","1886","40.90178","-117.80812","1310.6","WINNEMUCCA AIRPORT, NV US","","","    297.9","","     297.9","0","        65","0","        29","0","         0","0","","","        10","0","         0","0","       169","0","         8","0","       139","0","        46","0","","","","","","","  -17.2","0,1116, ","","","   114"," ,0,1120, ","  17.3"," ,0,0613, ","   37.8","0,0711, ","-0.6","0,0905","-2.8","0,0925","-8.3","0,1009","-8.3","0,1009","-8.9","0,1101","-1.7","0,0514","-3.3","0,0509","-6.7","0,0502","-6.7","0,0502","-8.9","0,0319","    3154.7","7","    3154.7","0","    207.5"," ,0","","","      718"," ,0","      9.69","0","     17.71","0","      1.68","0","","","","","","","","","","","","","","","","","",""
"USW00024128","1887","40.90178","-117.80812","1310.6","WINNEMUCCA AIRPORT, NV US","","","    209.6","","     209.6","0","        64","0","        25","0","         0","0","","","         7","0","         1","0","       173","0","        17","0","       152","0","        28","0","","","","","","","  -19.4","0,1126, ","","","   124"," ,0,0214, ","  17.8"," ,0,0414, ","   36.7","0,0622, ","-3.3","0,0831","-3.3","0,0831","-5.6","0,1008","-7.8","0,1020","-10.0","0,1108","-1.1","0,0606","-6.1","0,0513","-6.1","0,0513","-8.3","0,0512","-10.0","0,0228","    3458.5","5","    3458.5","0","    205.2"," ,0","","","      789"," ,0","      9.23","0","     17.78","0","      0.68","0","","","","","","","","","","","","","","","","","",""
"USW00024128","1888","40.90178","-117.80812","1310.6","WINNEMUCCA AIRPORT, NV US","","","    268.3","","     268.3","0","        52","0","        20","0","         0","0","","","         6","0","        11","0","       142","0","        20","0","       155","0","        38","0","","","","","","","  -33.3","0,0115, ","","","   178"," ,0,0120, ","  12.7"," ,0,0120, ","   35.6","0,0811,+","-3.3","0,1014","-3.3","0,1014","-4.4","0,1015","-8.9","0,1101","-8.9","0,1101","-1.1","0,0505","-5.0","0,0502","-5.0","0,0502","-11.7","0,0327","-11.7","0,0327","    3634.4","4","    3634.4","0","    124.3"," ,0","","","      446"," ,0","      9.91","0","     17.83","0","      2.00","0","","","","","","","","","","","","","","","","","",""
"USW00024128","1889","40.90178","-117.80812","1310.6","WINNEMUCCA AIRPORT, NV US","","","    339.8","","     339.8","0","        57","0","        17","0","         0","0","","","        11","0","         9","0","       152","0","        16","0","       151","0","        42","0","","","","","","","  -25.6","0,0119, ","","","   152"," ,0,0117, ","  15.2"," ,0,1211, ","   38.9","0,0729, ","-0.6","0,0912","-3.9","0,1010","-4.4","0,1029","-8.9","0,1104","-8.9","0,1104","-1.1","0,0508","-2.2","0,0420","-6.1","0,0418","-8.9","0,0220","-8.9","0,0220","    3208.4","4","    3208.4","0","    146.4"," ,0","","","      856"," ,0","      9.95","0","     17.89","0","      2.01","0","","","","","","","","","","","","","","","","","",""
"USW00024128","1890","40.90178","-117.80812","1310.6","WINNEMUCCA AIRPORT, NV US","","","","","","","        73","0","        34","0","         0","0","","","        15","0","        14","0","       164","0","        30","0","       149","0","        23","0","","","","","","","  -30.6","0,0109, ","","","   277"," ,0,0112, ","  21.3"," ,0,0112, ","   37.2","0,0724, ","0.0","0,0906","-4.4","0,1003","-4.4","0,1003","-6.7","0,1103","-10.0","0,1107","0.0","0,0512","-6.7","0,0415","-6.7","0,0415","-6.7","0,0415","-13.9","0,0302","","","","","    286.8"," ,0","","","     1394"," ,0","      8.51","0","     16.26","0","      0.77","0","","","","","","","","","","","","","","","","","",""
"USW00024128","1891","40.90178","-117.80812","1310.6","WINNEMUCCA AIRPORT, NV US","","","","","","","        97","0","        32","0","         0","0","","","        12","0","         6","0","       151","0","        19","0","       132","0","        38","0","","","","","","","  -22.2","0,1225, ","","","   127"," ,0,1230, ","  13.2"," ,0,0518, ","   36.7","0,0724, ","-1.1","0,0924","-4.4","0,1002","-4.4","0,1002","-6.7","0,1003","-10.0","0,1108","-1.1","0,0609","-4.4","0,0409","-4.4","0,0409","-7.8","0,0401","-11.1","0,0305","    3599.1","1","    3599.1","0","    246.3"," ,0","","","      847"," ,0","      8.88","0","     16.05","0","      1.71","0","","","","","","","","","","","","","","","","","",""
"USW00024128","1892","40.90178","-117.80812","1310.6","WINNEMUCCA AIRPORT, NV US","","","    249.1","","     249.1","0","        87","0","        29","0","         0","0","","","         8","0","         0","0","       173","0","        17","0","       125","0","        28","0","","","","","","","  -16.1","0,1214, ","","","    81"," ,0,0402,+","  13.2"," ,0,0219, ","   35.6","0,0731, ","-7.8","0,1012","-7.8","0,1012","-7.8","0,1012","-7.8","0,1012","-9.4","0,1017","0.0","0,0513","-5.6","0,0503","-5.6","0,0503","-8.9","0,0215","-8.9","0,0215","","","","","    199.7"," ,0","","","      518"," ,0","      8.87","0","     16.06","0","      1.69","0","","","","","","","","","","","","","","","","","",""
"USW00024128","1893","40.90178","-117.80812","1310.6","WINNEMUCCA AIRPORT, NV US","","","    211.7","","     211.7","0","        84","0","        28","0","         0","0","       44","","        19","0","         8","0","       172","0","        20","0","       128","0","        19","0","","","","","","","  -28.3","0,0201, ","   330"," ,0,0131, ","   254"," ,0,0130, ","  17.3"," ,0,0130, ","   36.7","0,0804, ","-1.1","0,0913","-3.3","0,0921","-6.1","0,1011","-12.2","0,1102","-12.2","0,1102","-0.6","0,0526","-2.2","0,0501","-4.4","0,0419","-6.7","0,0413","-8.9","0,0216","    3756.3","3","    3756.3","0","    200.0"," ,0","","","     1306"," ,0","      8.10","0","     15.20","0","      0.99","0","","","","","","","","","","","","","","","","","",""
"USW00024128","1894","40.90178","-117.80812","1310.6","WINNEMUCCA AIRPORT, NV US","","","    239.8","","     239.8","0","        96","0","        32","0","         0","0","       52","","        16","0","         7","0","       163","0","        34","0","       135","0","        26","0","","","","","","","  -23.9","0,1225, ","   203"," ,0,1226,+","    89"," ,0,0428, ","  14.7"," ,0,0618, ","   35.6","0,0825, ","-3.3","0,0913","-3.3","0,0913","-4.4","0,1028","-8.3","0,1114","-14.4","0,1116","-0.6","0,0612","-3.9","0,0502","-5.0","0,0417","-7.2","0,0322","-11.7","0,0224","    3695.2","2","    3695.2","0","    257.4"," ,0","","","     1158"," ,0","      8.72","0","     16.02","0","      1.43","0","","","","","","","","","","","","","","","","","",""
"USW00024128","1895","40.90178","-117.80812","1310.6","WINNEMUCCA AIRPORT, NV US","","","    227.8","","     227.8","0","        68","0","        23","0","         0","0","       65","","        12","0","        12","0","       167","0","        27","0","       141","0","        23","0","","","","","","","  -25.6","0,0126, ","   229"," ,0,0118, ","   140"," ,0,0118, ","  23.9"," ,0,0502, ","   36.7","0,0805, ","-2.8","0,0914","-2.8","0,0914","-8.9","0,0922","-8.9","0,0922","-8.9","0,0922","-0.6","0,0529","-2.2","0,0415","-7.8","0,0406","-7.8","0,0406","-15.0","0,0315","    3524.9","9","    3524.9","0","    174.7"," ,0","","","      939"," ,0","      8.43","0","     16.37","0","      0.48","0","","","","","","","","","","","","","","","","","",""
"USW00024128","1896","40.90178","-117.80812","1310.6","WINNEMUCCA AIRPORT, NV US","","","    311.4","","     311.4","0","        97","0","        37","0","         0","0","       10","","        14","0","         2","0","       161","0","        10","0","       127","0","        27","0","","","","","","","  -20.0","0,1128, ","    51"," ,0,0305,+","   102"," ,0,0419, ","  13.5"," ,0,0923, ","   36.7","0,0710, ","-1.1","0,0910","-2.8","0,1024","-7.8","0,1104","-7.8","0,1104","-12.2","0,1106","0.0","0,0520","-2.2","0,0517","-5.6","0,0420","-6.7","0,0415","-10.6","0,0331","    3597.2","2","    3597.2","0","    282.5"," ,0","","","      745"," ,0","      9.71","0","     16.76","0","      2.65","0","","","","","","","","","","","","","","","","","",""
"USW00024128","1897","40.90178","-117.80812","1310.6","WINNEMUCCA AIRPORT, NV US","","","    278.9","","     278.9","0","        77","0","        21","0","         0","0","       27","","         4","0","         1","0","       166","0","        17","0","       147","0","        29","0","","","","","","","  -18.9","0,1222, ","   102"," ,0,0217, ","    84"," ,0,1214, ","  10.7"," ,0,0129, ","   36.7","0,0823,+","-2.2","0,0907","-2.2","0,0907","-4.4","0,1027","-7.8","0,1108","-15.0","0,1115","-1.7","0,0508","-3.9","0,0409","-4.4","0,0408","-8.9","0,0330","-8.9","0,0330","    3418.0","0","    3418.0","0","    170.2"," ,0","","","      436"," ,0","      9.22","0","     16.59","0","      1.86","0","","","","","","","","","","","","","","","","","",""
"USW00024128","1898","40.90178","-117.80812","1310.6","WINNEMUCCA AIRPORT, NV US","","","    314.2","","     314.2","0","        62","0","        29","0","         0","0","       49","","        12","0","        12","0","       178","0","        31","0","       132","0","        38","0","","","","","","","  -26.7","0,0124, ","   152"," ,0,0127,+","   109"," ,0,1229, ","  12.7"," ,0,1220, ","   37.8","0,0810, ","-3.3","0,0929","-3.3","0,0929","-6.1","0,1002","-8.3","0,1003","-12.2","0,1109","0.0","0,0603","-5.0","0,0411","-5.0","0,0411","-6.7","0,0330","-9.4","0,0329","    3721.5","5","    3721.5","0","    180.0"," ,0","","","      647"," ,0","      8.67","0","     16.59","0","      0.75","0","","","","","","","","","","","","","","","","","",""
"USW00024128","1899","40.90178","-117.80812","1310.6","WINNEMUCCA AIRPORT, NV US","","","    162.9","","     162.9","0","        73","0","        24","0","         0","0","       36","","        15","0","         3","0","       166","0","        15","0","       124","0","        19","0","","","","","","","  -24.4","0,0206, ","   152"," ,0,0314, ","   152"," ,0,1014, ","  18.0"," ,0,0323, ","   36.7","0,0719,+","-1.1","0,0822","-3.9","0,1002","-5.6","0,1012","-9.4","0,1015","-9.4","0,1015","0.0","0,0530","-2.8","0,0519","-5.6","0,0503","-8.9","0,0426","-8.9","0,0426","    3727.1","1","    3727.1","0","    215.3"," ,0","","","     1164"," ,0","      8.54","0","     15.84","0","      1.23","0","","","","","","","","","","","","","","","","","",""
"USW00024128","1900","40.90178","-117.80812","1310.6","WINNEMUCCA AIRPORT, NV US","","","    185.8","","     185.8","0","        62","0","        23","0","         1","0","        4","","         3","0","         0","0","       164","0","         5","0","       141","0","        22","0","","","","","","","  -15.6","0,1231, ","    76"," ,0,1120, ","   135"," ,0,1121, ","  26.2"," ,0,0512, ","   36.7","0,0729, ","-3.3","0,0918","-3.3","0,0918","-7.2","0,0927","-7.2","0,0927","-12.2","0,1228","0.0","0,0512","-5.6","0,0427","-5.6","0,0427","-7.8","0,0410","-11.1","0,0212","    3365.0","0","    3365.0","0","    189.1"," ,0","","","      348"," ,0","      9.69","0","     17.33","0","      2.05","0","","","","","","","","","","","","","","","","","",""
"USW00024128","1901","40.90178","-117.80812","1310.6","WINNEMUCCA AIRPORT, NV US","","","    241.9","","     241.9","0","        68","0","        26","0","         0","0","       15","","         8","0","         5","0","       157","0","        15","0","       140","0","        31","0","","","","","","","  -20.6","0,0211,+","    76"," ,0,0208,+","    74"," ,0,0207, ","  16.5"," ,0,1202,+","   37.2","0,0730, ","0.0","0,0907","-2.8","0,0927","-6.7","0,1103","-6.7","0,1103","-11.7","0,1212","-0.6","0,0611","-2.8","0,0428","-5.6","0,0426","-7.2","0,0409","-8.9","0,0408","    3640.2","2","    3640.2","0","    222.0"," ,0","","","      470"," ,0","      9.25","0","     17.07","0","      1.43","0","","","","","","","","","","","","","","","","","",""
"USW00024128","1902","40.90178","-117.80812","1310.6","WINNEMUCCA AIRPORT, NV US","","","    206.0","","     206.0","0","        51","0","        15","0","         0","0","        9","","         4","0","         3","0","       169","0","         6","0","       131","0","        29","0","","","","","","","  -26.1","0,0126, ","    25"," ,0,1119,+","    66"," ,0,0424, ","  13.5"," ,0,0702, ","   36.1","0,0806,+","0.0","0,0920","-5.6","0,0926","-5.6","0,0926","-6.7","0,1018","-8.9","0,1101","-1.7","0,0602","-7.8","0,0503","-7.8","0,0503","-7.8","0,0503","-10.0","0,0329","    3471.4","4","    3471.4","0","    127.6"," ,0","","","      285"," ,0","      8.86","0","     16.52","0","      1.19","0","","","","","","","","","","","","","","","","","",""
"USW00024128","1903","40.90178","-117.80812","1310.6","WINNEMUCCA AIRPORT, NV US","","","    157.8","","     157.8","0","        52","0","        17","0","         1","0","       31","","         7","0","        16","0","       172","0","        16","0","       144","0","        18","0","","","","","","","  -29.4","0,0213, ","   305"," ,0,0201, ","   267"," ,0,0127, ","  34.0"," ,0,0127, ","   35.6","0,0818, ","-1.1","0,0909","-3.9","0,0914","-4.4","0,1027","-8.3","0,1108","-11.7","0,1109","0.0","0,0525","-2.2","0,0429","-8.9","0,0412","-8.9","0,0412","-8.9","0,0412","    3794.8","8","    3794.8","0","    166.3"," ,0","","","      652"," ,0","      8.11","0","     16.30","0","     -0.08","0","","","","","","","","","","","","","","","","","",""
"USW00024128","1904","40.90178","-117.80812","1310.6","WINNEMUCCA AIRPORT, NV US","","","    221.9","","     221.9","0","        87","0","        29","0","         0","0","       20","","         7","0","         1","0","       157","0","         8","0","       149","0","        23","0","","","","","","","  -17.8","0,0209, ","   102"," ,0,0323,+","   104"," ,0,0323, ","  12.7"," ,0,0925, ","   35.0","0,0807, ","0.0","0,1013","-4.4","0,1017","-4.4","0,1017","-7.2","0,1114","-11.1","0,1203","-0.6","0,0508","-5.0","0,0424","-5.0","0,0424","-6.7","0,0326","-8.9","0,0210","    3458.8","8","    3458.8","0","    240.7"," ,0","","","      481"," ,0","      9.62","0","     17.50","0","      1.75","0","","","","","","","","","","","","","","","","","",""
"USW00024128","1905","40.90178","-117.80812","1310.6","WINNEMUCCA AIRPORT, NV US","","","    245.6","","     245.6","0","        51","0","        25","0","         0","0","       25","","         9","0","        10","0","       192","0","        19","0","       147","0","        47","0","","","","","","","  -23.9","0,1222, ","   127"," ,0,1231,+","   114"," ,0,0330, ","  12.4"," ,0,0329, ","   38.3","0,0807, ","0.0","0,0918","-4.4","0,0929","-4.4","0,0929","-8.3","0,1009","-11.7","0,1017","-2.2","0,0523","-2.2","0,0523","-5.0","0,0414","-7.2","0,0412","-8.9","0,0331","    3226.1","1","    3226.1","0","    163.2"," ,0","","","      680"," ,0","      8.97","0","     18.00","0","     -0.05","0","","","","","","","","","","","","","","","","","",""
"USW00024128","1906","40.90178","-117.80812","1310.6","WINNEMUCCA AIRPORT, NV US","","","    280.0","","     280.0","0","        78","0","        35","0","         0","0","       54","","        15","0","         7","0","       165","0","        19","0","       146","0","        45","0","","","","","","","  -20.0","0,1130, ","   381"," ,0,0115, ","   208"," ,0,0115, ","  20.1"," ,0,0113, ","   36.1","0,0816,+","0.0","0,0914","-2.2","0,1004","-4.4","0,1017","-8.3","0,1020","-10.0","0,1022","-3.3","0,0517","-3.3","0,0517","-5.0","0,0412","-7.8","0,0319","-11.7","0,0317","    3842.6","6","    3842.6","0","    267.0"," ,0","","","     1137"," ,0","      9.33","0","     17.34","0","      1.33","0","","","","","","","","","","","","","","","","","",""
"USW00024128","1907","40.90178","-117.80812","1310.6","WINNEMUCCA AIRPORT, NV US","","","    139.3","","     139.3","0","        89","0","        38","0","         0","0","       37","","        20","0","         2","0","       137","0","        12","0","       146","0","        18","0","","","","","","","  -20.6","0,0116, ","   178"," ,0,0125, ","   112"," ,0,0310, ","  14.7"," ,0,1207, ","   35.6","0,0801,+","0.0","0,0918","-2.8","0,0919","-4.4","0,1101","-6.7","0,1104","-8.9","0,1116","0.0","0,0514","-2.2","0,0502","-6.1","0,0327","-7.2","0,0326","-8.9","0,0313","    3377.4","4","    3377.4","0","    288.5"," ,0","","","     1087"," ,0","      9.72","0","     17.49","0","      1.96","0","","","","","","","","","","","","","","","","","",""
"USW00024128","1908","40.90178","-117.80812","1310.6","WINNEMUCCA AIRPORT, NV US","","","    272.5","","     272.5","0","        45","0","        20","0","         1","0","        4","","         3","0","         4","0","       200","0","         4","0","       134","0","        42","0","","","","","","","  -20.6","0,1219, ","    51"," ,0,0603,+","    79"," ,0,0603, ","  25.4"," ,0,0907, ","   37.8","0,0808, ","-2.8","0,0924","-2.8","0,0924","-6.1","0,0925","-7.2","0,0926","-8.9","0,1021","-1.1","0,0622","-3.3","0,0517","-6.1","0,0510","-6.7","0,0408","-8.9","0,0402","    3456.9","9","    3456.9","0","    163.2"," ,0","","","      270"," ,0","      8.99","0","     17.75","0","      0.22","0","","","","","","","","","","","","","","","","","",""
"USW00024128","1909","40.90178","-117.80812","1310.6","WINNEMUCCA AIRPORT, NV US","","","    204.1","","     204.1","0","        84","0","        36","0","         0","0","       20","","        10","0","         0","0","       176","0","        18","0","       150","0","        42","0","","","","","","","  -17.2","0,1224, ","   102"," ,0,0221, ","   109"," ,0,0113, ","  25.1"," ,0,1201, ","   37.8","0,0702, ","-1.1","0,0912","-3.3","0,0922","-4.4","0,1026","-8.3","0,1112","-9.4","0,1115","-2.2","0,0524","-2.2","0,0524","-4.4","0,0512","-6.7","0,0511","-16.1","0,0222","    3515.7","7","    3515.7","0","    311.3"," ,0","","","      795"," ,0","      9.26","0","     17.56","0","      0.97","0","","","","","","","","","","","","","","","","","",""
"USW00024128","1910","40.90178","-117.80812","1310.6","WINNEMUCCA AIRPORT, NV US","","","    246.8","","     246.8","0","        60","0","        22","0","         0","0","       60","","         9","0","        13","0","       142","0","        23","0","       177","0","        51","0","","","","","","","  -26.1","0,0203,+","   203"," ,0,0201, ","   147"," ,0,0201, ","  14.5"," ,0,1210, ","   36.7","0,0725,+","-1.1","0,1002","-2.2","0,1005","-4.4","0,1029","-9.4","0,1105","-9.4","0,1105","0.0","0,0516","-3.3","0,0415","-5.0","0,0404","-7.8","0,0217","-10.0","0,0216","    3550.4","4","    3550.4","0","    190.3"," ,0","","","      542"," ,0","      9.84","0","     18.46","0","      1.21","0","","","","","","","","","","","","","","","","","",""
"USW00024128","1911","40.90178","-117.80812","1310.6","WINNEMUCCA AIRPORT, NV US","","","    192.1","","     192.1","0","        70","0","        21","0","         0","0","       24","","         7","0","         6","0","       190","0","        19","0","       138","0","        33","0","","","","","","","  -20.6","0,1230,+","   229"," ,0,0114,+","   234"," ,0,0112, ","  17.5"," ,0,0112, ","   37.2","0,0717, ","0.0","0,0906","-2.2","0,0918","-6.1","0,1003","-8.3","0,1020","-8.9","0,1102","-3.3","0,0527","-3.3","0,0527","-6.1","0,0416","-8.9","0,0414","-8.9","0,0414","    3468.5","5","    3468.5","0","    175.4"," ,0","","","      665"," ,0","      8.31","0","     16.97","0","     -0.36","0","","","","","","","","","","","","","","","","","",""
"USW00024128","1912","40.90178","-117.80812","1310.6","WINNEMUCCA AIRPORT, NV US","","","    191.5","","     191.5","0","        72","0","        26","0","         0","0","       11","","         1","0","         6","0","       192","0","         8","0","       138","0","        29","0","","","","","","","  -23.9","0,0102, ","   102"," ,0,0105,+","    46"," ,0,0313, ","  19.6"," ,0,0608, ","   36.1","0,0728,+","0.0","0,0905","-2.2","0,0917","-5.0","0,1010","-6.7","0,1020","-9.4","0,1124","-3.9","0,0522","-3.9","0,0522","-6.7","0,0422","-6.7","0,0422","-10.0","0,0322","    3747.2","2","    3747.2","0","    187.8"," ,0","","","      224"," ,0","      8.74","0","     17.14","0","      0.33","0","","","","","","","","","","","","","","","","","",""
"USW00024128","1913","40.90178","-117.80812","1310.6","WINNEMUCCA AIRPORT, NV US","","","    236.4","","     236.4","0","        84","0","        31","0","         0","0","       27","","         8","0","         5","0","       182","0","        17","0","       153","0","        30","0","","","","","","","  -25.0","0,0106, ","   203"," ,0,1230, ","   119"," ,0,1224, ","  22.9"," ,0,0418, ","   35.6","0,0824,+","-0.6","0,0923","-3.9","0,0924","-4.4","0,1005","-7.2","0,1006","-9.4","0,1122","0.0","0,0519","-5.6","0,0503","-5.6","0,0503","-6.7","0,0501","-13.3","0,0326","    3801.5","5","    3801.5","0","    286.3"," ,0","","","      552"," ,0","      8.84","0","     17.03","0","      0.66","0","","","","","","","","","","","","","","","","","",""
"USW00024128","1914","40.90178","-117.80812","1310.6","WINNEMUCCA AIRPORT, NV US","","","    266.5","","     266.5","0","        73","0","        28","0","         1","0","       29","","         5","0","         8","0","       166","0","        17","0","       153","0","        37","0","","","","","","","  -23.3","0,1222,+","   102"," ,0,1222,+","    56"," ,0,1210,+","  25.7"," ,0,0620, ","   37.8","0,0813, ","-1.1","0,0908","-5.6","0,0913","-5.6","0,0913","-6.7","0,1108","-11.7","0,1115","-0.6","0,0606","-5.0","0,0417","-5.0","0,0417","-7.2","0,0226","-9.4","0,0206","    3278.3","3","    3278.3","0","    215.3"," ,0","","","      304"," ,0","      9.65","0","     18.17","0","      1.13","0","","","","","","","","","","","","","","","","","",""
"USW00024128","1915","40.90178","-117.80812","1310.6","WINNEMUCCA AIRPORT, NV US","","","    230.6","","     230.6","0","        74","0","        27","0","         0","0","       18","","         8","0","         2","0","       173","0","         7","0","       154","0","        44","0","","","","","","","  -21.1","0,1231, ","    76"," ,0,1216,+","   132"," ,0,0501, ","  22.1"," ,0,0925, ","   38.3","0,0829, ","-2.2","0,0912","-2.2","0,0912","-5.6","0,0914","-6.7","0,1011","-10.0","0,1111","-0.6","0,0520","-4.4","0,0502","-4.4","0,0502","-7.8","0,0319","-9.4","0,0214","    3586.5","5","    3586.5","0","    211.2"," ,0","","","      647"," ,0","      9.58","0","     18.10","0","      1.06","0","","","","","","","","","","","","","","","","","",""
"USW00024128","1916","40.90178","-117.80812","1310.6","WINNEMUCCA AIRPORT, NV US","","","    176.1","","     176.1","0","        61","0","        28","0","         0","0","       44","","        12","0","        13","0","       188","0","        29","0","       146","0","        34","0","","","","","","","  -26.1","0,0121, ","   305"," ,0,0120,+","   142"," ,0,0119, ","  15.7"," ,0,1002, ","   37.8","0,0712, ","-1.1","0,0818","-2.2","0,0910","-4.4","0,1020","-7.8","0,1023","-10.0","0,1108","-1.7","0,0622","-6.7","0,0513","-6.7","0,0513","-6.7","0,0513","-9.4","0,0229","    3595.9","9","    3595.9","0","    189.9"," ,0","","","      843"," ,0","      8.33","0","     17.09","0","     -0.43","0","","","","","","","","","","","","","","","","","",""
"USW00024128","1917","40.90178","-117.80812","1310.6","WINNEMUCCA AIRPORT, NV US","","","    343.8","","     343.8","0","        58","0","        17","0","         1","0","       37","","         9","0","        22","0","       183","0","        32","0","       140","0","        56","0","","","","","","","  -30.0","0,0117, ","   178"," ,0,0123,+","    94"," ,0,0103, ","  28.7"," ,0,0523, ","   38.9","0,0712, ","0.0","0,0914","-5.6","0,1017","-5.6","0,1017","-8.9","0,1018","-8.9","0,1018","0.0","0,0612","-4.4","0,0516","-4.4","0,0516","-9.4","0,0416","-9.4","0,0416","    4389.6","6","    4389.6","0","    156.2"," ,0","","","      504"," ,0","      8.63","0","     17.36","0","     -0.11","0","","","","","","","","","","","","","","","","","",""
"USW00024128","1918","40.90178","-117.80812","1310.6","WINNEMUCCA AIRPORT, NV US","","","    267.0","","     267.0","0","        79","0","        32","0","         0","0","       30","","         9","0","         6","0","       182","0","        16","0","       146","0","        37","0","","","","","","","  -22.8","0,1231, ","   152"," ,0,1124, ","   122"," ,0,1123, ","  16.8"," ,0,0622, ","   37.8","0,0611, ","-0.6","0,1007","-2.8","0,1018","-5.6","0,1026","-6.7","0,1107","-12.8","0,1125","-2.2","0,0522","-2.2","0,0522","-5.6","0,0427","-7.8","0,0405","-8.9","0,0404","    3210.2","2","    3210.2","0","    262.0"," ,0","","","      684"," ,0","      9.18","0","     17.53","0","      0.83","0","","","","","","","","","","","","","","","","","",""
"USW00024128","1919","40.90178","-117.80812","1310.6","WINNEMUCCA AIRPORT, NV US","","","    330.1","","     330.1","0","        54","0","        25","0","         0","0","       30","","        12","0","        14","0","       177","0","        12","0","       155","0","        49","0","","","","","","","  -26.1","0,0101, ","   152"," ,0,1201, ","   157"," ,0,1201, ","  16.8"," ,0,0528, ","   37.8","0,0709, ","-1.1","0,0924","-2.2","0,1004","-7.2","0,1010","-7.2","0,1010","-10.0","0,1031","-2.2","0,0531","-2.2","0,0531","-7.8","0,0414","-7.8","0,0414","-10.0","0,0309","    3548.2","2","    3548.2","0","    169.3"," ,0","","","      811"," ,0","      9.29","0","     17.62","0","      0.96","0","","","","","","","","","","","","","","","","","",""
"USW00024128","1920","40.90178","-117.80812","1310.6","WINNEMUCCA AIRPORT, NV US","","","    217.9","","     217.9","0","        64","0","        25","0","         0","0","       33","","        10","0","         3","0","       189","0","         7","0","       137","0","        44","0","","","","","","","  -20.0","0,0109, ","    76"," ,0,0109,+","    89"," ,0,0316, ","  22.9"," ,0,0301, ","   38.3","0,0815, ","-0.6","0,0924","-5.6","0,1016","-5.6","0,1016","-6.7","0,1030","-9.4","0,1101","-0.6","0,0601","-2.2","0,0524","-6.1","0,0424","-10.0","0,0226","-10.0","0,0226","    3739.1","1","    3739.1","0","    203.7"," ,0","","","      665"," ,0","      8.93","0","     17.00","0","      0.87","0","","","","","","","","","","","","","","","","","",""
"USW00024128","1921","40.90178","-117.80812","1310.6","WINNEMUCCA AIRPORT, NV US","","","    277.7","","     277.7","0","        54","0","        18","0","         0","0","       24","","         6","0","         0","0","       169","0","         6","0","       157","0","        41","0","","","","","","","  -16.7","0,1118, ","   254"," ,0,1224, ","   140"," ,0,1224, ","  15.7"," ,0,0616, ","   35.6","0,0723,+","-1.7","0,0913","-2.8","0,0916","-7.2","0,1024","-7.2","0,1024","-8.9","0,1110","0.0","0,0616","-2.8","0,0427","-9.4","0,0425","-9.4","0,0425","-9.4","0,0425","    3454.9","9","    3454.9","0","    146.4"," ,0","","","      571"," ,0","     10.06","0","     18.50","0","      1.63","0","","","","","","","","","","","","","","","","","",""
"USW00024128","1922","40.90178","-117.80812","1310.6","WINNEMUCCA AIRPORT, NV US","","","    251.6","","     251.6","0","        76","0","        30","0","         0","0","       87","","        18","0","        24","0","       190","0","        34","0","       153","0","        39","0","","","","","","","  -27.8","0,0119, ","   229"," ,0,0211,+","   140"," ,0,0209, ","  16.3"," ,0,0226, ","   37.2","0,0704,+","0.0","0,0929","-2.2","0,1016","-5.0","0,1021","-8.9","0,1029","-8.9","0,1029","0.0","0,0527","-5.6","0,0511","-5.6","0,0511","-6.7","0,0417","-8.9","0,0313","    3956.5","5","    3956.5","0","    234.5"," ,0","","","     1374"," ,0","      7.82","0","     16.10","0","     -0.45","0","","","","","","","","","","","","","","","","","",""
"USW00024128","1923","40.90178","-117.80812","1310.6","WINNEMUCCA AIRPORT, NV US","","","    232.5","","     232.5","0","        79","0","        31","0","         1","0","       37","","         8","0","        11","0","       180","0","        26","0","       121","0","        36","0","","","","","","","  -23.3","0,1227,+","   178"," ,0,0131,+","   140"," ,0,1226, ","  37.8"," ,0,0616, ","   37.8","0,0727, ","-1.1","0,0918","-3.9","0,1014","-5.0","0,1018","-6.7","0,1101","-8.9","0,1118","-1.1","0,0602","-2.2","0,0528","-5.0","0,0430","-7.8","0,0326","-10.6","0,0321","    3744.9","9","    3744.9","0","    239.7"," ,0","","","      649"," ,0","      8.40","0","     16.53","0","      0.27","0","","","","","","","","","","","","","","","","","",""
"USW00024128","1924","40.90178","-117.80812","1310.6","WINNEMUCCA AIRPORT, NV US","","","    273.9","","     273.9","0","        49","0","        17","0","         0","0","       56","","         8","0","        18","0","       196","0","        24","0","       157","0","        44","0","","","","","","","  -32.8","0,1224, ","   229"," ,0,1222, ","   114"," ,0,1208, ","  16.3"," ,0,1221, ","   39.4","0,0630, ","-0.6","0,0912","-6.1","0,0920","-6.1","0,0920","-6.7","0,0926","-10.0","0,1107","-1.1","0,0619","-2.8","0,0505","-5.0","0,0427","-11.1","0,0416","-11.1","0,0416","    3660.9","9","    3660.9","0","    122.3"," ,0","","","      540"," ,0","      8.55","0","     17.56","0","     -0.46","0","","","","","","","","","","","","","","","","","",""
"USW00024128","1925","40.90178","-117.80812","1310.6","WINNEMUCCA AIRPORT, NV US","","","    294.9","","     294.9","0","        97","0","        40","0","         0","0","       21","","         7","0","         0","0","       165","0","         0","0","       147","0","        36","0","","","","","","","  -16.1","0,0116, ","   102"," ,0,0102,+","   147"," ,0,0310, ","  24.9"," ,0,0629, ","   40.0","0,0714, ","0.0","0,0921","-2.8","0,0930","-5.0","0,1024","-7.8","0,1104","-10.0","0,1105","0.0","0,0508","-2.8","0,0424","-5.6","0,0326","-7.2","0,0318","-12.2","0,0311","    3580.5","5","    3580.5","0","    320.9"," ,0","","","      478"," ,0","     10.02","0","     18.03","0","      2.00","0","","","","","","","","","","","","","","","","","",""
"USW00024128","1926","40.90178","-117.80812","1310.6","WINNEMUCCA AIRPORT, NV US","","","    332.4","","     332.4","0","        59","0","        23","0","         0","0","       15","","         8","0","         3","0","       156","0","        11","0","       168","0","        55","0","","","","","","","  -25.6","0,1224, ","   102"," ,0,1226,+","   107"," ,0,0201, ","  12.2"," ,0,0201, ","   38.9","0,0626, ","-0.6","0,0831","-2.2","0,0919","-4.4","0,0924","-7.2","0,1028","-11.1","0,1030","-0.6","0,0511","-2.8","0,0510","-6.7","0,0402","-6.7","0,0402","-8.9","0,0329","    3256.2","2","    3256.2","0","    159.2"," ,0","","","      556"," ,0","     10.39","0","     19.23","0","      1.54","0","","","","","","","","","","","","","","","","","",""
"USW00024128","1927","40.90178","-117.80812","1310.6","WINNEMUCCA AIRPORT, NV US","","","    252.0","","     252.0","0","        84","0","        40","0","         0","0","       21","","        12","0","         5","0","       174","0","        12","0","       141","0","        44","0","","","","","","","  -22.8","0,1230, ","    76"," ,0,1231,+","   107"," ,0,0308, ","  15.5"," ,0,0611, ","   37.2","0,0722, ","-1.1","0,0908","-5.0","0,0914","-5.0","0,0914","-7.2","0,1006","-9.4","0,1123","-2.2","0,0530","-2.2","0,0530","-6.7","0,0420","-6.7","0,0420","-9.4","0,0410","    3508.4","4","    3508.4","0","    279.6"," ,0","","","      924"," ,0","      9.18","0","     17.45","0","      0.90","0","","","","","","","","","","","","","","","","","",""
"USW00024128","1928","40.90178","-117.80812","1310.6","WINNEMUCCA AIRPORT, NV US","","","    252.1","","     252.1","0","        55","0","        22","0","         0","0","       12","","         5","0","         6","0","       182","0","        10","0","       171","0","        41","0","","","","","","","  -19.4","0,1222, ","    51"," ,0,0125,+","    51"," ,0,1012, ","  13.0"," ,0,0325, ","   38.9","0,0726, ","-1.7","0,0909","-3.3","0,0913","-6.7","0,1013","-6.7","0,1013","-8.9","0,1117","-1.1","0,0504","-3.9","0,0503","-8.3","0,0421","-8.3","0,0421","-9.4","0,0219","    3483.8","8","    3483.8","0","    140.7"," ,0","","","      309"," ,0","      9.52","0","     18.18","0","      0.86","0","","","","","","","","","","","","","","","","","",""
"USW00024128","1929","40.90178","-117.80812","1310.6","WINNEMUCCA AIRPORT, NV US","","","    336.6","","     336.6","0","        46","0","        14","0","         0","0","        8","","         2","0","         2","0","       194","0","        10","0","       147","0","        65","0","","","","","","","  -23.3","0,0121, ","    51"," ,0,0122,+","    89"," ,0,0422, ","  13.0"," ,0,0422, ","   38.9","0,0813, ","0.0","0,0904","-2.2","0,0922","-4.4","0,1024","-7.8","0,1025","-11.1","0,1030","-1.1","0,0602","-2.2","0,0528","-10.6","0,0410","-10.6","0,0410","-10.6","0,0410","    3796.1","1","    3796.1","0","     98.2"," ,0","","","      215"," ,0","      9.28","0","     18.48","0","      0.08","0","","","","","","","","","","","","","","","","","",""
"USW00024128","1930","40.90178","-117.80812","1310.6","WINNEMUCCA AIRPORT, NV US","","","    262.8","","     262.8","0","        79","0","        31","0","         0","0","       39","","        13","0","         8","0","       178","0","        29","0","       148","0","        34","0","","","","","","","  -29.4","0,0121, ","   279"," ,0,0127,+","   198"," ,0,1113, ","  19.8"," ,0,0503, ","   37.8","0,0714, ","0.0","0,0912","-3.3","0,1010","-5.0","0,1014","-8.9","0,1016","-8.9","0,1016","-2.2","0,0522","-2.2","0,0522","-5.0","0,0401","-8.3","0,0301","-10.0","0,0226","    3421.0","0","    3421.0","0","    244.5"," ,0","","","     1062"," ,0","      8.86","0","     17.40","0","      0.32","0","","","","","","","","","","","","","","","","","",""
"USW00024128","1931","40.90178","-117.80812","1310.6","WINNEMUCCA AIRPORT, NV US","","","    433.3","","     433.3","0","        56","0","        17","0","         0","0","       15","","         3","0","         4","0","       179","0","        13","0","       175","0","        59","0","","","","","","","  -21.7","0,1215, ","    51"," ,0,1211, ","    58"," ,0,1211, ","  17.3"," ,0,0616, ","   42.2","0,0720, ","0.0","0,0909","-2.2","0,0924","-4.4","0,1012","-8.9","0,1108","-8.9","0,1108","-0.6","0,0519","-2.8","0,0424","-6.1","0,0414","-8.9","0,0329","-8.9","0,0329","    3432.5","5","    3432.5","0","    124.6"," ,0","","","      291"," ,0","     10.22","0","     19.05","0","      1.38","0","","","","","","","","","","","","","","","","","",""
"USW00024128","1932","40.90178","-117.80812","1310.6","WINNEMUCCA AIRPORT, NV US","","","    279.1","","     279.1","0","        81","0","        32","0","         0","0","       64","","        13","0","        20","0","       173","0","        36","0","       147","0","        53","0","","","","","","","  -31.1","0,1212,+","   305"," ,0,0205, ","   104"," ,0,0205, ","  14.7"," ,0,0614, ","   37.2","0,0807,+","-1.1","0,0830","-2.8","0,1010","-4.4","0,1018","-9.4","0,1019","-9.4","0,1019","0.0","0,0426","-2.8","0,0409","-6.7","0,0406","-6.7","0,0406","-9.4","0,0304","    3918.3","3","    3918.3","0","    221.5"," ,0","","","      902"," ,0","      8.52","0","     17.05","0","     -0.02","0","","","","","","","","","","","","","","","","","",""
"USW00024128","1933","40.90178","-117.80812","1310.6","WINNEMUCCA AIRPORT, NV US","","","    369.7","","     369.7","0","        50","0","        19","0","         1","0","       48","","        11","0","        12","0","       187","0","        20","0","       162","0","        55","0","","","","","","","  -32.2","0,0210, ","   254"," ,0,0213,+","   145"," ,0,0317, ","  27.2"," ,0,1030, ","   40.0","0,0812, ","0.0","0,0916","-2.8","0,1013","-5.6","0,1021","-7.8","0,1105","-8.9","0,1106","-1.7","0,0520","-2.8","0,0510","-6.1","0,0414","-6.7","0,0413","-11.1","0,0410","    3923.4","4","    3923.4","0","    144.7"," ,0","","","      871"," ,0","      9.30","0","     18.47","0","      0.13","0","","","","","","","","","","","","","","","","","",""
"USW00024128","1934","40.90178","-117.80812","1310.6","WINNEMUCCA AIRPORT, NV US","","","    365.2","","     365.2","0","        67","0","        28","0","         0","0","       13","","         6","0","         0","0","       141","0","         0","0","       185","0","        64","0","","","","","","","  -13.3","0,1202, ","    76"," ,0,1127, ","    89"," ,0,1127, ","  15.5"," ,0,0208, ","   41.1","0,0728, ","0.0","0,0921","-5.6","0,0925","-5.6","0,0925","-8.3","0,0926","-9.4","0,1128","-0.6","0,0604","-4.4","0,0404","-4.4","0,0404","-6.7","0,0118","-10.6","0,0112","    2677.0","0","    2677.0","0","    231.2"," ,0","","","      351"," ,0","     11.75","0","     20.72","0","      2.78","0","","","","","","","","","","","","","","","","","",""
"USW00024128","1935","40.90178","-117.80812","1310.6","WINNEMUCCA AIRPORT, NV US","","","    303.1","","     303.1","0","        61","0","        33","0","         0","0","       39","","        15","0","         2","0","       187","0","         5","0","       161","0","        55","0","","","","","","","  -21.1","0,0120, ","   152"," ,0,0120,+","   163"," ,0,0409, ","  24.6"," ,0,0530, ","   40.6","0,0714, ","0.0","0,1008","-3.3","0,1013","-5.0","0,1017","-6.7","0,1022","-11.1","0,1023","-2.8","0,0518","-2.8","0,0518","-6.7","0,0424","-6.7","0,0424","-8.9","0,0322","    3346.6","6","    3346.6","0","    269.3"," ,0","","","     1369"," ,0","      9.45","0","     18.11","0","      0.78","0","","","","","","","","","","","","","","","","","",""
"USW00024128","1936","40.90178","-117.80812","1310.6","WINNEMUCCA AIRPORT, NV US","","","    396.0","","     396.0","0","        69","0","        27","0","         0","0","       16","","         7","0","         1","0","       171","0","         4","0","       164","0","        60","0","","","","","","","  -17.8","0,0203, ","   178"," ,0,1231,+","    89"," ,0,1230, ","  17.3"," ,0,0903, ","   40.0","0,0719, ","0.0","0,0915","-2.8","0,0928","-4.4","0,1024","-6.7","0,1029","-11.7","0,1102","-0.6","0,0508","-3.3","0,0409","-4.4","0,0407","-7.2","0,0406","-10.0","0,0326","    3278.9","9","    3278.9","0","    223.1"," ,0","","","      515"," ,0","     10.54","0","     19.38","0","      1.70","0","","","","","","","","","","","","","","","","","",""
"USW00024128","1937","40.90178","-117.80812","1310.6","WINNEMUCCA AIRPORT, NV US","","","    355.5","","     355.5","0","        69","0","        30","0","         0","0","       63","","        16","0","        19","0","       181","0","        35","0","       167","0","        65","0","","","","","","","  -37.8","0,0121, ","   432"," ,0,0131,+","   269"," ,0,1223, ","  19.6"," ,0,1116, ","   38.9","0,0703, ","0.0","0,0923","-2.2","0,0924","-5.6","0,1005","-6.7","0,1006","-10.0","0,1206","0.0","0,0530","-3.9","0,0430","-5.0","0,0423","-6.7","0,0417","-8.9","0,0222","    3902.0","0","    3902.0","0","    238.1"," ,0","","","     1424"," ,0","      9.01","0","     17.89","0","      0.13","0","","","","","","","","","","","","","","","","","",""
"USW00024128","1938","40.90178","-117.80812","1310.6","WINNEMUCCA AIRPORT, NV US","","","    292.4","","     292.4","0","        81","0","        45","0","         0","0","       14","","         7","0","         0","0","       162","0","         9","0","       153","0","        50","0","","","","","","","  -16.1","0,1213,+","    76"," ,0,0117, ","   109"," ,0,0214, ","  20.1"," ,0,0702, ","   38.3","0,0723,+","-2.2","0,1003","-2.2","0,1003","-4.4","0,1105","-9.4","0,1106","-9.4","0,1106","-3.3","0,0507","-3.3","0,0507","-9.4","0,0401","-9.4","0,0401","-9.4","0,0401","    3247.7","7","    3247.7","0","    304.5"," ,0","","","      626"," ,0","      9.73","0","     17.73","0","      1.72","0","","","","","","","","","","","","","","","","","",""
"USW00024128","1939","40.90178","-117.80812","1310.6","WINNEMUCCA AIRPORT, NV US","","","    372.5","","     372.5","0","        74","0","        18","0","         0","0","       20","","        11","0","         2","0","       160","0","         8","0","       182","0","        63","0","","","","","","","  -20.6","0,0209, ","   203"," ,0,0210, ","   109"," ,0,0208, ","  22.9"," ,0,1002, ","   38.9","0,0803,+","-1.1","0,0907","-2.8","0,0915","-5.6","0,1025","-10.6","0,1026","-10.6","0,1026","-1.7","0,0524","-3.9","0,0415","-4.4","0,0315","-6.7","0,0307","-11.7","0,0305","    3392.7","7","    3392.7","0","    198.9"," ,0","","","      753"," ,0","     10.51","0","     19.53","0","      1.50","0","","","","","","","","","","","","","","","","","",""
"USW00024128","1940","40.90178","-117.80812","1310.6","WINNEMUCCA AIRPORT, NV US","","","    438.4","","     438.4","0","        92","0","        38","0","         0","0","        2","","         4","0","         2","0","       139","0","         3","0","       172","0","        71","0","","","","","","","  -19.4","0,1214, ","    25"," ,0,0215,+","    58"," ,0,0214, ","  19.8"," ,0,1026, ","   41.1","0,0811, ","0.0","0,1003","-3.3","0,1005","-4.4","0,1104","-6.7","0,1115","-10.0","0,1123","0.0","0,0422","-2.2","0,0417","-5.0","0,0322","-8.3","0,0313","-10.0","0,0312","    2933.3","3","    2933.3","0","    297.9"," ,0","","","      323"," ,0","     11.23","0","     19.52","0","      2.93","0","","","","","","","","","","","","","","","","","",""
"USW00024128","1941","40.90178","-117.80812","1310.6","WINNEMUCCA AIRPORT, NV US","","","    292.6","","     292.6","0","       100","0","        39","0","         0","0","       14","","         9","0","         0","0","       161","0","         5","0","       145","0","        40","0","","","","","","","  -14.4","0,1226, ","   178"," ,0,1231, ","    89"," ,0,0105, ","  20.1"," ,0,1101, ","   38.9","0,0722, ","0.0","0,0912","-2.8","0,0921","-8.3","0,1006","-8.3","0,1006","-10.0","0,1120","0.0","0,0519","-2.8","0,0421","-4.4","0,0420","-6.7","0,0325","-10.0","0,0315","    3158.1","1","    3158.1","0","    337.2"," ,0","","","      589"," ,0","     10.24","0","     18.11","0","      2.38","0","","","","","","","","","","","","","","","","","",""
"USW00024128","1942","40.90178","-117.80812","1310.6","WINNEMUCCA AIRPORT, NV US","","","    336.9","","     336.9","0","        81","0","        33","0","         0","0","       25","","         7","0","         2","0","       177","0","        13","0","       152","0","        57","0","","","","","","","  -23.9","0,0101, ","   178"," ,0,0101, ","    97"," ,0,0107, ","  23.6"," ,0,1223, ","   38.3","0,0809,+","-1.7","0,0918","-2.8","0,1016","-5.0","0,1026","-7.8","0,1028","-8.9","0,1120","-1.1","0,0529","-2.2","0,0505","-4.4","0,0426","-6.7","0,0424","-11.1","0,0326","    3642.1","1","    3642.1","0","    256.5"," ,0","","","      447"," ,0","      9.45","0","     17.69","0","      1.20","0","","","","","","","","","","","","","","","","","",""
"USW00024128","1943","40.90178","-117.80812","1310.6","WINNEMUCCA AIRPORT, NV US","","","    272.7","","     272.7","0","        66","0","        21","0","         0","0","       10","","         6","0","         1","0","       153","0","         3","0","       161","0","        46","0","","","","","","","  -20.0","0,0118, ","   102"," ,0,1206,+","   117"," ,0,1205, ","  12.7"," ,0,0121, ","   38.9","0,0730, ","-3.9","0,1012","-3.9","0,1012","-4.4","0,1029","-9.4","0,1031","-9.4","0,1031","0.0","0,0603","-2.2","0,0518","-5.6","0,0320","-10.0","0,0318","-10.0","0,0318","    3157.2","2","    3157.2","0","    168.1"," ,0","","","      421"," ,0","     10.48","0","     19.02","0","      1.94","0","","","","","","","","","","","","","","","","","",""
"USW00024128","1944","40.90178","-117.80812","1310.6","WINNEMUCCA AIRPORT, NV US","","","    231.9","","     231.9","0","        85","0","        35","0","         1","0","       31","","        17","0","         2","0","       176","0","        15","0","       150","0","        46","0","","","","","","","  -22.2","0,0107, ","   152"," ,0,0111,+","   117"," ,0,0229, ","  31.0"," ,0,0616, ","   36.7","0,0717, ","-0.6","0,0915","-2.8","0,1002","-5.0","0,1106","-6.7","0,1114","-10.6","0,1125","-2.2","0,0524","-2.2","0,0524","-6.1","0,0425","-7.2","0,0417","-10.0","0,0328","    3655.1","1","    3655.1","0","    263.5"," ,0","","","      963"," ,0","      8.57","0","     16.74","0","      0.40","0","","","","","","","","","","","","","","","","","",""
"USW00024128","1945","40.90178","-117.80812","1310.6","WINNEMUCCA AIRPORT, NV US","","","    341.7","","     341.7","0","       109","0","        43","0","         1","0","       27","","        12","0","         6","0","       171","0","        13","0","       144","0","        60","0","","","","","","","  -21.7","0,0125, ","   178"," ,0,0120,+","   185"," ,0,0117, ","  27.9"," ,0,0623, ","   38.9","0,0726, ","0.0","0,0920","-3.3","0,0924","-5.6","0,0928","-6.7","0,1023","-9.4","0,1202","-1.1","0,0519","-2.2","0,0425","-5.0","0,0423","-6.7","0,0414","-9.4","0,0305","    3555.9","9","    3555.9","0","    370.9"," ,0","","","      999"," ,0","      9.54","0","     17.29","0","      1.79","0","","","","","","","","","","","","","","","","","",""
"USW00024128","1946","40.90178","-117.80812","1310.6","WINNEMUCCA AIRPORT, NV US","","","    319.1","","     319.1","0","        77","0","        29","0","         1","0","       16","","        10","0","         0","0","       177","0","         8","0","       152","0","        51","0","","","","","","","  -16.1","0,1231,+","   102"," ,0,1110, ","   147"," ,0,1110, ","  33.8"," ,0,1001, ","   40.0","0,0803, ","-1.7","0,0917","-2.8","0,1009","-4.4","0,1028","-7.8","0,1029","-10.0","0,1031","0.0","0,0530","-2.2","0,0410","-4.4","0,0401","-7.8","0,0316","-10.0","0,0213","    3320.4","4","    3320.4","0","    271.2"," ,0","","","      789"," ,0","      9.85","0","     18.33","0","      1.36","0","","","","","","","","","","","","","","","","","",""
"USW00024128","1947","40.90178","-117.80812","1310.6","WINNEMUCCA AIRPORT, NV US","","","    256.9","","     256.9","0","        63","0","        19","0","         0","0","       27","","        11","0","         7","0","       161","0","        16","0","       169","0","        58","0","","","","","","","  -25.6","0,0115, ","   127"," ,0,1121, ","   175"," ,0,1121, ","  12.2"," ,0,1101, ","   38.3","0,0719,+","-0.6","0,0918","-3.3","0,0919","-8.3","0,1022","-8.3","0,1022","-8.9","0,1113","-1.1","0,0427","-2.2","0,0423","-4.4","0,0412","-6.7","0,0324","-8.9","0,0306","    3262.8","8","    3262.8","0","    159.1"," ,0","","","      742"," ,0","      9.97","0","     18.77","0","      1.18","0","","","","","","","","","","","","","","","","","",""
"USW00024128","1948","40.90178","-117.80812","1310.6","WINNEMUCCA AIRPORT, NV US","","","    242.3","","     242.3","0","        75","0","        27","0","         0","0","       19","","        14","0","         5","0","       181","0","        14","0","       150","0","        50","0","","","","","         2"," ","  -21.7","0,1224, ","    76"," ,0,1228,+","    79"," ,0,1213, ","  19.1"," ,0,0604, ","   36.7","0,0829,+","-0.6","0,0926","-4.4","0,0927","-4.4","0,0927","-6.7","0,1026","-10.0","0,1105","0.0","0,0511","-2.2","0,0503","-6.7","0,0408","-6.7","0,0408","-10.0","0,0311","    3570.1","1","    3570.1","0","    193.4"," ,0","","","      855"," ,0","      9.09","0","     17.80","0","      0.37","0","","","","","","","","","","","","","","","","","",""
"USW00024128","1949","40.90178","-117.80812","1310.6","WINNEMUCCA AIRPORT, NV US","","","    324.0","","     324.0","0","        67","0","        24","0","         0","0","       52","","        13","0","        30","0","       183","0","        42","0","       164","0","        48","0","","","","","         8"," ","  -33.3","0,0125, ","   305"," ,0,0123,+","    99"," ,0,0122,+","  11.7"," ,0,0515, ","   38.3","0,0803,+","-2.2","0,0917","-2.2","0,0917","-5.0","0,1009","-9.4","0,1018","-9.4","0,1018","0.0","0,0506","-3.9","0,0430","-4.4","0,0409","-6.7","0,0401","-9.4","0,0329","    3873.4","4","    3873.4","0","    158.8"," ,0","","","      908"," ,0","      8.83","0","     17.96","0","     -0.31","0","","","","","","","","","","","","","","","","","",""
"USW00024128","1950","40.90178","-117.80812","1310.6","WINNEMUCCA AIRPORT, NV US","","","    316.7","","     316.7","0","        81","0","        29","0","         1","0","       11","","        10","0","         7","0","       177","0","        14","0","       160","0","        52","0","","","","","","","  -25.6","0,0103, ","    51"," ,0,0116,+","   117"," ,0,0116, ","  39.6"," ,0,1118, ","   40.0","0,0630, ","-5.0","0,0928","-5.0","0,0928","-5.0","0,0928","-8.3","0,0930","-12.2","0,1110","0.0","0,0625","-3.9","0,0519","-4.4","0,0510","-6.7","0,0509","-9.4","0,0313","    3620.2","2","    3620.2","0","    270.2"," ,0","","","      713"," ,0","      9.81","0","     18.77","0","      0.86","0","","","","","","","","","","","","","","","","","",""
"USW00024128","1951","40.90178","-117.80812","1310.6","WINNEMUCCA AIRPORT, NV US","","","    227.1","","     227.1","0","        67","0","        24","0","         1","0","       10","","         9","0","         5","0","       194","0","        22","0","       157","0","        49","0","","","","","         6"," ","  -21.1","0,1209, ","   102"," ,0,1203, ","   140"," ,0,1203, ","  40.1"," ,0,1024, ","   37.8","0,0723,+","-1.7","0,0830","-3.3","0,0912","-6.1","0,1005","-6.7","0,1013","-8.9","0,1017","-1.1","0,0608","-2.8","0,0531","-4.4","0,0514","-6.7","0,0411","-11.1","0,0328","    3296.0","0","    3296.0","0","    219.7"," ,0","","","      666"," ,0","      8.94","0","     18.04","0","     -0.17","0","","","","","","","","","","","","","","","","","",""
"USW00024128","1952","40.90178","-117.80812","1310.6","WINNEMUCCA AIRPORT, NV US","","","    207.6","","     207.6","0","        86","0","        33","0","         0","0","       23","","        14","0","         6","0","       196","0","        12","0","       162","0","        48","0","","","","","","","  -19.4","0,1128, ","   127"," ,0,0307, ","   191"," ,0,0306, ","  15.7"," ,0,0911, ","   35.6","0,0812,+","0.0","0,0908","-2.2","0,1005","-4.4","0,1015","-8.9","0,1102","-8.9","0,1102","0.0","0,0616","-2.2","0,0522","-5.0","0,0415","-11.7","0,0322","-11.7","0,0322","    3823.0","0","    3823.0","0","    262.7"," ,0","","","     1137"," ,0","      8.76","0","     17.83","0","     -0.31","0","","","","","","","","","","","","","","","","","",""
"USW00024128","1953","40.90178","-117.80812","1310.6","WINNEMUCCA AIRPORT, NV US","","","    212.3","","     212.3","0","        67","0","        23","0","         0","0","        3","","         6","0","         0","0","       198","0","         2","0","       146","0","        55","0","","","","","","","  -16.7","0,1230, ","    76"," ,0,0301, ","    38"," ,0,0525, ","  11.4"," ,0,0205, ","   37.8","0,0712,+","-0.6","0,0904","-2.2","0,0923","-5.6","0,1003","-7.2","0,1025","-14.4","0,1118","-0.6","0,0613","-2.2","0,0513","-5.6","0,0512","-10.6","0,0511","-10.6","0,0511","    3591.3","3","    3591.3","0","    160.4"," ,0","","","      228"," ,0","      9.15","0","     18.87","0","     -0.57","0","","","","","","","","","","","","","","","","","",""
"USW00024128","1954","40.90178","-117.80812","1310.6","WINNEMUCCA AIRPORT, NV US","","","    242.2","","     242.2","0","        39","0","        12","0","         0","0","        4","","         4","0","         8","0","       210","0","         5","0","       167","0","        53","0","","","","","         1"," ","  -25.0","0,1227, ","    51"," ,0,0311, ","    41"," ,0,0324,+","   6.4"," ,0,1230, ","   40.0","0,0622, ","-1.1","0,0827","-3.3","0,0916","-5.6","0,0918","-8.3","0,0929","-10.6","0,1027","-0.6","0,0613","-2.2","0,0607","-5.0","0,0606","-7.8","0,0502","-8.9","0,0407","    3358.4","4","    3358.4","0","     79.8"," ,0","","","      247"," ,0","      9.20","0","     19.51","0","     -1.12","0","","","","","","","","","","","","","","","","","",""
"USW00024128","1955","40.90178","-117.80812","1310.6","WINNEMUCCA AIRPORT, NV US","","","    254.5","","     254.5","0","        68","0","        24","0","         0","0","       67","","        16","0","        19","0","       200","0","        21","0","       149","0","        63","0","","","","","","","  -26.1","0,0104, ","   229"," ,0,1206, ","   152"," ,0,1205, ","  12.4"," ,0,0524,+","   38.3","0,0904, ","-0.6","0,0915","-2.2","0,0922","-4.4","0,0926","-7.2","0,1024","-10.0","0,1025","-1.7","0,0705","-2.8","0,0518","-10.6","0,0427","-10.6","0,0427","-10.6","0,0427","    4167.0","0","    4167.0","0","    185.6"," ,0","","","     1065"," ,0","      7.76","0","     17.15","0","     -1.63","0","","","","","","","","","","","","","","","","","",""
"USW00024128","1956","40.90178","-117.80812","1310.6","WINNEMUCCA AIRPORT, NV US","","","    215.2","","     215.2","0","        61","0","        24","0","         0","0","       13","","         6","0","         8","0","       193","0","        11","0","       156","0","        47","0","         3"," ","","","        13"," ","  -26.7","0,1208, ","    76"," ,0,1210,+","    58"," ,0,0217, ","  14.2"," ,0,0122, ","   37.2","0,0719, ","0.0","0,0913","-2.8","0,1013","-7.2","0,1019","-7.2","0,1019","-12.2","0,1028","-1.7","0,0616","-4.4","0,0605","-4.4","0,0605","-8.9","0,0406","-8.9","0,0406","    3640.3","3","    3640.3","0","    185.7"," ,0","","","      342"," ,0","      8.74","0","     18.26","0","     -0.78","0","","","","","","","","","","","","","","","","","",""
"USW00024128","1957","40.90178","-117.80812","1310.6","WINNEMUCCA AIRPORT, NV US","","","    164.0","","     164.0","0","        74","0","        32","0","         0","0","       23","","         7","0","        10","0","       172","0","         9","0","       132","0","        50","0","         9"," ","","","        23"," ","  -28.3","0,0130,+","   127"," ,0,0130,+","   155"," ,0,0125, ","  19.6"," ,0,0420, ","   36.7","0,0705, ","-1.1","0,0909","-5.0","0,0919","-5.0","0,0919","-6.7","0,1029","-8.9","0,1106","0.0","0,0617","-5.6","0,0503","-5.6","0,0503","-6.7","0,0407","-8.9","0,0323","    3775.8","8","    3775.8","0","    255.0"," ,0","","","      478"," ,0","      8.54","0","     17.60","0","     -0.52","0","","","","","","","","","","","","","","","","","",""
"USW00024128","1958","40.90178","-117.80812","1310.6","WINNEMUCCA AIRPORT, NV US","","","    260.5","","     260.5","0","        63","0","        27","0","         1","0","        9","","        11","0","         0","0","       195","0","         4","0","       165","0","        49","0","         4"," ","","","        17"," ","  -17.2","0,1117, ","    76"," ,0,0407,+","    86"," ,0,0306, ","  34.3"," ,0,0610, ","   37.8","0,0813,+","-0.6","0,0914","-4.4","0,0923","-4.4","0,0923","-11.1","0,0924","-11.1","0,0924","-1.1","0,0516","-2.2","0,0514","-4.4","0,0427","-10.0","0,0425","-10.0","0,0425","    3540.5","5","    3540.5","0","    245.0"," ,0","","","      587"," ,0","      9.89","0","     19.34","0","      0.45","0","","","","","","","","","","","","","","","","","",""
"USW00024128","1959","40.90178","-117.80812","1310.6","WINNEMUCCA AIRPORT, NV US","","","    314.8","","     314.8","0","        44","0","        14","0","         0","0","       16","","         5","0","        12","0","       213","0","         7","0","       147","0","        56","0","         1"," ","","","        12"," ","  -23.3","0,1214, ","   203"," ,0,0211, ","   221"," ,0,0211, ","  12.4"," ,0,0211, ","   39.4","0,0722,+","-1.1","0,0916","-2.2","0,0921","-7.2","0,0928","-7.2","0,0928","-10.6","0,1031","0.0","0,0601","-2.8","0,0530","-5.6","0,0516","-10.0","0,0504","-10.0","0,0504","    3437.6","6","    3437.6","0","    103.7"," ,0","","","      468"," ,0","      8.91","0","     19.20","0","     -1.39","0","","","","","","","","","","","","","","","","","",""
"USW00024128","1960","40.90178","-117.80812","1310.6","WINNEMUCCA AIRPORT, NV US","","","    293.0","","     293.0","0","        63","0","        29","0","         0","0","       21","","         4","0","         7","0","       191","0","        14","0","       166","0","        56","0","        12"," ","","","        17"," ","  -25.6","0,0113, ","    76"," ,0,0123,+","    53"," ,0,0203, ","  17.8"," ,0,0207, ","   40.6","0,0718, ","0.0","0,0822","-2.2","0,0823","-4.4","0,1013","-6.7","0,1019","-11.1","0,1027","-3.3","0,0621","-3.3","0,0621","-7.2","0,0519","-7.2","0,0519","-8.9","0,0426","    3792.1","1","    3792.1","0","    206.5"," ,0","","","      347"," ,0","      9.23","0","     18.87","0","     -0.41","0","","","","","","","","","","","","","","","","","",""
"USW00024128","1961","40.90178","-117.80812","1310.6","WINNEMUCCA AIRPORT, NV US","","","    319.7","","     319.7","0","        71","0","        24","0","         0","0","       12","","         4","0","         8","0","       203","0","         6","0","       152","0","        55","0","         7"," ","","","        21"," ","  -26.7","0,1211, ","   102"," ,0,1121, ","   107"," ,0,1120, ","  17.5"," ,0,0917, ","   40.0","0,0804, ","-1.7","0,0903","-5.0","0,0923","-5.0","0,0923","-6.7","0,1022","-13.3","0,1106","0.0","0,0602","-3.9","0,0527","-4.4","0,0516","-8.9","0,0505","-8.9","0,0505","    3491.5","5","    3491.5","0","    198.5"," ,0","","","      337"," ,0","      9.25","0","     18.83","0","     -0.33","0","","","","","","","","","","","","","","","","","",""
"USW00024128","1962","40.90178","-117.80812","1310.6","WINNEMUCCA AIRPORT, NV US","","","    194.5","","     194.5","0","        57","0","        25","0","         0","0","       46","","         9","0","        19","0","       194","0","        16","0","       163","0","        47","0","        23"," ","","","         5"," ","  -30.0","0,0123, ","   178"," ,0,0221,+","   213"," ,0,0220, ","  14.2"," ,0,0215, ","   37.8","0,0814,+","-1.7","0,0909","-2.2","0,0930","-5.0","0,1006","-6.7","0,1018","-9.4","0,1107","-2.8","0,0605","-2.8","0,0605","-6.1","0,0430","-6.7","0,0429","-9.4","0,0313","    3896.6","6","    3896.6","0","    174.1"," ,0","","","      849"," ,0","      8.74","0","     18.10","0","     -0.62","0","","","","","","","","","","","","","","","","","",""
"USW00024128","1963","40.90178","-117.80812","1310.6","WINNEMUCCA AIRPORT, NV US","","","    160.4","","     160.4","0","        79","0","        31","0","         1","0","        9","","         6","0","        13","0","       167","0","         9","0","       148","0","        45","0","         8"," ","","","        27"," ","  -31.1","0,0112, ","   102"," ,0,0130, ","    86"," ,0,1220,+","  27.2"," ,0,0614, ","   36.7","0,0806, ","0.0","0,0924","-2.8","0,1023","-5.0","0,1024","-8.9","0,1031","-8.9","0,1031","0.0","0,0512","-2.2","0,0430","-4.4","0,0428","-7.8","0,0423","-13.3","0,0416","    3557.4","4","    3557.4","0","    276.6"," ,0","","","      463"," ,0","      9.23","0","     18.41","0","      0.05","0","","","","","","","","","","","","","","","","","",""
"USW00024128","1964","40.90178","-117.80812","1310.6","WINNEMUCCA AIRPORT, NV US","","","    182.3","","     182.3","0","        77","0","        30","0","         0","0","       46","","        18","0","         6","0","       203","0","         9","0","       155","0","        48","0","        19"," ","","","        11"," ","  -20.0","0,1118, ","   127"," ,0,1113, ","   122"," ,0,0422, ","  20.6"," ,0,0609, ","   36.7","0,0725, ","-0.6","0,0830","-5.0","0,0919","-5.0","0,0919","-7.2","0,1017","-9.4","0,1024","-1.7","0,0521","-3.3","0,0509","-5.6","0,0506","-6.7","0,0424","-8.9","0,0423","    3636.5","5","    3636.5","0","    266.9"," ,0","","","     1300"," ,0","      8.42","0","     17.53","0","     -0.69","0","","","","","","","","","","","","","","","","","",""
"USW00024128","1965","40.90178","-117.80812","1310.6","WINNEMUCCA AIRPORT, NV US","","","    161.7","","     161.7","0","        76","0","        29","0","         0","0","       17","","         9","0","         5","0","       200","0","        12","0","       154","0","        22","0","        15"," ","         8"," ","        22"," ","  -22.8","0,0101, ","    76"," ,0,0507,+","    84"," ,0,0506, ","  10.7"," ,0,0616, ","   36.1","0,0807,+","0.0","0,0909","-6.1","0,0917","-6.1","0,0917","-8.3","0,0918","-10.0","0,1110","0.0","0,0526","-2.2","0,0515","-10.6","0,0506","-10.6","0,0506","-10.6","0,0506","    3557.2","2","    3557.2","0","    198.1"," ,0","      60.9","X","      546"," ,0","      8.89","0","     17.93","0","     -0.15","0","   165474","X","","","","","","","       225","X","","","","","","","      21.0","X"
"USW00024128","1966","40.90178","-117.80812","1310.6","WINNEMUCCA AIRPORT, NV US","","","    260.8","","     260.8","0","        47","0","        17","0","         0","0","       25","","         8","0","         3","0","       188","0","         4","0","       180","0","        59","0","         9"," ","         4"," ","         9"," ","  -19.4","0,1227, ","    76"," ,0,1207,+","    91"," ,0,0206, ","   9.4"," ,0,0606, ","   38.3","0,0729, ","-0.6","0,0902","-3.9","0,1004","-4.4","0,1010","-8.3","0,1013","-11.7","0,1014","0.0","0,0604","-2.8","0,0502","-6.1","0,0429","-10.0","0,0427","-10.0","0,0427","    3491.8","8","    3491.8","0","    115.0"," ,0","      61.3","X","      525"," ,0","      9.60","0","     19.20","0","      0.01","0","   172284","X","","","","","","","       225","X","","","","","","","      17.0","X"
"USW00024128","1967","40.90178","-117.80812","1310.6","WINNEMUCCA AIRPORT, NV US","","","    328.6","","     328.6","0","        63","0","        26","0","         0","0","       27","","        10","0","         2","0","       194","0","         9","0","       152","0","        65","0","         8"," ","         2"," ","        18"," ","  -18.3","0,1219, ","   152"," ,0,0331, ","   107"," ,0,0312, ","  13.0"," ,0,0424, ","   38.3","0,0701, ","0.0","0,0912","-5.0","0,0914","-5.0","0,0914","-6.7","0,1006","-11.1","0,1029","-1.1","0,0603","-4.4","0,0514","-4.4","0,0514","-6.7","0,0421","-10.6","0,0325","    3570.0","0","    3570.0","0","    196.2"," ,0","      51.5","X","      808"," ,0","      9.45","0","     18.56","0","      0.33","0","   141174","X","","","","","","","       225","X","","","","","","","      17.0","X"
"USW00024128","1968","40.90178","-117.80812","1310.6","WINNEMUCCA AIRPORT, NV US","","","    272.6","","     272.6","0","        69","0","        32","0","         0","0","       24","","         9","0","         2","0","       185","0","         5","0","       143","0","        47","0","        13"," ","         4"," ","        16"," ","  -19.4","0,1220, ","   178"," ,0,1223, ","   147"," ,0,1223, ","  20.3"," ,0,1103, ","   39.4","0,0728, ","-1.7","0,0916","-2.8","0,0920","-5.6","0,0921","-6.7","0,1009","-11.1","0,1202","0.0","0,0526","-2.8","0,0517","-4.4","0,0516","-6.7","0,0507","-8.9","0,0423","    3402.7","7","    3402.7","0","    215.7"," ,0","      58.0","X","      667"," ,0","      9.52","0","     18.39","0","      0.65","0","   161334","X","","","","","","","       225","X","","","","","","","      17.0","X"
"USW00024128","1969","40.90178","-117.80812","1310.6","WINNEMUCCA AIRPORT, NV US","","","    243.7","","     243.7","0","        65","0","        32","0","         0","0","       37","","        12","0","         1","0","       180","0","         6","0","       154","0","        59","0","        18"," ","         3"," ","        13"," ","  -23.3","0,0129, ","   152"," ,0,0225, ","   102"," ,0,0223, ","  24.1"," ,0,1223, ","   39.4","0,0810, ","-1.7","0,0904","-3.3","0,1003","-8.3","0,1004","-8.3","0,1004","-9.4","0,1005","0.0","0,0520","-5.0","0,0430","-5.0","0,0430","-8.3","0,0324","-9.4","0,0309","    3501.8","8","    3501.8","0","    246.2"," ,0","      69.0","X","      944"," ,0","      9.30","0","     18.48","0","      0.12","0","   190704","X","","","","","","","       135","X","","","","","","","      20.1","X"
"USW00024128","1970","40.90178","-117.80812","1310.6","WINNEMUCCA AIRPORT, NV US","","","    320.6","","     320.6","0","        73","0","        30","0","         0","0","       25","","         5","0","         6","0","       202","0","        12","0","       145","0","        71","0","        15"," ","         1"," ","        20"," ","  -22.8","0,0103, ","    51"," ,0,1222,+","   165"," ,0,0426, ","  17.3"," ,0,0426, ","   39.4","0,0719,+","-9.4","0,0914","-9.4","0,0914","-9.4","0,0914","-9.4","0,0914","-9.4","0,0914","-1.1","0,0611","-4.4","0,0511","-4.4","0,0511","-6.7","0,0428","-10.0","0,0423","    3622.9","9","    3622.9","0","    231.4"," ,0","      71.3","X","      442"," ,0","      9.24","0","     18.83","0","     -0.35","0","   194682","X","","","","","","","       270","X","","","","","","","      22.8","X"
"USW00024128","1971","40.90178","-117.80812","1310.6","WINNEMUCCA AIRPORT, NV US","","","    360.1","","     360.1","0","        78","0","        28","0","         1","0","       28","","        12","0","        12","0","       214","0","        15","0","       149","0","        67","0","        22"," ","         4"," ","        15"," ","  -22.8","0,0104, ","   102"," ,0,1227,+","   165"," ,0,0424, ","  25.4"," ,0,0626, ","   41.1","0,0728, ","-1.7","0,0903","-2.8","0,0915","-7.8","0,0919","-7.8","0,0919","-10.6","0,1028","-1.1","0,0603","-2.2","0,0519","-6.7","0,0518","-6.7","0,0518","-10.0","0,0403","    3608.4","4","    3608.4","0","    233.7"," ,0","      73.6","X","     1143"," ,0","      8.83","0","     18.53","0","     -0.87","0","   202008","X","","","","","","","       270","X","","","","","","","      18.8","X"
"USW00024128","1972","40.90178","-117.80812","1310.6","WINNEMUCCA AIRPORT, NV US","","","    395.0","","     395.0","0","        67","0","        22","0","         0","0","       32","","         9","0","        17","0","       186","0","        24","0","       161","0","        69","0","        13"," ","         6"," ","        16"," ","  -36.7","0,1209, ","   178"," ,0,1216,+","   130"," ,0,1206, ","  20.8"," ,0,1004, ","   41.1","0,0809, ","-3.3","0,0912","-3.3","0,0912","-5.0","0,0920","-7.8","0,0925","-11.1","0,1027","-1.7","0,0611","-6.1","0,0511","-6.1","0,0511","-6.7","0,0501","-14.4","0,0430","    3656.7","7","    3656.7","0","    168.6"," ,0","      66.2","X","      685"," ,0","      9.48","0","     18.83","0","      0.13","0","   185604","X","","","","","","","       135","X","","","","","","","      15.2","X"
"USW00024128","1973","40.90178","-117.80812","1310.6","WINNEMUCCA AIRPORT, NV US","","","    312.7","","     312.7","0","        76","0","        29","0","         0","0","       13","","        14","0","         3","0","       191","0","        11","0","       164","0","        71","0","        13"," ","         4"," ","        13"," ","  -20.0","0,0108,+","    76"," ,0,0131,+","    91"," ,0,0131, ","  16.8"," ,0,0531, ","   39.4","0,0710,+","-3.3","0,0902","-3.3","0,0902","-10.0","0,1003","-10.0","0,1003","-10.0","0,1003","-0.6","0,0619","-2.8","0,0618","-4.4","0,0425","-12.8","0,0408","-12.8","0,0408","    3788.3","3","    3788.3","0","    202.2"," ,0","      64.0","X","      744"," ,0","      9.75","0","     18.84","0","      0.66","0","   178974","X","","","","","","","       225","X","","","","","","","      21.0","X"
"USW00024128","1974","40.90178","-117.80812","1310.6","WINNEMUCCA AIRPORT, NV US","","","    309.5","","     309.5","0","        59","0","        23","0","         0","0","       17","","        12","0","        11","0","       188","0","        18","0","       164","0","        84","0","        13"," ","         2"," ","         7"," ","  -26.1","0,1231, ","   127"," ,0,0303, ","   132"," ,0,0303, ","  17.3"," ,0,1028, ","   40.6","0,0630, ","-1.1","0,0820","-3.9","0,0912","-6.7","0,0928","-6.7","0,0928","-9.4","0,1005","0.0","0,0711","-3.9","0,0608","-6.7","0,0518","-6.7","0,0518","-10.0","0,0413","    3245.9","9","    3245.9","0","    161.3"," ,0","      69.0","X","      683"," ,0","      9.76","0","     19.93","0","     -0.41","0","   190020","X","","","","","       225","X","       225","X","","","","","      27.8","X","      22.4","X"
"USW00024128","1975","40.90178","-117.80812","1310.6","WINNEMUCCA AIRPORT, NV US","","","    262.7","","     262.7","0","        82","0","        25","0","         0","0","       26","","        15","0","         4","0","       177","0","        14","0","       147","0","        50","0","        21"," ","         3"," ","        12"," ","  -28.3","0,0101, ","   127"," ,0,0105, ","    94"," ,0,1213, ","  17.8"," ,0,0819, ","   41.1","0,0727,+","0.0","0,1007","-5.6","0,1023","-5.6","0,1023","-6.7","0,1024","-10.6","0,1109","0.0","0,0626","-2.2","0,0525","-5.0","0,0430","-6.7","0,0429","-8.9","0,0401","    3728.4","4","    3728.4","0","    218.6"," ,0","      62.6","X","      859"," ,0","      9.23","0","     17.96","0","      0.50","0","   173532","X","","","","","       315","X","       225","X","","","","","      25.2","X","      16.5","X"
"USW00024128","1976","40.90178","-117.80812","1310.6","WINNEMUCCA AIRPORT, NV US","","","    259.9","","     259.9","0","        49","0","        22","0","         0","0","        2","","         8","0","         4","0","       178","0","         2","0","       183","0","        52","0","         6"," ","         3"," ","         9"," ","  -19.4","0,1221, ","    25"," ,0,0302,+","    51"," ,0,0412, ","  21.1"," ,0,0915,+","   39.4","0,0715, ","-1.1","0,1004","-2.2","0,1013","-7.8","0,1019","-7.8","0,1019","-8.9","0,1020","-0.6","0,0529","-7.2","0,0428","-7.2","0,0428","-7.2","0,0428","-8.9","0,0417","    3209.3","3","    3209.3","0","    185.9"," ,0","      75.3","X","      341"," ,0","     10.26","0","     20.67","0","     -0.16","0","   203352","X","","","","","       225","X","       225","X","","","","","      26.7","X","      19.7","X"
"USW00024128","1977","40.90178","-117.80812","1310.6","WINNEMUCCA AIRPORT, NV US","","","    399.8","","     399.8","0","        61","0","        29","0","         1","0","       15","","         8","0","         5","0","       194","0","         5","0","       167","0","        70","0","         7"," ","         4"," ","        16"," ","  -21.7","0,1120, ","    51"," ,0,1121,+","    81"," ,0,0102, ","  35.1"," ,0,0609, ","   40.0","0,0802,+","-0.6","0,0918","-2.2","0,0920","-4.4","0,0921","-6.7","0,1007","-10.0","0,1108","0.0","0,0528","-3.9","0,0506","-7.8","0,0420","-7.8","0,0420","-8.9","0,0331","    3398.7","7","    3398.7","0","    205.4"," ,0","      70.7","X","      485"," ,0","     10.37","0","     20.40","0","      0.34","0","   192840","X","","","","","       360","X","       315","X","","","","","      28.8","X","      20.1","X"
"USW00024128","1978","40.90178","-117.80812","1310.6","WINNEMUCCA AIRPORT, NV US","","","    261.2","","     261.2","0","        67","0","        30","0","         0","0","       16","","        10","0","         6","0","       174","0","        10","0","       165","0","        50","0","         5"," ","         2"," ","         9"," ","  -22.8","0,1230, ","    51"," ,0,1219,+","    64"," ,0,1218,+","  12.2"," ,0,0415, ","   40.0","0,0804,+","-1.1","0,0823","-3.9","0,0919","-6.7","0,0920","-6.7","0,0920","-10.0","0,1022","-2.2","0,0625","-2.2","0,0625","-5.0","0,0316","-8.3","0,0315","-8.9","0,0228","    3030.7","7","    3030.7","0","    206.0"," ,0","      69.1","X","      556"," ,0","      9.69","0","     19.05","0","      0.33","0","   191922","X","","","","","        45","X","       225","X","","","","","      35.0","X","      25.5","X"
"USW00024128","1979","40.90178","-117.80812","1310.6","WINNEMUCCA AIRPORT, NV US","","","    316.8","","     316.8","0","        75","0","        28","0","         0","0","       21","","         9","0","        11","0","       166","0","        13","0","       170","0","        65","0","         6"," ","         5"," ","        16"," ","  -23.9","0,0203, ","   102"," ,0,0301, ","   114"," ,0,0228, ","  14.7"," ,0,0813, ","   41.1","0,0716, ","0.0","0,0928","-2.8","0,1026","-5.6","0,1027","-7.8","0,1029","-8.9","0,1030","0.0","0,0608","-2.2","0,0511","-4.4","0,0425","-7.2","0,0420","-8.9","0,0419","    3599.2","2","    3599.2","0","    222.5"," ,0","      67.7","X","      669"," ,0","     10.12","0","     19.73","0","      0.51","0","   185646","X","","","","","       225","X","       225","X","","","","","      38.0","X","      17.0","X"
"USW00024128","1980","40.90178","-117.80812","1310.6","WINNEMUCCA AIRPORT, NV US","","","    246.5","","     246.5","0","        65","0","        24","0","         0","0","        5","","         1","0","         4","0","       157","0","         6","0","       158","0","        56","0","        10"," ","         5"," ","        22"," ","  -18.3","0,1213,+","    51"," ,0,0119,+","    43"," ,0,0117, ","  18.8"," ,0,0113, ","   40.6","0,0722, ","-2.2","0,0921","-2.2","0,0921","-6.7","0,1018","-6.7","0,1018","-10.6","0,1022","0.0","0,0606","-3.9","0,0416","-6.1","0,0412","-7.8","0,0411","-9.4","0,0407","    3227.9","9","    3227.9","0","    187.2"," ,0","      67.6","X","       97"," ,0","     10.11","0","     19.43","0","      0.79","0","   186210","X","","","","","       225","X","       315","X","","","","","      25.2","X","      15.2","X"
"USW00024128","1981","40.90178","-117.80812","1310.6","WINNEMUCCA AIRPORT, NV US","","","    325.8","","     325.8","0","        70","0","        31","0","         0","0","        1","","         2","0","         0","0","       185","0","         1","0","       152","0","        77","0","        14"," ","         4"," ","        10"," ","  -14.4","0,0106, ","    25"," ,0,0129, ","    61"," ,0,1231, ","  20.6"," ,0,1123, ","   40.6","0,0704, ","-1.1","0,0922","-3.3","0,0923","-5.0","0,1004","-7.8","0,1023","-10.6","0,1129","-1.1","0,0615","-3.3","0,0613","-8.9","0,0507","-8.9","0,0507","-8.9","0,0507","    3271.2","2","    3271.2","0","    214.6"," ,0","      68.6","X","      263"," ,0","     10.39","0","     19.93","0","      0.86","0","   190866","X","","","","","       270","X","       225","X","","","","","      24.2","X","      18.3","X"
"USW00024128","1982","40.90178","-117.80812","1310.6","WINNEMUCCA AIRPORT, NV US","","","    250.2","","     250.2","0","        86","0","        26","0","         0","0","       17","","         8","0","         0","0","       196","0","        16","0","       136","0","        46","0","         6"," ","","","        17"," ","  -16.7","0,0107, ","   178"," ,0,0319, ","   163"," ,0,0318, ","  21.8"," ,0,0701, ","   38.3","0,0730, ","-2.2","0,0911","-2.2","0,0911","-5.6","0,1008","-8.9","0,1019","-8.9","0,1019","0.0","0,0607","-2.2","0,0606","-4.4","0,0429","-7.8","0,0417","-12.2","0,0211","    3416.2","2","    3416.2","0","    230.4"," ,0","      62.4","X","      771"," ,0","      8.62","0","     16.95","0","      0.29","0","   169956","X","","","","","       135","X","       135","X","","","","","      23.6","X","      17.4","X"
"USW00024128","1983","40.90178","-117.80812","1310.6","WINNEMUCCA AIRPORT, NV US","","","    184.2","","     184.2","0","       120","0","        52","0","         0","0","       26","","         8","0","         1","0","       157","0","        10","0","       139","0","        43","0","        19"," ","         2"," ","        36"," ","  -18.3","0,1222, ","   178"," ,0,1225,+","   150"," ,0,0120, ","  20.1"," ,0,1203, ","   42.2","0,0806, ","-1.7","0,0910","-2.2","0,0921","-4.4","0,1014","-6.7","0,1016","-10.6","0,1108","-1.7","0,0710","-3.3","0,0517","-5.0","0,0512","-6.7","0,0415","-10.0","0,0414","    3612.5","5","    3612.5","0","    368.4"," ,0","      63.1","X","      781"," ,0","      9.58","0","     17.64","0","      1.51","0","   175650","X","","","","","       225","X","       225","X","","","","","      24.2","X","      18.8","X"
"USW00024128","1984","40.90178","-117.80812","1310.6","WINNEMUCCA AIRPORT, NV US","       3.6","X","    277.1","","     277.1","0","        97","0","        35","0","         0","0","       50","","         6","0","         4","0","       193","0","        23","0","       139","0","        54","0","        32"," ","        12"," ","        29"," ","  -21.1","0,1217, ","    76"," ,0,1220,+","   112"," ,0,1016, ","  21.8"," ,0,0722, ","   38.3","0,0809, ","-4.4","0,0922","-4.4","0,0922","-4.4","0,0922","-7.2","0,0925","-8.9","0,1125","-2.8","0,0609","-2.8","0,0609","-5.0","0,0507","-7.2","0,0506","-11.1","0,0222","    3679.5","5","    3679.5","0","    327.8"," ,0","","","      648"," ,0","      8.47","0","     16.74","0","      0.21","0","   181792","X","","","","","       270","X","       225","X","","","","","      25.7","X","      17.0","X"
"USW00024128","1985","40.90178","-117.80812","1310.6","WINNEMUCCA AIRPORT, NV US","       3.8","X","    304.5","","     304.5","0","        61","0","        24","0","         0","0","       72","","        17","0","        26","0","       213","0","        35","0","       160","0","        55","0","        51"," ","        25"," ","        20"," ","  -33.3","0,0204, ","   229"," ,0,0207,+","   145"," ,0,1110, ","  15.2"," ,0,1230,+","   38.9","0,0709,+","-3.3","0,0919","-3.3","0,0919","-4.4","0,0928","-7.2","0,1009","-10.0","0,1010","-3.9","0,0530","-3.9","0,0530","-5.6","0,0513","-10.6","0,0426","-10.6","0,0426","    3927.8","8","    3927.8","0","    178.5"," ,0","","","     1085"," ,0","      7.72","0","     17.02","0","     -1.57","0","","","","","","","       225","X","","","","","","","      25.2","X","",""
"USW00024128","1986","40.90178","-117.80812","1310.6","WINNEMUCCA AIRPORT, NV US","       4.1","X","    343.1","","     343.1","0","        56","0","        16","0","         0","0","        0","","         3","0","         0","0","       188","0","         1","0","       153","0","        66","0","        20"," ","        11"," ","        19"," ","  -17.2","0,1211,+","     0","T,0,1227,+","    46"," ,0,0212, ","  16.8"," ,0,1001, ","   37.8","0,0815,+","-1.7","0,0910","-3.3","0,0918","-6.1","0,0921","-7.8","0,1012","-8.9","0,1013","-1.7","0,0523","-6.7","0,0522","-6.7","0,0522","-6.7","0,0522","-8.9","0,0403","    3515.4","4","    3515.4","0","    140.5"," ,0","","","      194"," ,0","     10.34","0","     19.60","0","      1.08","0","   192710","X","","","","","       225","X","","","","","","","      27.2","X","",""
"USW00024128","1987","40.90178","-117.80812","1310.6","WINNEMUCCA AIRPORT, NV US","       3.9","X","    278.5","","     278.5","0","        65","0","        25","0","         0","0","       20","","         5","0","        13","0","       169","0","        17","0","       184","0","        62","0","        28"," ","         6"," ","        26"," ","  -21.1","0,0116, ","    76"," ,0,0320, ","    97"," ,0,0319, ","  22.9"," ,0,0515, ","   38.9","0,0804, ","-0.6","0,0904","-2.2","0,0917","-6.7","0,1014","-6.7","0,1014","-9.4","0,1123","0.0","0,0601","-2.8","0,0502","-4.4","0,0421","-8.9","0,0420","-8.9","0,0420","    3504.7","7","    3504.7","0","    230.2"," ,0","","","      462"," ,0","      9.96","0","     19.49","0","      0.42","0","   225109","X","","","","","       315","X","","","","","","","      23.1","X","",""
"USW00024128","1988","40.90178","-117.80812","1310.6","WINNEMUCCA AIRPORT, NV US","       4.1","X","    394.3","","     394.3","0","        62","0","        22","0","         0","0","       30","","         6","0","         5","0","       183","0","        11","0","       170","0","        75","0","        20"," ","         1"," ","        11"," ","  -26.7","0,1229, ","   152"," ,0,0105,+","   102"," ,0,0103, ","  16.5"," ,0,1123, ","   41.1","0,0624, ","-1.7","0,0911","-2.2","0,0913","-7.2","0,0918","-7.2","0,0918","-9.4","0,1118","-0.6","0,0609","-2.8","0,0508","-7.2","0,0502","-7.2","0,0502","-10.6","0,0408","    3406.9","9","    3406.9","0","    171.5"," ,0","","","      488"," ,0","     10.01","0","     19.56","0","      0.47","0","   226327","X","","","","","       315","X","","","","","","","      25.7","X","",""
"USW00024128","1989","40.90178","-117.80812","1310.6","WINNEMUCCA AIRPORT, NV US","       3.7","X","    245.0","","     245.0","0","        56","0","        21","0","         0","0","       48","","         5","0","        12","0","       178","0","        19","0","       167","0","        48","0","        12"," ","         3"," ","        12"," ","  -29.4","0,0208,+","   152"," ,0,0202, ","   140"," ,0,0201, ","  14.7"," ,0,0917, ","   40.6","0,0719, ","0.0","0,0911","-6.7","0,1005","-6.7","0,1005","-6.7","0,1005","-8.9","0,1029","-1.7","0,0531","-3.3","0,0529","-4.4","0,0428","-7.2","0,0320","-9.4","0,0216","    3532.2","2","    3532.2","0","    142.1"," ,0","","","      392"," ,0","      9.05","0","     18.74","0","     -0.65","0","   229936","X","","","","","       270","X","","","","","","","      21.6","X","",""
"USW00024128","1990","40.90178","-117.80812","1310.6","WINNEMUCCA AIRPORT, NV US","       3.9","X","    338.1","","     338.1","0","        63","0","        23","0","         0","0","       46","","        10","0","        19","0","       177","0","        27","0","       171","0","        66","0","         7"," ","         1"," ","        18"," ","  -38.3","0,1222, ","   127"," ,0,1219, ","   109"," ,0,1219, ","  14.7"," ,0,0820, ","   40.6","0,0807,+","-2.2","0,1003","-2.2","0,1003","-8.9","0,1008","-8.9","0,1008","-8.9","0,1008","-3.3","0,0516","-3.3","0,0516","-5.0","0,0401","-7.2","0,0331","-11.7","0,0313","    3440.0","0","    3440.0","0","    162.1"," ,0","","","      641"," ,0","      9.29","0","     18.88","0","     -0.30","0","","","","","","","       135","X","","","","","","","      21.1","X","",""
"USW00024128","1991","40.90178","-117.80812","1310.6","WINNEMUCCA AIRPORT, NV US","       3.7","X","    314.1","","     314.1","0","        72","0","        24","0","         0","0","       17","","         7","0","         5","0","       184","0","        12","0","       153","0","        65","0","        14"," ","         5"," ","        15"," ","  -22.8","0,0105,+","   127"," ,0,0112,+","    81"," ,0,0313, ","  19.3"," ,0,0909, ","   38.3","0,0705,+","-0.6","0,0923","-2.2","0,1004","-7.8","0,1023","-7.8","0,1023","-10.6","0,1024","0.0","0,0614","-2.8","0,0605","-6.7","0,0428","-6.7","0,0428","-8.9","0,0417","    3841.1","1","    3841.1","0","    198.6"," ,0","","","      473"," ,0","      9.44","0","     18.63","0","      0.25","0","","","","","","","       225","X","","","","","","","      23.1","X","",""
"USW00024128","1992","40.90178","-117.80812","1310.6","WINNEMUCCA AIRPORT, NV US","       3.8","X","    339.5","","     339.5","0","        54","0","        10","0","         0","0","       15","","         3","0","         6","0","       175","0","         9","0","       182","0","        63","0","        14"," ","         7"," ","        14"," ","  -22.8","0,1219, ","    76"," ,0,1231,+","    56"," ,0,1217, ","  14.5"," ,0,0306, ","   40.0","0,0812, ","-0.6","0,0825","-2.2","0,0826","-4.4","0,0925","-7.8","0,1015","-10.6","0,1109","-1.1","0,0615","-6.7","0,0423","-6.7","0,0423","-6.7","0,0423","-9.4","0,0203","    3020.1","1","    3020.1","0","    106.0"," ,0","","","      222"," ,0","     10.52","0","     20.02","0","      1.04","0","","","","","","","       315","X","","","","","","","      22.1","X","",""
"USW00024128","1993","40.90178","-117.80812","1310.6","WINNEMUCCA AIRPORT, NV US","       3.7","X","    153.4","","     153.4","0","        71","0","        25","0","         0","0","       50","","        11","0","        13","0","       165","0","        22","0","       150","0","        36","0","        12"," ","         3"," ","         8"," ","  -21.7","0,1126, ","   356"," ,0,0119, ","   193"," ,0,0107, ","  14.7"," ,0,0107, ","   37.2","0,0803, ","-0.6","0,0913","-3.9","0,0924","-4.4","0,1025","-6.7","0,1026","-11.1","0,1102","-0.6","0,0603","-2.2","0,0501","-6.1","0,0419","-8.3","0,0301","-11.7","0,0228","    3678.4","4","    3678.4","0","    185.4"," ,0","","","      836"," ,0","      8.50","0","     17.25","0","     -0.25","0","","","","","","","       225","X","","","","","","","      26.2","X","",""
"USW00024128","1994","40.90178","-117.80812","1310.6","WINNEMUCCA AIRPORT, NV US","       3.6","X","    376.4","","     376.4","0","        66","0","        27","0","         0","0","       15","","         8","0","         1","0","       174","0","        11","0","       160","0","        76","0","        27"," ","         3"," ","        15"," ","  -17.8","0,1119, ","   102"," ,0,1216,+","   160"," ,0,1212, ","  20.1"," ,0,1105, ","   39.4","0,0728, ","0.0","0,0910","-5.0","0,1003","-5.0","0,1003","-7.8","0,1029","-11.7","0,1030","-1.1","0,0501","-2.8","0,0412","-7.8","0,0405","-7.8","0,0405","-11.1","0,0320","    3407.1","1","    3407.1","0","    192.9"," ,0","","","      576"," ,0","      9.98","0","     19.04","0","      0.92","0","","","","","","","","","","","","","","","","","",""
"USW00024128","1995","40.90178","-117.80812","1310.6","WINNEMUCCA AIRPORT, NV US","       3.5","X","    200.9","","     200.9","0","        85","0","        35","0","         0","0","","","","","         3","0","       163","0","         1","0","       145","0","        53","0","        44"," ","         6"," ","","","  -19.4","0,1226,+","","","","","  16.0"," ,0,0506, ","   38.3","0,0728, ","0.0","0,0923","-3.3","0,0930","-6.7","0,1006","-6.7","0,1006","-10.6","0,1022","0.0","0,0713","-2.2","0,0424","-5.0","0,0423","-6.7","0,0422","-9.4","0,0410","    3519.4","4","    3519.4","0","    249.7"," ,0","","","","","      9.93","0","     19.02","0","      0.83","0","","","       200","X","       200","X","","","","","      21.5","X","      28.2","X","","","",""
"USW00024128","1996","40.90178","-117.80812","1310.6","WINNEMUCCA AIRPORT, NV US","       3.6","X","    318.8","","     318.8","0","        78","0","        32","0","         0","0","","","","","         3","0","       171","0","        10","0","       157","0","        65","0","        62"," ","        11"," ","         1"," ","  -18.9","0,0203,+","","","","","  23.9"," ,0,1221, ","   38.9","0,0723, ","-0.6","0,0906","-3.3","0,0917","-4.4","0,1014","-10.0","0,1017","-10.0","0,1017","-1.7","0,0524","-2.2","0,0520","-4.4","0,0505","-11.7","0,0329","-11.7","0,0329","    3263.5","5","    3263.5","0","    272.8"," ,0","","","","","      9.95","0","     18.99","0","      0.92","0","","","       240","X","       240","X","","","","","      22.8","X","      25.9","X","","","",""
"USW00024128","1997","40.90178","-117.80812","1310.6","WINNEMUCCA AIRPORT, NV US","","","    209.5","","     209.5","0","        65","0","        25","0","         0","0","","","","","         2","0","       186","0","         4","0","       171","0","        41","0","        37"," ","         7"," ","         2"," ","  -19.4","0,0123, ","","","","","  18.0"," ,0,0613, ","   38.9","0,0807, ","-1.1","0,0916","-2.2","0,0921","-5.6","0,1008","-12.2","0,1025","-12.2","0,1025","-2.2","0,0526","-2.2","0,0526","-7.8","0,0413","-7.8","0,0413","-10.6","0,0412","    3352.0","0","    3352.0","0","    201.0"," ,0","","","","","      9.55","0","     18.73","0","      0.36","0","","","","","","","","","","","","","","","","","",""
"USW00024128","1998","40.90178","-117.80812","1310.6","WINNEMUCCA AIRPORT, NV US","       3.2","X","    293.4","","     293.4","0","       114","0","        51","0","         2","0","","","","","         9","0","       180","0","        13","0","       129","0","        55","0","        85"," ","         6"," ","        38"," ","  -25.6","0,1221, ","","","","","  29.2"," ,0,0510, ","   40.6","0,0716, ","-0.6","0,0922","-2.2","0,1004","-5.6","0,1005","-7.2","0,1016","-11.1","0,1017","-1.1","0,0617","-3.9","0,0527","-5.6","0,0417","-6.7","0,0415","-13.3","0,0330","    3582.7","7","    3582.7","0","    410.0"," ,0","","","","","      9.04","0","     17.35","0","      0.73","0","","","       220","X","       210","X","","","","","      21.5","X","      26.8","X","","","",""
"USW00024128","1999","40.90178","-117.80812","1310.6","WINNEMUCCA AIRPORT, NV US","       3.5","X","    208.5","","     208.5","0","        54","0","        17","0","         0","0","","","","","         2","0","       203","0","         3","0","       167","0","        57","0","        35"," ","         7"," ","        22"," ","  -18.3","0,1208, ","","","","","  10.7"," ,0,0603, ","   37.8","0,0712,+","-2.2","0,0904","-2.2","0,0904","-4.4","0,0929","-10.0","0,1017","-10.0","0,1017","-0.6","0,0611","-2.2","0,0607","-7.8","0,0516","-7.8","0,0516","-10.0","0,0510","    3664.0","0","    3664.0","0","    135.8"," ,0","","","","","      9.26","0","     19.38","0","     -0.87","0","","","       250","X","       250","X","","","","","      21.5","X","      24.1","X","","","",""
"USW00024128","2000","40.90178","-117.80812","1310.6","WINNEMUCCA AIRPORT, NV US","       3.2","X","    262.7","","     262.7","0","        66","0","        34","0","         0","0","","","         8","0","         1","0","       183","0","         2","0","       164","0","        65","0","        56"," ","         9"," ","        17"," ","  -18.9","0,0106, ","","","    48"," ,0,0306,+","  22.6"," ,0,0516, ","   41.1","0,0731, ","-0.6","0,0906","-3.3","0,0924","-4.4","0,0925","-6.7","0,1104","-8.9","0,1107","-1.7","0,0531","-7.2","0,0512","-7.2","0,0512","-7.2","0,0512","-9.4","0,0331","    3210.8","8","    3210.8","0","    251.3"," ,0","","","      315"," ,0","      9.76","0","     19.17","0","      0.36","0","","","       230","X","       220","X","","","","","      20.6","X","      24.6","X","","","",""
"USW00024128","2001","40.90178","-117.80812","1310.6","WINNEMUCCA AIRPORT, NV US","       3.4","X","    341.7","","     341.7","0","        58","0","        20","0","         0","0","","","        11","0","         0","0","       184","0","        11","0","       176","0","        74","0","        52"," ","        14"," ","        18"," ","  -17.2","0,0117, ","","","   107"," ,0,1129, ","   9.9"," ,0,0407, ","   41.1","0,0703, ","-1.7","0,0907","-4.4","0,1009","-4.4","0,1009","-7.2","0,1010","-11.7","0,1024","0.0","0,0614","-5.0","0,0604","-5.0","0,0604","-6.7","0,0504","-8.9","0,0410","    3593.8","8","    3593.8","0","    123.6"," ,0","","","      670"," ,0","     10.09","0","     19.57","0","      0.61","0","","","       150","X","       240","X","","","","","      20.6","X","      24.6","X","","","",""
"USW00024128","2002","40.90178","-117.80812","1310.6","WINNEMUCCA AIRPORT, NV US","       3.3","X","    345.8","","     345.8","0","        58","0","        20","0","         0","0","        6","","         4","0","         4","0","       203","0","         7","0","       167","0","        69","0","        35"," ","         4"," ","        14"," ","  -19.4","0,1102, ","    25"," ,0,0318,+","    41"," ,0,0119, ","  20.8"," ,0,1108, ","   42.8","0,0711, ","0.0","0,0808","-3.3","0,0926","-4.4","0,1002","-7.2","0,1003","-9.4","0,1013","-0.6","0,0611","-3.9","0,0512","-6.1","0,0509","-12.2","0,0508","-12.2","0,0508","    3376.7","7","    3376.7","0","    155.1"," ,0","","","      185"," ,0","      9.60","0","     19.35","0","     -0.15","0","","","       240","X","       230","X","","","","","      19.2","X","      23.2","X","","","",""
"USW00024128","2003","40.90178","-117.80812","1310.6","WINNEMUCCA AIRPORT, NV US","       3.3","X","    391.8","","     391.8","0","        63","0","        26","0","         0","0","        5","","         7","0","         0","0","       171","0","         6","0","       163","0","        79","0","        51"," ","         6"," ","        18"," ","  -16.7","0,1123, ","    76"," ,0,1229, ","    81"," ,0,1212, ","  17.8"," ,0,0127, ","   41.7","0,0723,+","-1.1","0,0914","-5.6","0,1011","-5.6","0,1011","-7.8","0,1013","-11.7","0,1101","-3.9","0,0520","-3.9","0,0520","-6.7","0,0501","-6.7","0,0501","-11.1","0,0319","    3328.9","9","    3328.9","0","    214.4"," ,0","","","      435"," ,0","     10.48","0","     19.67","0","      1.30","0","","","       220","X","       240","X","","","","","      17.4","X","      26.4","X","","","",""
"USW00024128","2004","40.90178","-117.80812","1310.6","WINNEMUCCA AIRPORT, NV US","       3.4","X","    319.5","","     319.5","0","        56","0","        23","0","         0","0","       38","","        11","0","         0","0","       181","0","        14","0","       170","0","        56","0","        46"," ","         8"," ","        23"," ","  -15.6","0,1130, ","   102"," ,0,0207,+","   102"," ,0,0207, ","  16.3"," ,0,1111, ","   38.3","0,0812, ","-1.1","0,0904","-3.3","0,0921","-6.1","0,1031","-8.3","0,1101","-9.4","0,1120","-1.1","0,0530","-3.9","0,0512","-5.0","0,0423","-6.7","0,0328","-10.0","0,0213","    3274.9","9","    3274.9","0","    170.7"," ,0","","","      664"," ,0","      9.82","0","     18.47","0","      1.17","0","","","       290","X","       300","X","","","","","      20.1","X","      25.9","X","","","",""
"USW00024128","2005","40.90178","-117.80812","1310.6","WINNEMUCCA AIRPORT, NV US","       3.2","X","    287.2","","     287.2","0","        87","0","        32","0","         0","0","       57","","         9","0","         3","0","       185","0","        23","0","       143","0","        64","0","        82"," ","        27"," ","        12"," ","  -22.8","0,0113, ","   229"," ,0,0113,+","   140"," ,0,1218, ","  18.3"," ,0,1231,+","   41.1","0,0715, ","-4.4","0,0911","-4.4","0,0911","-4.4","0,0911","-8.9","0,1115","-8.9","0,1115","0.0","0,0619","-2.8","0,0606","-7.2","0,0415","-7.2","0,0415","-10.6","0,0210","    3716.6","6","    3716.6","0","    257.5"," ,0","","","      744"," ,0","      8.99","0","     17.67","0","      0.30","0","","","       220","X","       210","X","","","","","      17.4","X","      23.7","X","","","",""
"USW00024128","2006","40.90178","-117.80812","1310.6","WINNEMUCCA AIRPORT, NV US","       3.0","W","    339.3","","     339.3","0","        76","0","        27","0","         1","0","       28","","         7","0","         7","0","       188","0","         8","0","       157","0","        68","0","        56"," ","         7"," ","        22"," ","  -21.7","0,1129, ","    76"," ,0,1225,+","    69"," ,0,1221, ","  30.7"," ,0,0405, ","   40.6","0,0721, ","-1.7","0,0916","-3.9","0,0917","-4.4","0,0924","-7.2","0,1018","-11.7","0,1026","0.0","0,0530","-3.3","0,0529","-4.4","0,0419","-7.8","0,0322","-10.0","0,0320","    3467.8","8","    3467.8","0","    235.4"," ,0","","","      436"," ,0","      9.28","0","     18.68","0","     -0.12","0","","","       260","X","       160","X","","","","","      19.2","X","      29.5","X","","","",""
"USW00024128","2007","40.90178","-117.80812","1310.6","WINNEMUCCA AIRPORT, NV US","       3.0","W","    385.3","","     385.3","0","        53","0","        21","0","         0","0","       14","","         6","0","         8","0","       192","0","        16","0","       169","0","        79","0","        46"," ","         7"," ","        13"," ","  -24.4","0,0113, ","    76"," ,0,1229,+","   117"," ,0,0226, ","  12.4"," ,0,0209, ","   41.1","0,0705, ","-1.7","0,0911","-5.0","0,0924","-5.0","0,0924","-6.7","0,0925","-9.4","0,1103","-4.4","0,0523","-4.4","0,0523","-4.4","0,0523","-6.7","0,0419","-10.0","0,0322","    3629.0","0","    3629.0","0","    156.2"," ,0","","","      477"," ,0","      9.59","0","     19.43","0","     -0.25","0","","","       220","X","       220","X","","","","","      20.1","X","      26.4","X","","","",""
"USW00024128","2008","40.90178","-117.80812","1310.6","WINNEMUCCA AIRPORT, NV US","       3.2","W","    336.1","","     336.1","0","        69","0","        19","0","         0","0","       37","","        13","0","         4","0","       196","0","        14","0","       155","0","        70","0","        65"," ","        15"," ","        13"," ","  -24.4","0,1217, ","   178"," ,0,1226, ","   147"," ,0,1224, ","   8.9"," ,0,0526, ","   37.2","0,0807,+","0.0","0,0903","-2.2","0,0923","-6.1","0,1009","-8.9","0,1010","-8.9","0,1010","-0.6","0,0608","-6.7","0,0513","-6.7","0,0513","-6.7","0,0513","-10.6","0,0501","    3748.5","5","    3748.5","0","    142.6"," ,0","","","      905"," ,0","      9.29","0","     18.75","0","     -0.18","0","","","       270","X","       250","X","","","","","      19.7","X","      26.8","X","","","",""
"USW00024128","2009","40.90178","-117.80812","1310.6","WINNEMUCCA AIRPORT, NV US","       3.1","W","    326.6","","     326.6","0","        59","0","        26","0","         0","0","       34","","         8","0","         5","0","       187","0","        16","0","       157","0","        66","0","        67"," ","        15"," ","        17"," ","  -24.4","0,1210,+","   152"," ,0,1213, ","   102"," ,0,0304, ","  12.2"," ,0,0123, ","   40.0","0,0718, ","0.0","0,0922","-3.9","0,0930","-6.7","0,1001","-6.7","0,1001","-9.4","0,1028","0.0","0,0504","-2.2","0,0430","-5.6","0,0429","-8.3","0,0405","-12.8","0,0404","    3379.8","8","    3379.8","0","    184.9"," ,0","","","      640"," ,0","      9.46","0","     18.60","0","      0.33","0","","","","","","","","","","","","","","","","","",""
"USW00024128","2010","40.90178","-117.80812","1310.6","WINNEMUCCA AIRPORT, NV US","","","    269.8","","     269.8","0","        84","0","        40","0","         1","0","       31","","         9","0","         3","0","       187","0","        11","0","       148","0","        63","0","        79"," ","         9"," ","        12"," ","  -23.3","0,1125, ","   127"," ,0,1122,+","   132"," ,0,1120, ","  26.2"," ,0,0422, ","   39.4","0,0716, ","0.0","0,0831","-2.8","0,0906","-4.4","0,1026","-6.7","0,1109","-16.1","0,1123","-3.3","0,0617","-3.3","0,0617","-5.0","0,0523","-7.2","0,0506","-10.0","0,0401","    3742.4","4","    3742.4","0","    311.3"," ,0","","","      756"," ,0","      9.38","0","     17.88","0","      0.89","0","","","","","","","","","","","","","","","","","",""
"USW00024128","2011","40.90178","-117.80812","1310.6","WINNEMUCCA AIRPORT, NV US","       2.9","W","    238.3","","     238.3","X","        68","X","        35","X","         0","X","       26","","         9","X","         7","X","       194","X","         6","X","       147","X","        63","X","        54"," ","        12"," ","        21"," ","  -22.8","X,1223,+","   229"," ,X,0226, ","   180"," ,X,0225, ","  19.6"," ,X,0306, ","   37.8","X,0729, ","-1.1","X,0902","-3.9","X,1009","-11.1","X,1026","-11.1","X,1026","-11.1","X,1026","-1.7","X,0617","-3.3","X,0516","-6.1","X,0504","-6.7","X,0501","-13.3","X,0301","    3669.0","0","    3669.0","X","    233.6"," ,X","","","      777"," ,X","      8.57","X","     17.94","X","     -0.80","X","","","       150","X","       150","X","","","","","      23.2","X","      28.2","X","","","",""
"USW00024128","2012","40.90178","-117.80812","1310.6","WINNEMUCCA AIRPORT, NV US","","","    365.7","","     365.7","X","        59","X","        22","X","         0","X","       17","","         7","X","         9","X","       179","X","         7","X","       175","X","        80","X","        35"," ","        10"," ","        10"," ","  -25.0","X,1231, ","   178"," ,X,1230,+","   122"," ,X,1226, ","  11.2"," ,X,0318, ","   39.4","X,0712, ","0.0","X,0913","-3.3","X,1004","-6.7","X,1007","-6.7","X,1007","-11.7","X,1110","-4.4","X,0610","-4.4","X,0610","-4.4","X,0610","-8.9","X,0405","-8.9","X,0405","    3479.2","2","    3479.2","X","    148.1"," ,X","","","      805"," ,X","     10.31","X","     20.24","X","      0.38","X","","","","","","","","","","","","","","","","","",""
"USW00024128","2013","40.90178","-117.80812","1310.6","WINNEMUCCA AIRPORT, NV US","       2.9","W","    410.6","","     410.6","W","        54","W","        19","W","         1","W","       64","","         7","W","        31","W","       205","W","        39","W","       160","W","        69","W","        32"," ","         6"," ","         9"," ","  -32.1","W,1209, ","   200"," ,W,1208, ","   168"," ,W,1207, ","  26.4"," ,W,1028, ","   41.7","W,0701, ","-0.5","W,0919","-3.2","W,1003","-5.5","W,1004","-7.1","W,1005","-9.3","W,1105","-2.1","W,0620","-2.7","W,0524","-4.9","W,0503","-10.5","W,0418","-10.5","W,0418","    3595.0","0","    3595.0","W","    145.7"," ,W","","","      602"," ,W","      8.61","W","     18.32","W","     -1.10","W","","","       270","W","       270","W","","","","","      23.3","W","      29.5","W","","","",""
"USW00024128","2014","40.90178","-117.80812","1310.6","WINNEMUCCA AIRPORT, NV US","       3.3","W","    361.7","","     361.7","W","        63","W","        26","W","         0","W","       14","","         2","W","         0","W","       171","W","         2","W","       169","W","        56","W","        43"," ","         2"," ","        12"," ","  -16.0","W,0201, ","   130"," ,W,0131, ","    99"," ,W,0131, ","  20.8"," ,W,0927, ","   41.1","W,0714, ","-1.6","W,1001","-2.7","W,1002","-4.9","W,1022","-7.7","W,1027","-9.9","W,1111","-2.1","W,0618","-3.8","W,0508","-4.9","W,0428","-7.1","W,0414","-9.3","W,0323","    3492.3","3","    3492.3","W","    217.9"," ,W","","","      235"," ,W","     10.93","W","     20.06","W","      1.81","W","","","       280","W","       260","W","","","","","      19.7","W","      26.4","W","","","",""
"USW00024128","2015","40.90178","-117.80812","1310.6","WINNEMUCCA AIRPORT, NV US","","","    329.0","","     329.0","W","        74","W","        34","W","         0","W","        9","","         6","W","         4","W","       165","W","         9","W","       168","W","        68","W","        63"," ","         9"," ","         8"," ","  -21.0","W,1231, ","    80"," ,W,1231, ","    51"," ,W,1217, ","  23.1"," ,W,1102, ","   40.0","W,0627, ","-0.5","W,0905","-4.3","W,0906","-5.5","W,1106","-7.7","W,1111","-10.0","W,1122","-2.7","W,0513","-2.7","W,0513","-5.5","W,0419","-9.3","W,0416","-9.3","W,0416","    2959.5","5","    2959.5","W","    276.8"," ,W","","","      313"," ,W","     10.74","W","     20.03","W","      1.45","W","","","","","","","","","","","","","","","","","",""
"USW00024128","2016","40.90178","-117.80812","1310.6","WINNEMUCCA AIRPORT, NV US","       3.4","W","    307.6","","     307.6","W","        71","W","        30","W","         1","W","       33","","         5","W","         4","W","       183","W","        14","W","       166","W","        66","W","        55"," ","         5"," ","        14"," ","  -24.9","W,0101, ","    80"," ,W,1225,+","    86"," ,W,0130, ","  29.2"," ,W,1028, ","   40.0","W,0729, ","-0.5","W,0905","-4.9","W,1002","-4.9","W,1002","-10.5","W,1117","-10.5","W,1117","-3.8","W,0616","-3.8","W,0616","-5.5","W,0417","-7.1","W,0416","-9.9","W,0326","    3189.7","7","    3189.7","W","    238.1"," ,W","","","      474"," ,W","     10.25","W","     19.46","W","      1.04","W","","","       270","W","       260","W","","","","","      17.4","W","      26.4","W","","","",""
"USW00024128","2017","40.90178","-117.80812","1310.6","WINNEMUCCA AIRPORT, NV US","       3.4","W","    502.9","","     502.9","W","        80","W","        31","W","         0","W","       27","","         5","W","         2","W","       166","W","        11","W","       156","W","        83","W","        63"," ","         3"," ","        15"," ","  -21.6","W,0106, ","   100"," ,W,0103, ","    64"," ,W,0123, ","  19.8"," ,W,0612, ","   40.0","W,0803,+","-2.1","W,0916","-2.7","W,0922","-6.6","W,0923","-9.9","W,1009","-9.9","W,1009","-0.5","W,0527","-3.2","W,0514","-7.7","W,0429","-7.7","W,0429","-10.5","W,0224","    3368.6","6","    3368.6","W","    214.1"," ,W","","","      377"," ,W","     10.48","W","     19.63","W","      1.34","W","","","       270","W","       200","W","","","","","      20.1","W","      26.4","W","","","",""
"USW00024128","2018","40.90178","-117.80812","1310.6","WINNEMUCCA AIRPORT, NV US","       3.2","W","    421.6","","     421.6","W","        71","W","        34","W","         1","W","       40","","        13","W","         0","W","       184","W","        11","W","       169","W","        72","W","        53"," ","         8"," ","        19"," ","  -17.7","W,0220, ","   200"," ,W,0317, ","   221"," ,W,0316, ","  29.2"," ,W,1224, ","   41.7","W,0809, ","-1.6","W,0916","-2.7","W,0926","-5.5","W,1012","-9.9","W,1015","-9.9","W,1015","-0.5","W,0610","-3.2","W,0501","-4.9","W,0430","-7.1","W,0403","-9.3","W,0318","    3211.1","1","    3211.1","W","    250.1"," ,W","","","      968"," ,W","     10.45","W","     20.03","W","      0.86","W","","","       230","W","       220","W","","","","","      21.0","W","      26.8","W","","","",""
"USW00024128","2019","40.90178","-117.80812","1310.6","WINNEMUCCA AIRPORT, NV US","       3.2","W","    309.5","","     309.5","W","        92","W","        38","W","         0","W","       28","","        14","W","         1","W","       169","W","         9","W","       150","W","        64","W","        65"," ","        12"," ","        16"," ","  -18.8","W,1030, ","   130"," ,W,0212,+","   130"," ,W,0210, ","  11.7"," ,W,0120, ","   38.3","W,0828,+","-3.2","W,0928","-3.2","W,0928","-6.6","W,1001","-12.1","W,1010","-12.1","W,1010","-2.1","W,0608","-5.5","W,0501","-5.5","W,0501","-10.5","W,0314","-10.5","W,0314","    3422.3","3","    3422.3","W","    258.5"," ,W","","","      863"," ,W","      9.74","W","     18.65","W","      0.84","W","","","       180","W","       160","W","","","","","      17.9","W","      25.0","W","","","",""
"USW00024128","2020","40.90178","-117.80812","1310.6","WINNEMUCCA AIRPORT, NV US","       3.2","W","    482.5","","     482.5","W","        67","W","        21","W","         0","W","       18","","         5","W","         0","W","       190","W","         3","W","       185","W","        91","W","        35"," ","         5"," ","        21"," ","  -16.6","W,0204, ","   100"," ,W,1108, ","   175"," ,W,1107, ","  22.4"," ,W,1107, ","   40.6","W,0730, ","0.0","W,0909","-3.8","W,1016","-8.8","W,1023","-8.8","W,1023","-16.0","W,1026","-0.5","W,0608","-2.7","W,0523","-4.9","W,0504","-11.6","W,0414","-11.6","W,0414","    3357.8","8","    3357.8","W","    178.6"," ,W","","","      496"," ,W","     10.88","W","     20.92","W","      0.83","W","","","       150","W","       210","W","","","","","      17.4","W","      22.8","W","","","",""
"USW00024128","2021","40.90178","-117.80812","1310.6","WINNEMUCCA AIRPORT, NV US","       3.3","W","    570.6","","     570.6","W","        83","W","        32","W","         1","W","       26","","        14","W","         0","W","       173","W","         8","W","       167","W","        82","W","        53"," ","         5"," ","        14"," ","  -17.7","W,1218, ","   250"," ,W,1230, ","   150"," ,W,1214, ","  26.4"," ,W,1024, ","   41.7","W,0712,+","-1.0","W,0920","-4.9","W,0929","-4.9","W,0929","-7.1","W,1121","-9.3","W,1122","-1.6","W,0520","-3.2","W,0509","-5.5","W,0428","-11.0","W,0406","-11.0","W,0406","    3180.6","6","    3180.6","W","    268.4"," ,W","","","     1103"," ,W","     11.14","W","     20.50","W","      1.78","W","","","       150","W","       220","W","","","","","      17.9","W","      24.6","W","","","",""
"USW00024128","2022","40.90178","-117.80812","1310.6","WINNEMUCCA AIRPORT, NV US","       3.2","W","    541.3","","     541.3","W","        57","W","        27","W","         1","W","       31","","        10","W","         3","W","       193","W","         9","W","       169","W","        86","W","        47"," ","         6"," ","        12"," ","  -19.3","W,0102,+","   150"," ,W,0103,+","   188"," ,W,0305, ","  28.7"," ,W,1230, ","   41.1","W,0906, ","0.0","W,0922","-2.7","W,1015","-5.5","W,1024","-7.7","W,1028","-11.0","W,1110","-1.6","W,0620","-3.2","W,0614","-6.6","W,0424","-7.7","W,0413","-9.3","W,0410","    3305.0","0","    3305.0","W","    179.6"," ,W","","","      760"," ,W","     10.41","W","     20.07","W","      0.74","W","","","       280","W","       250","W","","","","","      19.7","W","      29.1","W","","","",""
"USW00024128","2023","40.90178","-117.80812","1310.6","WINNEMUCCA AIRPORT, NV US","       3.3","W","    363.6","","     363.6","W","        81","W","        22","W","         1","W","       14","","         6","W","         0","W","       167","W","         7","W","       166","W","        57","W","        49"," ","         1"," ","        39"," ","  -17.1","W,0121, ","   150"," ,W,0329, ","   117"," ,W,0329, ","  25.4"," ,W,0903, ","   41.1","W,0722, ","-2.7","W,0923","-2.7","W,0923","-6.0","W,1026","-9.9","W,1027","-9.9","W,1027","-0.5","W,0620","-3.8","W,0426","-9.3","W,0420","-9.3","W,0420","-9.3","W,0420","    3476.9","9","    3476.9","W","    221.5"," ,W","","","      603"," ,W","     10.16","W","     18.96","W","      1.37","W","","","        10","W","       210","W","","","","","      17.4","W","      26.4","W","","","",""
"USW00024128","2024","40.90178","-117.80812","1310.6","WINNEMUCCA AIRPORT, NV US","       3.3","W","    460.8","","     460.8","W","        77","W","        39","W","         0","W","       19","","         8","W","         0","W","       153","W","         3","W","       172","W","        83","W","        51"," ","         6"," ","         7"," ","  -15.5","W,1210, ","   150"," ,W,0407, ","   132"," ,W,0405, ","  20.6"," ,W,0404, ","   42.2","W,0802,+","0.0","W,1001","-3.2","W,1018","-5.5","W,1019","-7.1","W,1025","-9.3","W,1106","-1.0","W,0526","-3.2","W,0523","-7.7","W,0508","-7.7","W,0508","-9.3","W,0227","    3062.5","5","    3062.5","W","    283.3"," ,W","","","      794"," ,W","     11.19","W","     20.51","W","      1.86","W","","","       230","W","       270","W","","","","","      17.9","W","      26.4","W","","","",""
"USW00024128","2025","40.90178","-117.80812","1310.6","WINNEMUCCA AIRPORT, NV US","","","","","","","","","","","","","","","","","","","","","","","","","","","         9"," ","         1"," ","         1"," ","","","","","","","","","","","","","","","","","","","","","","","","","","","","","","","","","","","","","","","","","","","","","","","","","","","","","","","","","","","","","","","",""
